model,split,topk_pct,topk_label,k,precision_at_k,fdr_at_k,recall_at_k,lift_at_k,fp_per_tp_at_k,fraud_prevalence,captured_frauds
hyperparameter_tuned | XGBoost,validation,0.005,top_0.5pct,541,0.35304990757855825,0.6469500924214417,0.1317241379310345,26.33703613997068,1.8324607329842932,0.013405073589231566,191
hyperparameter_tuned | XGBoost,validation,0.01,top_1.0pct,1082,0.26709796672828096,0.7329020332717191,0.1993103448275862,19.92513990694117,2.7439446366782008,0.013405073589231566,289
hyperparameter_tuned | XGBoost,validation,0.02,top_2.0pct,2164,0.2088724584103512,0.7911275415896488,0.3117241379310345,15.581597297469564,3.7876106194690267,0.013405073589231566,452
hyperparameter_tuned | XGBoost,validation,0.05,top_5.0pct,5409,0.13514512848955446,0.8648548715104456,0.5041379310344828,10.081640178246984,6.399452804377565,0.013405073589231566,731
hyperparameter_tuned | XGBoost,validation,0.1,top_10.0pct,10817,0.08837940279190164,0.9116205972080984,0.6593103448275862,6.592981545651321,10.314853556485355,0.013405073589231566,956
hyperparameter_tuned | XGBoost,test,0.005,top_0.5pct,485,0.3979381443298969,0.6020618556701032,0.13515406162464985,26.987061422507146,1.5129533678756477,0.014745515938167962,193
hyperparameter_tuned | XGBoost,test,0.01,top_1.0pct,969,0.3188854489164087,0.6811145510835913,0.21638655462184875,21.625926841324766,2.1359223300970873,0.014745515938167962,309
hyperparameter_tuned | XGBoost,test,0.02,top_2.0pct,1937,0.2509034589571502,0.7490965410428498,0.3403361344537815,17.015576803772618,2.98559670781893,0.014745515938167962,486
hyperparameter_tuned | XGBoost,test,0.05,top_5.0pct,4843,0.1608507123683667,0.8391492876316333,0.5455182072829131,10.908449256225307,5.2169448010269575,0.014745515938167962,779
hyperparameter_tuned | XGBoost,test,0.1,top_10.0pct,9685,0.09870934434692824,0.9012906556530718,0.6694677871148459,6.694194001813425,9.130753138075313,0.014745515938167962,956
advanced_gate | CatBoost,validation,0.005,top_0.5pct,541,0.3512014787430684,0.6487985212569316,0.1310344827586207,26.19914589840015,1.8473684210526315,0.013405073589231566,190
advanced_gate | CatBoost,validation,0.01,top_1.0pct,1082,0.2735674676524954,0.7264325323475046,0.20413793103448277,20.407755752438014,2.6554054054054053,0.013405073589231566,296
advanced_gate | CatBoost,validation,0.02,top_2.0pct,2164,0.21164510166358594,0.788354898336414,0.3158620689655172,15.788432659825354,3.7248908296943233,0.013405073589231566,458
advanced_gate | CatBoost,validation,0.05,top_5.0pct,5409,0.13422074320576816,0.8657792567942318,0.5006896551724138,10.01268231109071,6.450413223140496,0.013405073589231566,726
advanced_gate | CatBoost,validation,0.1,top_10.0pct,10817,0.08828695571785153,0.9117130442821485,0.6586206896551724,6.586085121440389,10.326701570680628,0.013405073589231566,955
advanced_gate | CatBoost,test,0.005,top_0.5pct,485,0.4,0.6,0.13585434173669467,27.126890756302522,1.5,0.014745515938167962,194
advanced_gate | CatBoost,test,0.01,top_1.0pct,969,0.32610939112487103,0.673890608875129,0.22128851540616246,22.11583456912177,2.0664556962025316,0.014745515938167962,316
advanced_gate | CatBoost,test,0.02,top_2.0pct,1937,0.2550335570469799,0.7449664429530201,0.34593837535014005,17.295668603011677,2.9210526315789473,0.014745515938167962,494
advanced_gate | CatBoost,test,0.05,top_5.0pct,4843,0.15878587652281645,0.8412141234771835,0.538515406162465,10.768417815195457,5.29778933680104,0.014745515938167962,769
advanced_gate | CatBoost,test,0.1,top_10.0pct,9685,0.10056788848735157,0.8994321115126485,0.6820728291316527,6.820235311471,8.9435318275154,0.014745515938167962,974
balance_gate | XGBoost | class_weight,validation,0.005,top_0.5pct,541,0.3419593345656192,0.6580406654343808,0.12758620689655173,25.509694690547516,1.9243243243243244,0.013405073589231566,185
balance_gate | XGBoost | class_weight,validation,0.01,top_1.0pct,1082,0.2698706099815157,0.7301293900184843,0.2013793103448276,20.131975269296955,2.7054794520547945,0.013405073589231566,292
balance_gate | XGBoost | class_weight,validation,0.02,top_2.0pct,2164,0.2111829944547135,0.7888170055452866,0.31517241379310346,15.753960099432723,3.735229759299781,0.013405073589231566,457
balance_gate | XGBoost | class_weight,validation,0.05,top_5.0pct,5409,0.13163246441116658,0.8683675355888334,0.4910344827586207,9.819600283053148,6.59691011235955,0.013405073589231566,712
balance_gate | XGBoost | class_weight,validation,0.1,top_10.0pct,10817,0.08800961449570122,0.9119903855042988,0.6565517241379311,6.565395848807592,10.362394957983193,0.013405073589231566,952
balance_gate | XGBoost | class_weight,test,0.005,top_0.5pct,485,0.3917525773195876,0.6082474226804124,0.1330532212885154,26.567573421121025,1.5526315789473684,0.014745515938167962,190
balance_gate | XGBoost | class_weight,test,0.01,top_1.0pct,969,0.3075335397316821,0.6924664602683179,0.20868347338935575,20.856071840500906,2.251677852348993,0.014745515938167962,298
balance_gate | XGBoost | class_weight,test,0.02,top_2.0pct,1937,0.24006195147134746,0.7599380485286525,0.32563025210084034,16.2803358307701,3.1655913978494623,0.014745515938167962,465
balance_gate | XGBoost | class_weight,test,0.05,top_5.0pct,4843,0.15878587652281645,0.8412141234771835,0.538515406162465,10.768417815195457,5.29778933680104,0.014745515938167962,769
balance_gate | XGBoost | class_weight,test,0.1,top_10.0pct,9685,0.10046463603510583,0.8995353639648942,0.6813725490196079,6.813233016490024,8.953751284686536,0.014745515938167962,973
baseline | XGBoost,validation,0.005,top_0.5pct,541,0.3419593345656192,0.6580406654343808,0.12758620689655173,25.509694690547516,1.9243243243243244,0.013405073589231566,185
baseline | XGBoost,validation,0.01,top_1.0pct,1082,0.2698706099815157,0.7301293900184843,0.2013793103448276,20.131975269296955,2.7054794520547945,0.013405073589231566,292
baseline | XGBoost,validation,0.02,top_2.0pct,2164,0.2111829944547135,0.7888170055452866,0.31517241379310346,15.753960099432723,3.735229759299781,0.013405073589231566,457
baseline | XGBoost,validation,0.05,top_5.0pct,5409,0.13163246441116658,0.8683675355888334,0.4910344827586207,9.819600283053148,6.59691011235955,0.013405073589231566,712
baseline | XGBoost,validation,0.1,top_10.0pct,10817,0.08800961449570122,0.9119903855042988,0.6565517241379311,6.565395848807592,10.362394957983193,0.013405073589231566,952
baseline | XGBoost,test,0.005,top_0.5pct,485,0.3917525773195876,0.6082474226804124,0.1330532212885154,26.567573421121025,1.5526315789473684,0.014745515938167962,190
baseline | XGBoost,test,0.01,top_1.0pct,969,0.3075335397316821,0.6924664602683179,0.20868347338935575,20.856071840500906,2.251677852348993,0.014745515938167962,298
baseline | XGBoost,test,0.02,top_2.0pct,1937,0.24006195147134746,0.7599380485286525,0.32563025210084034,16.2803358307701,3.1655913978494623,0.014745515938167962,465
baseline | XGBoost,test,0.05,top_5.0pct,4843,0.15878587652281645,0.8412141234771835,0.538515406162465,10.768417815195457,5.29778933680104,0.014745515938167962,769
baseline | XGBoost,test,0.1,top_10.0pct,9685,0.10046463603510583,0.8995353639648942,0.6813725490196079,6.813233016490024,8.953751284686536,0.014745515938167962,973
baseline | CatBoost,validation,0.005,top_0.5pct,541,0.3567467652495379,0.643253234750462,0.13310344827586207,26.612816623111733,1.8031088082901554,0.013405073589231566,193
baseline | CatBoost,validation,0.01,top_1.0pct,1082,0.2754158964879852,0.7245841035120149,0.20551724137931035,20.545645994008538,2.6308724832214767,0.013405073589231566,298
baseline | CatBoost,validation,0.02,top_2.0pct,2164,0.2144177449168207,0.7855822550831792,0.32,15.995268022181145,3.663793103448276,0.013405073589231566,464
baseline | CatBoost,validation,0.05,top_5.0pct,5409,0.13385098909225365,0.8661490109077463,0.4993103448275862,9.985099164228203,6.470994475138122,0.013405073589231566,724
baseline | CatBoost,validation,0.1,top_10.0pct,10817,0.08837940279190164,0.9116205972080984,0.6593103448275862,6.592981545651321,10.314853556485355,0.013405073589231566,956
baseline | CatBoost,test,0.005,top_0.5pct,485,0.40824742268041236,0.5917525773195876,0.13865546218487396,27.686208091484016,1.4494949494949494,0.014745515938167962,198
baseline | CatBoost,test,0.01,top_1.0pct,969,0.31991744066047473,0.6800825593395252,0.21708683473389356,21.695913659581482,2.1258064516129034,0.014745515938167962,310
baseline | CatBoost,test,0.02,top_2.0pct,1937,0.2555498193082086,0.7444501806917914,0.34663865546218486,17.330680077916558,2.9131313131313132,0.014745515938167962,495
baseline | CatBoost,test,0.05,top_5.0pct,4843,0.15981829444559156,0.8401817055544084,0.542016806722689,10.838433535710381,5.257105943152455,0.014745515938167962,774
baseline | CatBoost,test,0.1,top_10.0pct,9685,0.10025813113061435,0.8997418688693857,0.6799719887955182,6.799228426528071,8.97425334706488,0.014745515938167962,971
anomaly_recency_gate | XGBoost | full_0_5 | with_isolation_forest_anomaly_score,validation,0.005,top_0.5pct,541,0.34750462107208874,0.6524953789279113,0.1296551724137931,25.9233654152591,1.877659574468085,0.013405073589231566,188
anomaly_recency_gate | XGBoost | full_0_5 | with_isolation_forest_anomaly_score,validation,0.01,top_1.0pct,1082,0.27264325323475047,0.7273567467652495,0.20344827586206896,20.33881063165275,2.6677966101694914,0.013405073589231566,295
anomaly_recency_gate | XGBoost | full_0_5 | with_isolation_forest_anomaly_score,validation,0.02,top_2.0pct,2164,0.2024029574861368,0.7975970425138632,0.3020689655172414,15.098981451972719,3.9406392694063928,0.013405073589231566,438
anomaly_recency_gate | XGBoost | full_0_5 | with_isolation_forest_anomaly_score,validation,0.05,top_5.0pct,5409,0.13292660380846738,0.8670733961915327,0.49586206896551727,9.916141297071931,6.522948539638387,0.013405073589231566,719
anomaly_recency_gate | XGBoost | full_0_5 | with_isolation_forest_anomaly_score,validation,0.1,top_10.0pct,10817,0.08810206156975131,0.9118979384302487,0.6572413793103449,6.572292273018523,10.350472193074502,0.013405073589231566,953
anomaly_recency_gate | XGBoost | full_0_5 | with_isolation_forest_anomaly_score,test,0.005,top_0.5pct,485,0.3752577319587629,0.6247422680412371,0.12745098039215685,25.448938750758035,1.664835164835165,0.014745515938167962,182
anomaly_recency_gate | XGBoost | full_0_5 | with_isolation_forest_anomaly_score,test,0.01,top_1.0pct,969,0.32094943240454077,0.6790505675954592,0.21778711484593838,21.765900477838194,2.1157556270096465,0.014745515938167962,311
anomaly_recency_gate | XGBoost | full_0_5 | with_isolation_forest_anomaly_score,test,0.02,top_2.0pct,1937,0.24574083634486318,0.7542591636551368,0.3333333333333333,16.6654620547238,3.069327731092437,0.014745515938167962,476
anomaly_recency_gate | XGBoost | full_0_5 | with_isolation_forest_anomaly_score,test,0.05,top_5.0pct,4843,0.16105719595292176,0.8389428040470782,0.5462184873949579,10.922452400328293,5.208974358974359,0.014745515938167962,780
anomaly_recency_gate | XGBoost | full_0_5 | with_isolation_forest_anomaly_score,test,0.1,top_10.0pct,9685,0.10056788848735157,0.8994321115126485,0.6820728291316527,6.820235311471,8.9435318275154,0.014745515938167962,974
anomaly_recency_gate | XGBoost | full_0_5 | without_anomaly_scores,validation,0.005,top_0.5pct,541,0.3345656192236599,0.6654343807763401,0.12482758620689655,24.95813372426541,1.988950276243094,0.013405073589231566,181
anomaly_recency_gate | XGBoost | full_0_5 | without_anomaly_scores,validation,0.01,top_1.0pct,1082,0.2754158964879852,0.7245841035120149,0.20551724137931035,20.545645994008538,2.6308724832214767,0.013405073589231566,298
anomaly_recency_gate | XGBoost | full_0_5 | without_anomaly_scores,validation,0.02,top_2.0pct,2164,0.2111829944547135,0.7888170055452866,0.31517241379310346,15.753960099432723,3.735229759299781,0.013405073589231566,457
anomaly_recency_gate | XGBoost | full_0_5 | without_anomaly_scores,validation,0.05,top_5.0pct,5409,0.1301534479571085,0.8698465520428915,0.48551724137931035,9.709267695603112,6.683238636363637,0.013405073589231566,704
anomaly_recency_gate | XGBoost | full_0_5 | without_anomaly_scores,validation,0.1,top_10.0pct,10817,0.08856429694000185,0.9114357030599981,0.6606896551724138,6.606774394073186,10.291231732776618,0.013405073589231566,958
anomaly_recency_gate | XGBoost | full_0_5 | without_anomaly_scores,test,0.005,top_0.5pct,485,0.38969072164948454,0.6103092783505155,0.1323529411764706,26.427744087325653,1.566137566137566,0.014745515938167962,189
anomaly_recency_gate | XGBoost | full_0_5 | without_anomaly_scores,test,0.01,top_1.0pct,969,0.30856553147574817,0.6914344685242518,0.20938375350140057,20.92605865875762,2.240802675585284,0.014745515938167962,299
anomaly_recency_gate | XGBoost | full_0_5 | without_anomaly_scores,test,0.02,top_2.0pct,1937,0.2447083118224058,0.7552916881775942,0.3319327731092437,16.595439104914036,3.086497890295359,0.014745515938167962,474
anomaly_recency_gate | XGBoost | full_0_5 | without_anomaly_scores,test,0.05,top_5.0pct,4843,0.15878587652281645,0.8412141234771835,0.538515406162465,10.768417815195457,5.29778933680104,0.014745515938167962,769
anomaly_recency_gate | XGBoost | full_0_5 | without_anomaly_scores,test,0.1,top_10.0pct,9685,0.10108415074858028,0.8989158492514198,0.6855742296918768,6.855246786375883,8.892747701736466,0.014745515938167962,979
advanced_gate | XGBoost,validation,0.005,top_0.5pct,541,0.3345656192236599,0.6654343807763401,0.12482758620689655,24.95813372426541,1.988950276243094,0.013405073589231566,181
advanced_gate | XGBoost,validation,0.01,top_1.0pct,1082,0.2754158964879852,0.7245841035120149,0.20551724137931035,20.545645994008538,2.6308724832214767,0.013405073589231566,298
advanced_gate | XGBoost,validation,0.02,top_2.0pct,2164,0.2111829944547135,0.7888170055452866,0.31517241379310346,15.753960099432723,3.735229759299781,0.013405073589231566,457
advanced_gate | XGBoost,validation,0.05,top_5.0pct,5409,0.1301534479571085,0.8698465520428915,0.48551724137931035,9.709267695603112,6.683238636363637,0.013405073589231566,704
advanced_gate | XGBoost,validation,0.1,top_10.0pct,10817,0.08856429694000185,0.9114357030599981,0.6606896551724138,6.606774394073186,10.291231732776618,0.013405073589231566,958
advanced_gate | XGBoost,test,0.005,top_0.5pct,485,0.38969072164948454,0.6103092783505155,0.1323529411764706,26.427744087325653,1.566137566137566,0.014745515938167962,189
advanced_gate | XGBoost,test,0.01,top_1.0pct,969,0.30856553147574817,0.6914344685242518,0.20938375350140057,20.92605865875762,2.240802675585284,0.014745515938167962,299
advanced_gate | XGBoost,test,0.02,top_2.0pct,1937,0.2447083118224058,0.7552916881775942,0.3319327731092437,16.595439104914036,3.086497890295359,0.014745515938167962,474
advanced_gate | XGBoost,test,0.05,top_5.0pct,4843,0.15878587652281645,0.8412141234771835,0.538515406162465,10.768417815195457,5.29778933680104,0.014745515938167962,769
advanced_gate | XGBoost,test,0.1,top_10.0pct,9685,0.10108415074858028,0.8989158492514198,0.6855742296918768,6.855246786375883,8.892747701736466,0.014745515938167962,979
hyperparameter_tuned | CatBoost,validation,0.005,top_0.5pct,541,0.34935304990757854,0.6506469500924215,0.13034482758620689,26.061255656829623,1.8624338624338623,0.013405073589231566,189
hyperparameter_tuned | CatBoost,validation,0.01,top_1.0pct,1082,0.266173752310536,0.7338262476894639,0.1986206896551724,19.856194786155903,2.7569444444444446,0.013405073589231566,288
hyperparameter_tuned | CatBoost,validation,0.02,top_2.0pct,2164,0.20471349353049909,0.7952865064695009,0.30551724137931036,15.27134425393588,3.884875846501129,0.013405073589231566,443
hyperparameter_tuned | CatBoost,validation,0.05,top_5.0pct,5409,0.13163246441116658,0.8683675355888334,0.4910344827586207,9.819600283053148,6.59691011235955,0.013405073589231566,712
hyperparameter_tuned | CatBoost,validation,0.1,top_10.0pct,10817,0.0863455671627993,0.9136544328372007,0.6441379310344828,6.44126021301081,10.5813704496788,0.013405073589231566,934
hyperparameter_tuned | CatBoost,test,0.005,top_0.5pct,485,0.3917525773195876,0.6082474226804124,0.1330532212885154,26.567573421121025,1.5526315789473684,0.014745515938167962,190
hyperparameter_tuned | CatBoost,test,0.01,top_1.0pct,969,0.31475748194014447,0.6852425180598556,0.21358543417366946,21.345979568297906,2.177049180327869,0.014745515938167962,305
hyperparameter_tuned | CatBoost,test,0.02,top_2.0pct,1937,0.2462570986060919,0.7537429013939081,0.33403361344537813,16.70047352962868,3.060796645702306,0.014745515938167962,477
hyperparameter_tuned | CatBoost,test,0.05,top_5.0pct,4843,0.15506917200082593,0.8449308279991741,0.5259103641456583,10.516361221341727,5.448735019973369,0.014745515938167962,751
hyperparameter_tuned | CatBoost,test,0.1,top_10.0pct,9685,0.09747031491997935,0.9025296850800206,0.6610644257703081,6.610166462041708,9.259533898305085,0.014745515938167962,944
anomaly_recency_gate | XGBoost | recent_3_5 | with_isolation_forest_anomaly_score,validation,0.005,top_0.5pct,541,0.3585951940850277,0.6414048059149723,0.13379310344827586,26.75070686468226,1.788659793814433,0.013405073589231566,194
anomaly_recency_gate | XGBoost | recent_3_5 | with_isolation_forest_anomaly_score,validation,0.01,top_1.0pct,1082,0.27264325323475047,0.7273567467652495,0.20344827586206896,20.33881063165275,2.6677966101694914,0.013405073589231566,295
anomaly_recency_gate | XGBoost | recent_3_5 | with_isolation_forest_anomaly_score,validation,0.02,top_2.0pct,2164,0.20194085027726433,0.7980591497227356,0.30137931034482757,15.064508891580088,3.9519450800915332,0.013405073589231566,437
anomaly_recency_gate | XGBoost | recent_3_5 | with_isolation_forest_anomaly_score,validation,0.05,top_5.0pct,5409,0.1307080791273803,0.8692919208726197,0.48758620689655174,9.750642415896877,6.6506364922206505,0.013405073589231566,707
anomaly_recency_gate | XGBoost | recent_3_5 | with_isolation_forest_anomaly_score,validation,0.1,top_10.0pct,10817,0.087824720347601,0.912175279652399,0.6551724137931034,6.551603000385727,10.386315789473684,0.013405073589231566,950
anomaly_recency_gate | XGBoost | recent_3_5 | with_isolation_forest_anomaly_score,test,0.005,top_0.5pct,485,0.37938144329896906,0.6206185567010309,0.12885154061624648,25.728597418348784,1.6358695652173914,0.014745515938167962,184
anomaly_recency_gate | XGBoost | recent_3_5 | with_isolation_forest_anomaly_score,test,0.01,top_1.0pct,969,0.3126934984520124,0.6873065015479876,0.21218487394957983,21.20600593178448,2.198019801980198,0.014745515938167962,303
anomaly_recency_gate | XGBoost | recent_3_5 | with_isolation_forest_anomaly_score,test,0.02,top_2.0pct,1937,0.24574083634486318,0.7542591636551368,0.3333333333333333,16.6654620547238,3.069327731092437,0.014745515938167962,476
anomaly_recency_gate | XGBoost | recent_3_5 | with_isolation_forest_anomaly_score,test,0.05,top_5.0pct,4843,0.1563080735081561,0.8436919264918439,0.5301120448179272,10.600380085959637,5.397622192866579,0.014745515938167962,757
anomaly_recency_gate | XGBoost | recent_3_5 | with_isolation_forest_anomaly_score,test,0.1,top_10.0pct,9685,0.09922560660815695,0.9007743933918431,0.6729691876750701,6.729205476718308,9.078043704474506,0.014745515938167962,961
anomaly_recency_gate | XGBoost | recent_3_5 | without_anomaly_scores,validation,0.005,top_0.5pct,541,0.3438077634011091,0.6561922365988909,0.12827586206896552,25.647584932118043,1.9086021505376345,0.013405073589231566,186
anomaly_recency_gate | XGBoost | recent_3_5 | without_anomaly_scores,validation,0.01,top_1.0pct,1082,0.26524953789279115,0.7347504621072088,0.19793103448275862,19.78724966537064,2.770034843205575,0.013405073589231566,287
anomaly_recency_gate | XGBoost | recent_3_5 | without_anomaly_scores,validation,0.02,top_2.0pct,2164,0.2024029574861368,0.7975970425138632,0.3020689655172414,15.098981451972719,3.9406392694063928,0.013405073589231566,438
anomaly_recency_gate | XGBoost | recent_3_5 | without_anomaly_scores,validation,0.05,top_5.0pct,5409,0.1314475873544093,0.8685524126455907,0.4903448275862069,9.805808709621894,6.6075949367088604,0.013405073589231566,711
anomaly_recency_gate | XGBoost | recent_3_5 | without_anomaly_scores,validation,0.1,top_10.0pct,10817,0.08717759082925025,0.9128224091707497,0.6503448275862069,6.5033280309092,10.470837751855779,0.013405073589231566,943
anomaly_recency_gate | XGBoost | recent_3_5 | without_anomaly_scores,test,0.005,top_0.5pct,485,0.3752577319587629,0.6247422680412371,0.12745098039215685,25.448938750758035,1.664835164835165,0.014745515938167962,182
anomaly_recency_gate | XGBoost | recent_3_5 | without_anomaly_scores,test,0.01,top_1.0pct,969,0.30030959752321984,0.6996904024767802,0.20378151260504201,20.366164112703906,2.329896907216495,0.014745515938167962,291
anomaly_recency_gate | XGBoost | recent_3_5 | without_anomaly_scores,test,0.02,top_2.0pct,1937,0.23902942694889004,0.7609705730511099,0.3242296918767507,16.210312880960334,3.183585313174946,0.014745515938167962,463
anomaly_recency_gate | XGBoost | recent_3_5 | without_anomaly_scores,test,0.05,top_5.0pct,4843,0.1548626884162709,0.8451373115837291,0.5252100840336135,10.502358077238743,5.457333333333334,0.014745515938167962,750
anomaly_recency_gate | XGBoost | recent_3_5 | without_anomaly_scores,test,0.1,top_10.0pct,9685,0.09974186886938564,0.9002581311306144,0.6764705882352942,6.764216951623189,9.025879917184264,0.014745515938167962,966
balance_gate | XGBoost | random_oversampling,validation,0.005,top_0.5pct,541,0.34011090573012936,0.6598890942698706,0.12689655172413794,25.371804448976988,1.940217391304348,0.013405073589231566,184
balance_gate | XGBoost | random_oversampling,validation,0.01,top_1.0pct,1082,0.25970425138632164,0.7402957486136783,0.19379310344827586,19.373578940659062,2.8505338078291813,0.013405073589231566,281
balance_gate | XGBoost | random_oversampling,validation,0.02,top_2.0pct,2164,0.21025878003696857,0.7897412199630314,0.3137931034482759,15.685014978647459,3.756043956043956,0.013405073589231566,455
balance_gate | XGBoost | random_oversampling,validation,0.05,top_5.0pct,5409,0.13218709558143835,0.8678129044185616,0.49310344827586206,9.860975003346912,6.565034965034965,0.013405073589231566,715
balance_gate | XGBoost | random_oversampling,validation,0.1,top_10.0pct,10817,0.08606822594064897,0.913931774059351,0.6420689655172414,6.4205709403780125,10.618689581095596,0.013405073589231566,931
balance_gate | XGBoost | random_oversampling,test,0.005,top_0.5pct,485,0.3628865979381443,0.6371134020618556,0.12324929971988796,24.60996274798579,1.7556818181818181,0.014745515938167962,176
balance_gate | XGBoost | random_oversampling,test,0.01,top_1.0pct,969,0.2930856553147575,0.7069143446852425,0.19887955182072828,19.876256384906906,2.4119718309859155,0.014745515938167962,284
balance_gate | XGBoost | random_oversampling,test,0.02,top_2.0pct,1937,0.22560660815694372,0.7743933918430563,0.30602240896358546,15.300014533433405,3.4324942791762014,0.014745515938167962,437
balance_gate | XGBoost | random_oversampling,test,0.05,top_5.0pct,4843,0.15383027049349576,0.8461697295065043,0.5217086834733894,10.432342356723817,5.500671140939597,0.014745515938167962,745
balance_gate | XGBoost | random_oversampling,test,0.1,top_10.0pct,9685,0.09881259679917398,0.901187403200826,0.6701680672268907,6.701196296794402,9.120167189132706,0.014745515938167962,957
anomaly_recency_gate | XGBoost | full_0_5_recency_weighted | without_anomaly_scores,validation,0.005,top_0.5pct,541,0.33271719038817005,0.66728280961183,0.12413793103448276,24.82024348269488,2.0055555555555555,0.013405073589231566,180
anomaly_recency_gate | XGBoost | full_0_5_recency_weighted | without_anomaly_scores,validation,0.01,top_1.0pct,1082,0.2643253234750462,0.7356746765249538,0.19724137931034483,19.71830454458538,2.7832167832167833,0.013405073589231566,286
anomaly_recency_gate | XGBoost | full_0_5_recency_weighted | without_anomaly_scores,validation,0.02,top_2.0pct,2164,0.20517560073937152,0.7948243992606285,0.3062068965517241,15.305816814328509,3.873873873873874,0.013405073589231566,444
anomaly_recency_gate | XGBoost | full_0_5_recency_weighted | without_anomaly_scores,validation,0.05,top_5.0pct,5409,0.1323719726381956,0.8676280273618044,0.49379310344827587,9.874766576778168,6.554469273743017,0.013405073589231566,716
anomaly_recency_gate | XGBoost | full_0_5_recency_weighted | without_anomaly_scores,validation,0.1,top_10.0pct,10817,0.08810206156975131,0.9118979384302487,0.6572413793103449,6.572292273018523,10.350472193074502,0.013405073589231566,953
anomaly_recency_gate | XGBoost | full_0_5_recency_weighted | without_anomaly_scores,test,0.005,top_0.5pct,485,0.37938144329896906,0.6206185567010309,0.12885154061624648,25.728597418348784,1.6358695652173914,0.014745515938167962,184
anomaly_recency_gate | XGBoost | full_0_5_recency_weighted | without_anomaly_scores,test,0.01,top_1.0pct,969,0.31166150670794635,0.6883384932920537,0.211484593837535,21.136019113527766,2.2086092715231787,0.014745515938167962,302
anomaly_recency_gate | XGBoost | full_0_5_recency_weighted | without_anomaly_scores,test,0.02,top_2.0pct,1937,0.2447083118224058,0.7552916881775942,0.3319327731092437,16.595439104914036,3.086497890295359,0.014745515938167962,474
anomaly_recency_gate | XGBoost | full_0_5_recency_weighted | without_anomaly_scores,test,0.05,top_5.0pct,4843,0.15961181086103654,0.8403881891389635,0.5413165266106442,10.824430391607397,5.265200517464424,0.014745515938167962,773
anomaly_recency_gate | XGBoost | full_0_5_recency_weighted | without_anomaly_scores,test,0.1,top_10.0pct,9685,0.10170366546205473,0.8982963345379453,0.6897759103641457,6.897260556261741,8.83248730964467,0.014745515938167962,985
anomaly_recency_gate | XGBoost | full_0_5_recency_weighted | with_isolation_forest_anomaly_score,validation,0.005,top_0.5pct,541,0.34011090573012936,0.6598890942698706,0.12689655172413794,25.371804448976988,1.940217391304348,0.013405073589231566,184
anomaly_recency_gate | XGBoost | full_0_5_recency_weighted | with_isolation_forest_anomaly_score,validation,0.01,top_1.0pct,1082,0.26709796672828096,0.7329020332717191,0.1993103448275862,19.92513990694117,2.7439446366782008,0.013405073589231566,289
anomaly_recency_gate | XGBoost | full_0_5_recency_weighted | with_isolation_forest_anomaly_score,validation,0.02,top_2.0pct,2164,0.20055452865064696,0.7994454713493531,0.2993103448275862,14.961091210402193,3.986175115207373,0.013405073589231566,434
anomaly_recency_gate | XGBoost | full_0_5_recency_weighted | with_isolation_forest_anomaly_score,validation,0.05,top_5.0pct,5409,0.1310778332408948,0.8689221667591052,0.4889655172413793,9.778225562759385,6.6290550070521865,0.013405073589231566,709
anomaly_recency_gate | XGBoost | full_0_5_recency_weighted | with_isolation_forest_anomaly_score,validation,0.1,top_10.0pct,10817,0.08773227327355089,0.9122677267264491,0.6544827586206896,6.544706576174795,10.398314014752371,0.013405073589231566,949
anomaly_recency_gate | XGBoost | full_0_5_recency_weighted | with_isolation_forest_anomaly_score,test,0.005,top_0.5pct,485,0.37731958762886597,0.622680412371134,0.12815126050420167,25.588768084553408,1.650273224043716,0.014745515938167962,183
anomaly_recency_gate | XGBoost | full_0_5_recency_weighted | with_isolation_forest_anomaly_score,test,0.01,top_1.0pct,969,0.31166150670794635,0.6883384932920537,0.211484593837535,21.136019113527766,2.2086092715231787,0.014745515938167962,302
anomaly_recency_gate | XGBoost | full_0_5_recency_weighted | with_isolation_forest_anomaly_score,test,0.02,top_2.0pct,1937,0.24419204956117707,0.7558079504388229,0.33123249299719887,16.560427630009155,3.095137420718816,0.014745515938167962,473
anomaly_recency_gate | XGBoost | full_0_5_recency_weighted | with_isolation_forest_anomaly_score,test,0.05,top_5.0pct,4843,0.15734049143093123,0.8426595085690688,0.5336134453781513,10.670395806474561,5.3556430446194225,0.014745515938167962,762
anomaly_recency_gate | XGBoost | full_0_5_recency_weighted | with_isolation_forest_anomaly_score,test,0.1,top_10.0pct,9685,0.10067114093959731,0.8993288590604027,0.6827731092436975,6.827237606451976,8.933333333333334,0.014745515938167962,975
balance_gate | XGBoost | random_undersampling,validation,0.005,top_0.5pct,541,0.32717190388170053,0.6728280961182995,0.12206896551724138,24.406572757983298,2.056497175141243,0.013405073589231566,177
balance_gate | XGBoost | random_undersampling,validation,0.01,top_1.0pct,1082,0.2587800369685767,0.7412199630314233,0.19310344827586207,19.304633819873796,2.8642857142857143,0.013405073589231566,280
balance_gate | XGBoost | random_undersampling,validation,0.02,top_2.0pct,2164,0.20748613678373382,0.7925138632162662,0.3096551724137931,15.478179616291667,3.819599109131403,0.013405073589231566,449
balance_gate | XGBoost | random_undersampling,validation,0.05,top_5.0pct,5409,0.13089295618413754,0.8691070438158625,0.4882758620689655,9.764433989328131,6.639830508474576,0.013405073589231566,708
balance_gate | XGBoost | random_undersampling,validation,0.1,top_10.0pct,10817,0.08708514375520014,0.9129148562447998,0.6496551724137931,6.496431606698268,10.483014861995754,0.013405073589231566,942
balance_gate | XGBoost | random_undersampling,test,0.005,top_0.5pct,485,0.3979381443298969,0.6020618556701032,0.13515406162464985,26.987061422507146,1.5129533678756477,0.014745515938167962,193
balance_gate | XGBoost | random_undersampling,test,0.01,top_1.0pct,969,0.30856553147574817,0.6914344685242518,0.20938375350140057,20.92605865875762,2.240802675585284,0.014745515938167962,299
balance_gate | XGBoost | random_undersampling,test,0.02,top_2.0pct,1937,0.23696437790397523,0.7630356220960248,0.32142857142857145,16.070266981340808,3.2200435729847494,0.014745515938167962,459
balance_gate | XGBoost | random_undersampling,test,0.05,top_5.0pct,4843,0.15589510633904605,0.844104893660954,0.5287114845938375,10.572373797753666,5.414569536423841,0.014745515938167962,755
balance_gate | XGBoost | random_undersampling,test,0.1,top_10.0pct,9685,0.09943211151264843,0.9005678884873516,0.6743697478991597,6.74321006668026,9.05711318795431,0.014745515938167962,963
anomaly_recency_gate | Logistic Regression | recent_3_5 | with_isolation_forest_anomaly_score,validation,0.005,top_0.5pct,541,0.3585951940850277,0.6414048059149723,0.13379310344827586,26.75070686468226,1.788659793814433,0.013405073589231566,194
anomaly_recency_gate | Logistic Regression | recent_3_5 | with_isolation_forest_anomaly_score,validation,0.01,top_1.0pct,1082,0.27634011090573013,0.7236598890942698,0.20620689655172414,20.614591114793804,2.6187290969899664,0.013405073589231566,299
anomaly_recency_gate | Logistic Regression | recent_3_5 | with_isolation_forest_anomaly_score,validation,0.02,top_2.0pct,2164,0.20517560073937152,0.7948243992606285,0.3062068965517241,15.305816814328509,3.873873873873874,0.013405073589231566,444
anomaly_recency_gate | Logistic Regression | recent_3_5 | with_isolation_forest_anomaly_score,validation,0.05,top_5.0pct,5409,0.1294139397300795,0.8705860602699205,0.4827586206896552,9.654101401878096,6.727142857142857,0.013405073589231566,700
anomaly_recency_gate | Logistic Regression | recent_3_5 | with_isolation_forest_anomaly_score,validation,0.1,top_10.0pct,10817,0.08523620227419802,0.914763797725802,0.6358620689655172,6.358503122479622,10.732104121475054,0.013405073589231566,922
anomaly_recency_gate | Logistic Regression | recent_3_5 | with_isolation_forest_anomaly_score,test,0.005,top_0.5pct,485,0.3649484536082474,0.6350515463917525,0.12394957983193278,24.749792081781166,1.7401129943502824,0.014745515938167962,177
anomaly_recency_gate | Logistic Regression | recent_3_5 | with_isolation_forest_anomaly_score,test,0.01,top_1.0pct,969,0.29205366357069146,0.7079463364293086,0.19817927170868346,19.80626956665019,2.4240282685512367,0.014745515938167962,283
anomaly_recency_gate | Logistic Regression | recent_3_5 | with_isolation_forest_anomaly_score,test,0.02,top_2.0pct,1937,0.2364481156427465,0.7635518843572535,0.32072829131652664,16.035255506435924,3.2292576419213974,0.014745515938167962,458
anomaly_recency_gate | Logistic Regression | recent_3_5 | with_isolation_forest_anomaly_score,test,0.05,top_5.0pct,4843,0.14639686144951478,0.8536031385504852,0.4964985994397759,9.928229169016358,5.830747531734838,0.014745515938167962,709
anomaly_recency_gate | Logistic Regression | recent_3_5 | with_isolation_forest_anomaly_score,test,0.1,top_10.0pct,9685,0.09839958699019102,0.901600413009809,0.6673669467787114,6.673187116870497,9.162644281217208,0.014745515938167962,953
anomaly_recency_gate | LightGBM | full_0_5_recency_weighted | without_anomaly_scores,validation,0.005,top_0.5pct,541,0.33086876155268025,0.6691312384473198,0.12344827586206897,24.682353241124357,2.022346368715084,0.013405073589231566,179
anomaly_recency_gate | LightGBM | full_0_5_recency_weighted | without_anomaly_scores,validation,0.01,top_1.0pct,1082,0.2634011090573013,0.7365988909426987,0.19655172413793104,19.649359423800114,2.7964912280701753,0.013405073589231566,285
anomaly_recency_gate | LightGBM | full_0_5_recency_weighted | without_anomaly_scores,validation,0.02,top_2.0pct,2164,0.19593345656192238,0.8040665434380776,0.2924137931034483,14.616365606475874,4.10377358490566,0.013405073589231566,424
anomaly_recency_gate | LightGBM | full_0_5_recency_weighted | without_anomaly_scores,validation,0.05,top_5.0pct,5409,0.12664078387872066,0.8733592161212793,0.4724137931034483,9.44722780040928,6.896350364963504,0.013405073589231566,685
anomaly_recency_gate | LightGBM | full_0_5_recency_weighted | without_anomaly_scores,validation,0.1,top_10.0pct,10817,0.08671535545899972,0.9132846445410003,0.646896551724138,6.468845909854539,10.531982942430703,0.013405073589231566,938
anomaly_recency_gate | LightGBM | full_0_5_recency_weighted | without_anomaly_scores,test,0.005,top_0.5pct,485,0.3628865979381443,0.6371134020618556,0.12324929971988796,24.60996274798579,1.7556818181818181,0.014745515938167962,176
anomaly_recency_gate | LightGBM | full_0_5_recency_weighted | without_anomaly_scores,test,0.01,top_1.0pct,969,0.32507739938080493,0.6749226006191951,0.22058823529411764,22.04584775086505,2.0761904761904764,0.014745515938167962,315
anomaly_recency_gate | LightGBM | full_0_5_recency_weighted | without_anomaly_scores,test,0.02,top_2.0pct,1937,0.24212700051626226,0.7578729994837378,0.3284313725490196,16.420381730389625,3.1300639658848612,0.014745515938167962,469
anomaly_recency_gate | LightGBM | full_0_5_recency_weighted | without_anomaly_scores,test,0.05,top_5.0pct,4843,0.15816642576915135,0.8418335742308487,0.5364145658263305,10.726408382886502,5.322454308093994,0.014745515938167962,766
anomaly_recency_gate | LightGBM | full_0_5_recency_weighted | without_anomaly_scores,test,0.1,top_10.0pct,9685,0.09932885906040269,0.9006711409395973,0.6736694677871149,6.736207771699284,9.067567567567568,0.014745515938167962,962
anomaly_recency_gate | LightGBM | full_0_5 | with_isolation_forest_anomaly_score,validation,0.005,top_0.5pct,541,0.33271719038817005,0.66728280961183,0.12413793103448276,24.82024348269488,2.0055555555555555,0.013405073589231566,180
anomaly_recency_gate | LightGBM | full_0_5 | with_isolation_forest_anomaly_score,validation,0.01,top_1.0pct,1082,0.26524953789279115,0.7347504621072088,0.19793103448275862,19.78724966537064,2.770034843205575,0.013405073589231566,287
anomaly_recency_gate | LightGBM | full_0_5 | with_isolation_forest_anomaly_score,validation,0.02,top_2.0pct,2164,0.20147874306839186,0.7985212569316081,0.3006896551724138,15.030036331187455,3.963302752293578,0.013405073589231566,436
anomaly_recency_gate | LightGBM | full_0_5 | with_isolation_forest_anomaly_score,validation,0.05,top_5.0pct,5409,0.13052320207062304,0.8694767979293769,0.4868965517241379,9.736850842465623,6.661473087818697,0.013405073589231566,706
anomaly_recency_gate | LightGBM | full_0_5 | with_isolation_forest_anomaly_score,validation,0.1,top_10.0pct,10817,0.08763982619950078,0.9123601738004992,0.6537931034482759,6.537810151963862,10.410337552742616,0.013405073589231566,948
anomaly_recency_gate | LightGBM | full_0_5 | with_isolation_forest_anomaly_score,test,0.005,top_0.5pct,485,0.354639175257732,0.645360824742268,0.12044817927170869,24.050645412804297,1.819767441860465,0.014745515938167962,172
anomaly_recency_gate | LightGBM | full_0_5 | with_isolation_forest_anomaly_score,test,0.01,top_1.0pct,969,0.3126934984520124,0.6873065015479876,0.21218487394957983,21.20600593178448,2.198019801980198,0.014745515938167962,303
anomaly_recency_gate | LightGBM | full_0_5 | with_isolation_forest_anomaly_score,test,0.02,top_2.0pct,1937,0.24264326277749096,0.7573567372225091,0.3291316526610644,16.45539320529451,3.1212765957446806,0.014745515938167962,470
anomaly_recency_gate | LightGBM | full_0_5 | with_isolation_forest_anomaly_score,test,0.05,top_5.0pct,4843,0.15527565558538095,0.8447243444146191,0.5266106442577031,10.530364365444711,5.440159574468085,0.014745515938167962,752
anomaly_recency_gate | LightGBM | full_0_5 | with_isolation_forest_anomaly_score,test,0.1,top_10.0pct,9685,0.09901910170366546,0.9009808982963345,0.6715686274509803,6.715200886756354,9.099061522419186,0.014745515938167962,959
anomaly_recency_gate | Logistic Regression | full_0_5_recency_weighted | with_isolation_forest_anomaly_score,validation,0.005,top_0.5pct,541,0.3364140480591497,0.6635859519408502,0.12551724137931033,25.096023965835933,1.9725274725274726,0.013405073589231566,182
anomaly_recency_gate | Logistic Regression | full_0_5_recency_weighted | with_isolation_forest_anomaly_score,validation,0.01,top_1.0pct,1082,0.266173752310536,0.7338262476894639,0.1986206896551724,19.856194786155903,2.7569444444444446,0.013405073589231566,288
anomaly_recency_gate | Logistic Regression | full_0_5_recency_weighted | with_isolation_forest_anomaly_score,validation,0.02,top_2.0pct,2164,0.20286506469500923,0.7971349353049908,0.3027586206896552,15.13345401236535,3.929384965831435,0.013405073589231566,439
anomaly_recency_gate | Logistic Regression | full_0_5_recency_weighted | with_isolation_forest_anomaly_score,validation,0.05,top_5.0pct,5409,0.12867443150305047,0.8713255684969495,0.48,9.598935108153077,6.771551724137931,0.013405073589231566,696
anomaly_recency_gate | Logistic Regression | full_0_5_recency_weighted | with_isolation_forest_anomaly_score,validation,0.1,top_10.0pct,10817,0.08560599057039844,0.9143940094296016,0.6386206896551724,6.3860888193233505,10.681425485961123,0.013405073589231566,926
anomaly_recency_gate | Logistic Regression | full_0_5_recency_weighted | with_isolation_forest_anomaly_score,test,0.005,top_0.5pct,485,0.3670103092783505,0.6329896907216495,0.12464985994397759,24.88962141557654,1.7247191011235956,0.014745515938167962,178
anomaly_recency_gate | Logistic Regression | full_0_5_recency_weighted | with_isolation_forest_anomaly_score,test,0.01,top_1.0pct,969,0.304437564499484,0.695562435500516,0.20658263305322128,20.646111385730762,2.2847457627118644,0.014745515938167962,295
anomaly_recency_gate | Logistic Regression | full_0_5_recency_weighted | with_isolation_forest_anomaly_score,test,0.02,top_2.0pct,1937,0.2343830665978317,0.7656169334021683,0.3179271708683473,15.895209606816397,3.2665198237885464,0.014745515938167962,454
anomaly_recency_gate | Logistic Regression | full_0_5_recency_weighted | with_isolation_forest_anomaly_score,test,0.05,top_5.0pct,4843,0.1503200495560603,0.8496799504439397,0.5098039215686274,10.194288906973073,5.652472527472527,0.014745515938167962,728
anomaly_recency_gate | Logistic Regression | full_0_5_recency_weighted | with_isolation_forest_anomaly_score,test,0.1,top_10.0pct,9685,0.09757356737222508,0.9024264326277749,0.6617647058823529,6.617168757022685,9.248677248677248,0.014745515938167962,945
anomaly_recency_gate | Logistic Regression | full_0_5 | with_isolation_forest_anomaly_score,validation,0.005,top_0.5pct,541,0.34011090573012936,0.6598890942698706,0.12689655172413794,25.371804448976988,1.940217391304348,0.013405073589231566,184
anomaly_recency_gate | Logistic Regression | full_0_5 | with_isolation_forest_anomaly_score,validation,0.01,top_1.0pct,1082,0.25970425138632164,0.7402957486136783,0.19379310344827586,19.373578940659062,2.8505338078291813,0.013405073589231566,281
anomaly_recency_gate | Logistic Regression | full_0_5 | with_isolation_forest_anomaly_score,validation,0.02,top_2.0pct,2164,0.20378927911275416,0.7962107208872459,0.3041379310344828,15.202399133150614,3.9070294784580497,0.013405073589231566,441
anomaly_recency_gate | Logistic Regression | full_0_5 | with_isolation_forest_anomaly_score,validation,0.05,top_5.0pct,5409,0.1284895544462932,0.8715104455537068,0.4793103448275862,9.585143534721823,6.78273381294964,0.013405073589231566,695
anomaly_recency_gate | Logistic Regression | full_0_5 | with_isolation_forest_anomaly_score,validation,0.1,top_10.0pct,10817,0.08588333179254877,0.9141166682074512,0.6406896551724138,6.406778091956149,10.643702906350915,0.013405073589231566,929
anomaly_recency_gate | Logistic Regression | full_0_5 | with_isolation_forest_anomaly_score,test,0.005,top_0.5pct,485,0.36907216494845363,0.6309278350515464,0.1253501400560224,25.029450749371914,1.7094972067039107,0.014745515938167962,179
anomaly_recency_gate | Logistic Regression | full_0_5 | with_isolation_forest_anomaly_score,test,0.01,top_1.0pct,969,0.30546955624355004,0.6945304437564499,0.20728291316526612,20.716098203987478,2.2736486486486487,0.014745515938167962,296
anomaly_recency_gate | Logistic Regression | full_0_5 | with_isolation_forest_anomaly_score,test,0.02,top_2.0pct,1937,0.2343830665978317,0.7656169334021683,0.3179271708683473,15.895209606816397,3.2665198237885464,0.014745515938167962,454
anomaly_recency_gate | Logistic Regression | full_0_5 | with_isolation_forest_anomaly_score,test,0.05,top_5.0pct,4843,0.14928763163328515,0.8507123683667148,0.5063025210084033,10.124273186458147,5.698478561549101,0.014745515938167962,723
anomaly_recency_gate | Logistic Regression | full_0_5 | with_isolation_forest_anomaly_score,test,0.1,top_10.0pct,9685,0.09716055756324213,0.9028394424367578,0.6589635854341737,6.58915957709878,9.292242295430393,0.014745515938167962,941
balance_gate | LightGBM | class_weight,validation,0.005,top_0.5pct,541,0.33086876155268025,0.6691312384473198,0.12344827586206897,24.682353241124357,2.022346368715084,0.013405073589231566,179
balance_gate | LightGBM | class_weight,validation,0.01,top_1.0pct,1082,0.26524953789279115,0.7347504621072088,0.19793103448275862,19.78724966537064,2.770034843205575,0.013405073589231566,287
balance_gate | LightGBM | class_weight,validation,0.02,top_2.0pct,2164,0.2033271719038817,0.7966728280961183,0.30344827586206896,15.167926572757983,3.918181818181818,0.013405073589231566,440
balance_gate | LightGBM | class_weight,validation,0.05,top_5.0pct,5409,0.12756516916250693,0.8724348308374931,0.47586206896551725,9.516185667565551,6.839130434782609,0.013405073589231566,690
balance_gate | LightGBM | class_weight,validation,0.1,top_10.0pct,10817,0.08449662568179717,0.9155033743182028,0.6303448275862069,6.303331728792163,10.834792122538293,0.013405073589231566,914
balance_gate | LightGBM | class_weight,test,0.005,top_0.5pct,485,0.3835051546391753,0.6164948453608248,0.13025210084033614,26.008256085939532,1.60752688172043,0.014745515938167962,186
balance_gate | LightGBM | class_weight,test,0.01,top_1.0pct,969,0.30856553147574817,0.6914344685242518,0.20938375350140057,20.92605865875762,2.240802675585284,0.014745515938167962,299
balance_gate | LightGBM | class_weight,test,0.02,top_2.0pct,1937,0.23335054207537428,0.7666494579246257,0.3165266106442577,15.825186657006633,3.2853982300884956,0.014745515938167962,452
balance_gate | LightGBM | class_weight,test,0.05,top_5.0pct,4843,0.1548626884162709,0.8451373115837291,0.5252100840336135,10.502358077238743,5.457333333333334,0.014745515938167962,750
balance_gate | LightGBM | class_weight,test,0.1,top_10.0pct,9685,0.09839958699019102,0.901600413009809,0.6673669467787114,6.673187116870497,9.162644281217208,0.014745515938167962,953
baseline | LightGBM,validation,0.005,top_0.5pct,541,0.33086876155268025,0.6691312384473198,0.12344827586206897,24.682353241124357,2.022346368715084,0.013405073589231566,179
baseline | LightGBM,validation,0.01,top_1.0pct,1082,0.26524953789279115,0.7347504621072088,0.19793103448275862,19.78724966537064,2.770034843205575,0.013405073589231566,287
baseline | LightGBM,validation,0.02,top_2.0pct,2164,0.2033271719038817,0.7966728280961183,0.30344827586206896,15.167926572757983,3.918181818181818,0.013405073589231566,440
baseline | LightGBM,validation,0.05,top_5.0pct,5409,0.12756516916250693,0.8724348308374931,0.47586206896551725,9.516185667565551,6.839130434782609,0.013405073589231566,690
baseline | LightGBM,validation,0.1,top_10.0pct,10817,0.08449662568179717,0.9155033743182028,0.6303448275862069,6.303331728792163,10.834792122538293,0.013405073589231566,914
baseline | LightGBM,test,0.005,top_0.5pct,485,0.3835051546391753,0.6164948453608248,0.13025210084033614,26.008256085939532,1.60752688172043,0.014745515938167962,186
baseline | LightGBM,test,0.01,top_1.0pct,969,0.30856553147574817,0.6914344685242518,0.20938375350140057,20.92605865875762,2.240802675585284,0.014745515938167962,299
baseline | LightGBM,test,0.02,top_2.0pct,1937,0.23335054207537428,0.7666494579246257,0.3165266106442577,15.825186657006633,3.2853982300884956,0.014745515938167962,452
baseline | LightGBM,test,0.05,top_5.0pct,4843,0.1548626884162709,0.8451373115837291,0.5252100840336135,10.502358077238743,5.457333333333334,0.014745515938167962,750
baseline | LightGBM,test,0.1,top_10.0pct,9685,0.09839958699019102,0.901600413009809,0.6673669467787114,6.673187116870497,9.162644281217208,0.014745515938167962,953
anomaly_recency_gate | LightGBM | full_0_5_recency_weighted | with_isolation_forest_anomaly_score,validation,0.005,top_0.5pct,541,0.3419593345656192,0.6580406654343808,0.12758620689655173,25.509694690547516,1.9243243243243244,0.013405073589231566,185
anomaly_recency_gate | LightGBM | full_0_5_recency_weighted | with_isolation_forest_anomaly_score,validation,0.01,top_1.0pct,1082,0.26524953789279115,0.7347504621072088,0.19793103448275862,19.78724966537064,2.770034843205575,0.013405073589231566,287
anomaly_recency_gate | LightGBM | full_0_5_recency_weighted | with_isolation_forest_anomaly_score,validation,0.02,top_2.0pct,2164,0.1987060998151571,0.8012939001848429,0.296551724137931,14.823200968831664,4.032558139534884,0.013405073589231566,430
anomaly_recency_gate | LightGBM | full_0_5_recency_weighted | with_isolation_forest_anomaly_score,validation,0.05,top_5.0pct,5409,0.13052320207062304,0.8694767979293769,0.4868965517241379,9.736850842465623,6.661473087818697,0.013405073589231566,706
anomaly_recency_gate | LightGBM | full_0_5_recency_weighted | with_isolation_forest_anomaly_score,validation,0.1,top_10.0pct,10817,0.08773227327355089,0.9122677267264491,0.6544827586206896,6.544706576174795,10.398314014752371,0.013405073589231566,949
anomaly_recency_gate | LightGBM | full_0_5_recency_weighted | with_isolation_forest_anomaly_score,test,0.005,top_0.5pct,485,0.3731958762886598,0.6268041237113402,0.12675070028011204,25.309109416962663,1.6795580110497237,0.014745515938167962,181
anomaly_recency_gate | LightGBM | full_0_5_recency_weighted | with_isolation_forest_anomaly_score,test,0.01,top_1.0pct,969,0.3126934984520124,0.6873065015479876,0.21218487394957983,21.20600593178448,2.198019801980198,0.014745515938167962,303
anomaly_recency_gate | LightGBM | full_0_5_recency_weighted | with_isolation_forest_anomaly_score,test,0.02,top_2.0pct,1937,0.24264326277749096,0.7573567372225091,0.3291316526610644,16.45539320529451,3.1212765957446806,0.014745515938167962,470
anomaly_recency_gate | LightGBM | full_0_5_recency_weighted | with_isolation_forest_anomaly_score,test,0.05,top_5.0pct,4843,0.15465620483171588,0.8453437951682841,0.5245098039215687,10.488354933135756,5.465954606141522,0.014745515938167962,749
anomaly_recency_gate | LightGBM | full_0_5_recency_weighted | with_isolation_forest_anomaly_score,test,0.1,top_10.0pct,9685,0.09984512132163138,0.9001548786783686,0.677170868347339,6.771219246604165,9.01551189245088,0.014745515938167962,967
hyperparameter_tuned | LightGBM,validation,0.005,top_0.5pct,541,0.3234750462107209,0.6765249537892791,0.1206896551724138,24.130792274842243,2.0914285714285716,0.013405073589231566,175
hyperparameter_tuned | LightGBM,validation,0.01,top_1.0pct,1082,0.26709796672828096,0.7329020332717191,0.1993103448275862,19.92513990694117,2.7439446366782008,0.013405073589231566,289
hyperparameter_tuned | LightGBM,validation,0.02,top_2.0pct,2164,0.20147874306839186,0.7985212569316081,0.3006896551724138,15.030036331187455,3.963302752293578,0.013405073589231566,436
hyperparameter_tuned | LightGBM,validation,0.05,top_5.0pct,5409,0.12830467738953596,0.871695322610464,0.4786206896551724,9.571351961290569,6.793948126801153,0.013405073589231566,694
hyperparameter_tuned | LightGBM,validation,0.1,top_10.0pct,10817,0.08523620227419802,0.914763797725802,0.6358620689655172,6.358503122479622,10.732104121475054,0.013405073589231566,922
hyperparameter_tuned | LightGBM,test,0.005,top_0.5pct,485,0.3731958762886598,0.6268041237113402,0.12675070028011204,25.309109416962663,1.6795580110497237,0.014745515938167962,181
hyperparameter_tuned | LightGBM,test,0.01,top_1.0pct,969,0.3013415892672859,0.6986584107327141,0.20448179271708683,20.436150930960622,2.3184931506849313,0.014745515938167962,292
hyperparameter_tuned | LightGBM,test,0.02,top_2.0pct,1937,0.233866804336603,0.766133195663397,0.3172268907563025,15.860198131911517,3.2759381898454745,0.014745515938167962,453
hyperparameter_tuned | LightGBM,test,0.05,top_5.0pct,4843,0.14763576295684494,0.852364237043155,0.5007002801120448,10.012248033634268,5.7734265734265735,0.014745515938167962,715
hyperparameter_tuned | LightGBM,test,0.1,top_10.0pct,9685,0.09612803304078472,0.9038719669592152,0.6519607843137255,6.519136627289016,9.402792696025779,0.014745515938167962,931
anomaly_recency_gate | LightGBM | full_0_5 | without_anomaly_scores,validation,0.005,top_0.5pct,541,0.32162661737523107,0.6783733826247689,0.12,23.99290203327172,2.1091954022988504,0.013405073589231566,174
anomaly_recency_gate | LightGBM | full_0_5 | without_anomaly_scores,validation,0.01,top_1.0pct,1082,0.2578558225508318,0.7421441774491682,0.19241379310344828,19.23568869908853,2.878136200716846,0.013405073589231566,279
anomaly_recency_gate | LightGBM | full_0_5 | without_anomaly_scores,validation,0.02,top_2.0pct,2164,0.20286506469500923,0.7971349353049908,0.3027586206896552,15.13345401236535,3.929384965831435,0.013405073589231566,439
anomaly_recency_gate | LightGBM | full_0_5 | without_anomaly_scores,validation,0.05,top_5.0pct,5409,0.1301534479571085,0.8698465520428915,0.48551724137931035,9.709267695603112,6.683238636363637,0.013405073589231566,704
anomaly_recency_gate | LightGBM | full_0_5 | without_anomaly_scores,validation,0.1,top_10.0pct,10817,0.08763982619950078,0.9123601738004992,0.6537931034482759,6.537810151963862,10.410337552742616,0.013405073589231566,948
anomaly_recency_gate | LightGBM | full_0_5 | without_anomaly_scores,test,0.005,top_0.5pct,485,0.36907216494845363,0.6309278350515464,0.1253501400560224,25.029450749371914,1.7094972067039107,0.014745515938167962,179
anomaly_recency_gate | LightGBM | full_0_5 | without_anomaly_scores,test,0.01,top_1.0pct,969,0.3302373581011352,0.6697626418988648,0.22408963585434175,22.395781842148626,2.028125,0.014745515938167962,320
anomaly_recency_gate | LightGBM | full_0_5 | without_anomaly_scores,test,0.02,top_2.0pct,1937,0.2467733608673206,0.7532266391326794,0.33473389355742295,16.735485004533565,3.0523012552301254,0.014745515938167962,478
anomaly_recency_gate | LightGBM | full_0_5 | without_anomaly_scores,test,0.05,top_5.0pct,4843,0.1563080735081561,0.8436919264918439,0.5301120448179272,10.600380085959637,5.397622192866579,0.014745515938167962,757
anomaly_recency_gate | LightGBM | full_0_5 | without_anomaly_scores,test,0.1,top_10.0pct,9685,0.10098089829633454,0.8990191017036655,0.6848739495798319,6.848244491394906,8.902862985685072,0.014745515938167962,978
advanced_gate | LightGBM,validation,0.005,top_0.5pct,541,0.32162661737523107,0.6783733826247689,0.12,23.99290203327172,2.1091954022988504,0.013405073589231566,174
advanced_gate | LightGBM,validation,0.01,top_1.0pct,1082,0.2578558225508318,0.7421441774491682,0.19241379310344828,19.23568869908853,2.878136200716846,0.013405073589231566,279
advanced_gate | LightGBM,validation,0.02,top_2.0pct,2164,0.20286506469500923,0.7971349353049908,0.3027586206896552,15.13345401236535,3.929384965831435,0.013405073589231566,439
advanced_gate | LightGBM,validation,0.05,top_5.0pct,5409,0.1301534479571085,0.8698465520428915,0.48551724137931035,9.709267695603112,6.683238636363637,0.013405073589231566,704
advanced_gate | LightGBM,validation,0.1,top_10.0pct,10817,0.08763982619950078,0.9123601738004992,0.6537931034482759,6.537810151963862,10.410337552742616,0.013405073589231566,948
advanced_gate | LightGBM,test,0.005,top_0.5pct,485,0.36907216494845363,0.6309278350515464,0.1253501400560224,25.029450749371914,1.7094972067039107,0.014745515938167962,179
advanced_gate | LightGBM,test,0.01,top_1.0pct,969,0.3302373581011352,0.6697626418988648,0.22408963585434175,22.395781842148626,2.028125,0.014745515938167962,320
advanced_gate | LightGBM,test,0.02,top_2.0pct,1937,0.2467733608673206,0.7532266391326794,0.33473389355742295,16.735485004533565,3.0523012552301254,0.014745515938167962,478
advanced_gate | LightGBM,test,0.05,top_5.0pct,4843,0.1563080735081561,0.8436919264918439,0.5301120448179272,10.600380085959637,5.397622192866579,0.014745515938167962,757
advanced_gate | LightGBM,test,0.1,top_10.0pct,9685,0.10098089829633454,0.8990191017036655,0.6848739495798319,6.848244491394906,8.902862985685072,0.014745515938167962,978
balance_gate | LightGBM | random_oversampling,validation,0.005,top_0.5pct,541,0.32717190388170053,0.6728280961182995,0.12206896551724138,24.406572757983298,2.056497175141243,0.013405073589231566,177
balance_gate | LightGBM | random_oversampling,validation,0.01,top_1.0pct,1082,0.2578558225508318,0.7421441774491682,0.19241379310344828,19.23568869908853,2.878136200716846,0.013405073589231566,279
balance_gate | LightGBM | random_oversampling,validation,0.02,top_2.0pct,2164,0.205637707948244,0.794362292051756,0.30689655172413793,15.340289374721142,3.8629213483146065,0.013405073589231566,445
balance_gate | LightGBM | random_oversampling,validation,0.05,top_5.0pct,5409,0.13200221852468108,0.8679977814753189,0.4924137931034483,9.847183429915656,6.57563025210084,0.013405073589231566,714
balance_gate | LightGBM | random_oversampling,validation,0.1,top_10.0pct,10817,0.08662290838494961,0.9133770916150504,0.6462068965517241,6.461949485643606,10.544290288153682,0.013405073589231566,937
balance_gate | LightGBM | random_oversampling,test,0.005,top_0.5pct,485,0.3628865979381443,0.6371134020618556,0.12324929971988796,24.60996274798579,1.7556818181818181,0.014745515938167962,176
balance_gate | LightGBM | random_oversampling,test,0.01,top_1.0pct,969,0.304437564499484,0.695562435500516,0.20658263305322128,20.646111385730762,2.2847457627118644,0.014745515938167962,295
balance_gate | LightGBM | random_oversampling,test,0.02,top_2.0pct,1937,0.24367578729994838,0.7563242127000516,0.33053221288515405,16.52541615510427,3.1038135593220337,0.014745515938167962,472
balance_gate | LightGBM | random_oversampling,test,0.05,top_5.0pct,4843,0.15610158992360107,0.8438984100763989,0.5294117647058824,10.586376941856651,5.406084656084656,0.014745515938167962,756
balance_gate | LightGBM | random_oversampling,test,0.1,top_10.0pct,9685,0.09922560660815695,0.9007743933918431,0.6729691876750701,6.729205476718308,9.078043704474506,0.014745515938167962,961
balance_gate | LightGBM | smote,validation,0.005,top_0.5pct,541,0.3290203327171904,0.6709796672828097,0.12275862068965518,24.544462999553826,2.039325842696629,0.013405073589231566,178
balance_gate | LightGBM | smote,validation,0.01,top_1.0pct,1082,0.26247689463955637,0.7375231053604436,0.19586206896551725,19.580414303014848,2.8098591549295775,0.013405073589231566,284
balance_gate | LightGBM | smote,validation,0.02,top_2.0pct,2164,0.20055452865064696,0.7994454713493531,0.2993103448275862,14.961091210402193,3.986175115207373,0.013405073589231566,434
balance_gate | LightGBM | smote,validation,0.05,top_5.0pct,5409,0.12959881678683674,0.8704011832131633,0.48344827586206895,9.667892975309348,6.716119828815978,0.013405073589231566,701
balance_gate | LightGBM | smote,validation,0.1,top_10.0pct,10817,0.08708514375520014,0.9129148562447998,0.6496551724137931,6.496431606698268,10.483014861995754,0.013405073589231566,942
balance_gate | LightGBM | smote,test,0.005,top_0.5pct,485,0.36907216494845363,0.6309278350515464,0.1253501400560224,25.029450749371914,1.7094972067039107,0.014745515938167962,179
balance_gate | LightGBM | smote,test,0.01,top_1.0pct,969,0.30959752321981426,0.6904024767801857,0.21008403361344538,20.996045477014338,2.23,0.014745515938167962,300
balance_gate | LightGBM | smote,test,0.02,top_2.0pct,1937,0.24006195147134746,0.7599380485286525,0.32563025210084034,16.2803358307701,3.1655913978494623,0.014745515938167962,465
balance_gate | LightGBM | smote,test,0.05,top_5.0pct,4843,0.15568862275449102,0.844311377245509,0.5280112044817927,10.558370653650682,5.423076923076923,0.014745515938167962,754
balance_gate | LightGBM | smote,test,0.1,top_10.0pct,9685,0.10056788848735157,0.8994321115126485,0.6820728291316527,6.820235311471,8.9435318275154,0.014745515938167962,974
balance_gate | XGBoost | smote,validation,0.005,top_0.5pct,541,0.3197781885397412,0.6802218114602587,0.1193103448275862,23.85501179170119,2.1271676300578033,0.013405073589231566,173
balance_gate | XGBoost | smote,validation,0.01,top_1.0pct,1082,0.2634011090573013,0.7365988909426987,0.19655172413793104,19.649359423800114,2.7964912280701753,0.013405073589231566,285
balance_gate | XGBoost | smote,validation,0.02,top_2.0pct,2164,0.19593345656192238,0.8040665434380776,0.2924137931034483,14.616365606475874,4.10377358490566,0.013405073589231566,424
balance_gate | XGBoost | smote,validation,0.05,top_5.0pct,5409,0.12738029210574967,0.8726197078942504,0.47517241379310343,9.502394094134296,6.850507982583454,0.013405073589231566,689
balance_gate | XGBoost | smote,validation,0.1,top_10.0pct,10817,0.0865304613108995,0.9134695386891005,0.6455172413793103,6.4550530614326735,10.556623931623932,0.013405073589231566,936
balance_gate | XGBoost | smote,test,0.005,top_0.5pct,485,0.37731958762886597,0.622680412371134,0.12815126050420167,25.588768084553408,1.650273224043716,0.014745515938167962,183
balance_gate | XGBoost | smote,test,0.01,top_1.0pct,969,0.2951496388028896,0.7048503611971104,0.20028011204481794,20.016230021420334,2.388111888111888,0.014745515938167962,286
balance_gate | XGBoost | smote,test,0.02,top_2.0pct,1937,0.22767165720185856,0.7723283427981414,0.3088235294117647,15.440060433052933,3.3922902494331066,0.014745515938167962,441
balance_gate | XGBoost | smote,test,0.05,top_5.0pct,4843,0.15238488540161058,0.8476151145983895,0.5168067226890757,10.334320348002922,5.562330623306233,0.014745515938167962,738
balance_gate | XGBoost | smote,test,0.1,top_10.0pct,9685,0.09953536396489417,0.9004646360351058,0.6750700280112045,6.750212361661236,9.046680497925312,0.014745515938167962,964
anomaly_recency_gate | Logistic Regression | full_0_5_recency_weighted | without_anomaly_scores,validation,0.005,top_0.5pct,541,0.33086876155268025,0.6691312384473198,0.12344827586206897,24.682353241124357,2.022346368715084,0.013405073589231566,179
anomaly_recency_gate | Logistic Regression | full_0_5_recency_weighted | without_anomaly_scores,validation,0.01,top_1.0pct,1082,0.2513863216266174,0.7486136783733826,0.18758620689655173,18.75307285359169,2.9779411764705883,0.013405073589231566,272
anomaly_recency_gate | Logistic Regression | full_0_5_recency_weighted | without_anomaly_scores,validation,0.02,top_2.0pct,2164,0.19454713493530498,0.805452865064695,0.2903448275862069,14.512947925297977,4.140142517814727,0.013405073589231566,421
anomaly_recency_gate | Logistic Regression | full_0_5_recency_weighted | without_anomaly_scores,validation,0.05,top_5.0pct,5409,0.12904418561656497,0.8709558143834351,0.48137931034482756,9.626518255015586,6.749283667621777,0.013405073589231566,698
anomaly_recency_gate | Logistic Regression | full_0_5_recency_weighted | without_anomaly_scores,validation,0.1,top_10.0pct,10817,0.0848664139779976,0.9151335860220025,0.6331034482758621,6.330917425635892,10.78322440087146,0.013405073589231566,918
anomaly_recency_gate | Logistic Regression | full_0_5_recency_weighted | without_anomaly_scores,test,0.005,top_0.5pct,485,0.3670103092783505,0.6329896907216495,0.12464985994397759,24.88962141557654,1.7247191011235956,0.014745515938167962,178
anomaly_recency_gate | Logistic Regression | full_0_5_recency_weighted | without_anomaly_scores,test,0.01,top_1.0pct,969,0.28792569659442724,0.7120743034055728,0.1953781512605042,19.52632229362333,2.4731182795698925,0.014745515938167962,279
anomaly_recency_gate | Logistic Regression | full_0_5_recency_weighted | without_anomaly_scores,test,0.02,top_2.0pct,1937,0.2348993288590604,0.7651006711409396,0.31862745098039214,15.930221081721278,3.257142857142857,0.014745515938167962,455
anomaly_recency_gate | Logistic Regression | full_0_5_recency_weighted | without_anomaly_scores,test,0.05,top_5.0pct,4843,0.14784224654139996,0.8521577534586,0.5014005602240896,10.026251177737253,5.7639664804469275,0.014745515938167962,716
anomaly_recency_gate | Logistic Regression | full_0_5_recency_weighted | without_anomaly_scores,test,0.1,top_10.0pct,9685,0.0986060918946825,0.9013939081053175,0.6687675070028011,6.687191706832449,9.141361256544503,0.014745515938167962,955
anomaly_recency_gate | Logistic Regression | recent_3_5 | without_anomaly_scores,validation,0.005,top_0.5pct,541,0.3290203327171904,0.6709796672828097,0.12275862068965518,24.544462999553826,2.039325842696629,0.013405073589231566,178
anomaly_recency_gate | Logistic Regression | recent_3_5 | without_anomaly_scores,validation,0.01,top_1.0pct,1082,0.2513863216266174,0.7486136783733826,0.18758620689655173,18.75307285359169,2.9779411764705883,0.013405073589231566,272
anomaly_recency_gate | Logistic Regression | recent_3_5 | without_anomaly_scores,validation,0.02,top_2.0pct,2164,0.19916820702402957,0.8008317929759704,0.29724137931034483,14.857673529224297,4.020881670533643,0.013405073589231566,431
anomaly_recency_gate | Logistic Regression | recent_3_5 | without_anomaly_scores,validation,0.05,top_5.0pct,5409,0.12922906267332224,0.8707709373266778,0.4820689655172414,9.64030982844684,6.738197424892704,0.013405073589231566,699
anomaly_recency_gate | Logistic Regression | recent_3_5 | without_anomaly_scores,validation,0.1,top_10.0pct,10817,0.08579088471849866,0.9142091152815013,0.64,6.399881667745215,10.65625,0.013405073589231566,928
anomaly_recency_gate | Logistic Regression | recent_3_5 | without_anomaly_scores,test,0.005,top_0.5pct,485,0.3649484536082474,0.6350515463917525,0.12394957983193278,24.749792081781166,1.7401129943502824,0.014745515938167962,177
anomaly_recency_gate | Logistic Regression | recent_3_5 | without_anomaly_scores,test,0.01,top_1.0pct,969,0.2848297213622291,0.7151702786377709,0.19327731092436976,19.31636183885319,2.510869565217391,0.014745515938167962,276
anomaly_recency_gate | Logistic Regression | recent_3_5 | without_anomaly_scores,test,0.02,top_2.0pct,1937,0.23076923076923078,0.7692307692307692,0.3130252100840336,15.650129282482224,3.3333333333333335,0.014745515938167962,447
anomaly_recency_gate | Logistic Regression | recent_3_5 | without_anomaly_scores,test,0.05,top_5.0pct,4843,0.14680982861862482,0.8531901713813752,0.49789915966386555,9.956235457222327,5.8115330520393815,0.014745515938167962,711
anomaly_recency_gate | Logistic Regression | recent_3_5 | without_anomaly_scores,test,0.1,top_10.0pct,9685,0.09788332472896231,0.9021166752710377,0.6638655462184874,6.638175641965614,9.216244725738397,0.014745515938167962,948
advanced_gate | Logistic Regression,validation,0.005,top_0.5pct,541,0.32532347504621073,0.6746765249537893,0.12137931034482759,24.268682516412774,2.0738636363636362,0.013405073589231566,176
advanced_gate | Logistic Regression,validation,0.01,top_1.0pct,1082,0.25508317929759705,0.744916820702403,0.19034482758620688,19.02885333673274,2.920289855072464,0.013405073589231566,276
advanced_gate | Logistic Regression,validation,0.02,top_2.0pct,2164,0.1963955637707948,0.8036044362292052,0.29310344827586204,14.650838166868505,4.091764705882353,0.013405073589231566,425
advanced_gate | Logistic Regression,validation,0.05,top_5.0pct,5409,0.1284895544462932,0.8715104455537068,0.4793103448275862,9.585143534721823,6.78273381294964,0.013405073589231566,695
advanced_gate | Logistic Regression,validation,0.1,top_10.0pct,10817,0.08440417860774707,0.9155958213922529,0.6296551724137931,6.296435304581231,10.847754654983571,0.013405073589231566,913
advanced_gate | Logistic Regression,test,0.005,top_0.5pct,485,0.3670103092783505,0.6329896907216495,0.12464985994397759,24.88962141557654,1.7247191011235956,0.014745515938167962,178
advanced_gate | Logistic Regression,test,0.01,top_1.0pct,969,0.29102167182662536,0.7089783281733746,0.19747899159663865,19.736282748393474,2.4361702127659575,0.014745515938167962,282
advanced_gate | Logistic Regression,test,0.02,top_2.0pct,1937,0.2343830665978317,0.7656169334021683,0.3179271708683473,15.895209606816397,3.2665198237885464,0.014745515938167962,454
advanced_gate | Logistic Regression,test,0.05,top_5.0pct,4843,0.14804873012595499,0.851951269874045,0.5021008403361344,10.040254321840237,5.754532775453278,0.014745515938167962,717
advanced_gate | Logistic Regression,test,0.1,top_10.0pct,9685,0.09819308208569953,0.9018069179143005,0.6659663865546218,6.659182526908543,9.184016824395373,0.014745515938167962,951
anomaly_recency_gate | Logistic Regression | full_0_5 | without_anomaly_scores,validation,0.005,top_0.5pct,541,0.32532347504621073,0.6746765249537893,0.12137931034482759,24.268682516412774,2.0738636363636362,0.013405073589231566,176
anomaly_recency_gate | Logistic Regression | full_0_5 | without_anomaly_scores,validation,0.01,top_1.0pct,1082,0.25508317929759705,0.744916820702403,0.19034482758620688,19.02885333673274,2.920289855072464,0.013405073589231566,276
anomaly_recency_gate | Logistic Regression | full_0_5 | without_anomaly_scores,validation,0.02,top_2.0pct,2164,0.1963955637707948,0.8036044362292052,0.29310344827586204,14.650838166868505,4.091764705882353,0.013405073589231566,425
anomaly_recency_gate | Logistic Regression | full_0_5 | without_anomaly_scores,validation,0.05,top_5.0pct,5409,0.1284895544462932,0.8715104455537068,0.4793103448275862,9.585143534721823,6.78273381294964,0.013405073589231566,695
anomaly_recency_gate | Logistic Regression | full_0_5 | without_anomaly_scores,validation,0.1,top_10.0pct,10817,0.08440417860774707,0.9155958213922529,0.6296551724137931,6.296435304581231,10.847754654983571,0.013405073589231566,913
anomaly_recency_gate | Logistic Regression | full_0_5 | without_anomaly_scores,test,0.005,top_0.5pct,485,0.3670103092783505,0.6329896907216495,0.12464985994397759,24.88962141557654,1.7247191011235956,0.014745515938167962,178
anomaly_recency_gate | Logistic Regression | full_0_5 | without_anomaly_scores,test,0.01,top_1.0pct,969,0.29102167182662536,0.7089783281733746,0.19747899159663865,19.736282748393474,2.4361702127659575,0.014745515938167962,282
anomaly_recency_gate | Logistic Regression | full_0_5 | without_anomaly_scores,test,0.02,top_2.0pct,1937,0.2343830665978317,0.7656169334021683,0.3179271708683473,15.895209606816397,3.2665198237885464,0.014745515938167962,454
anomaly_recency_gate | Logistic Regression | full_0_5 | without_anomaly_scores,test,0.05,top_5.0pct,4843,0.14804873012595499,0.851951269874045,0.5021008403361344,10.040254321840237,5.754532775453278,0.014745515938167962,717
anomaly_recency_gate | Logistic Regression | full_0_5 | without_anomaly_scores,test,0.1,top_10.0pct,9685,0.09819308208569953,0.9018069179143005,0.6659663865546218,6.659182526908543,9.184016824395373,0.014745515938167962,951
balance_gate | LightGBM | random_undersampling,validation,0.005,top_0.5pct,541,0.3179297597042514,0.6820702402957486,0.11862068965517242,23.717121550130667,2.145348837209302,0.013405073589231566,172
balance_gate | LightGBM | random_undersampling,validation,0.01,top_1.0pct,1082,0.256007393715342,0.743992606284658,0.1910344827586207,19.097798457518007,2.9061371841155235,0.013405073589231566,277
balance_gate | LightGBM | random_undersampling,validation,0.02,top_2.0pct,2164,0.19963031423290203,0.800369685767098,0.2979310344827586,14.89214608961693,4.0092592592592595,0.013405073589231566,432
balance_gate | LightGBM | random_undersampling,validation,0.05,top_5.0pct,5409,0.13218709558143835,0.8678129044185616,0.49310344827586206,9.860975003346912,6.565034965034965,0.013405073589231566,715
balance_gate | LightGBM | random_undersampling,validation,0.1,top_10.0pct,10817,0.08680780253304983,0.9131921974669501,0.6475862068965518,6.475742334065472,10.519701810436635,0.013405073589231566,939
balance_gate | LightGBM | random_undersampling,test,0.005,top_0.5pct,485,0.37938144329896906,0.6206185567010309,0.12885154061624648,25.728597418348784,1.6358695652173914,0.014745515938167962,184
balance_gate | LightGBM | random_undersampling,test,0.01,top_1.0pct,969,0.304437564499484,0.695562435500516,0.20658263305322128,20.646111385730762,2.2847457627118644,0.014745515938167962,295
balance_gate | LightGBM | random_undersampling,test,0.02,top_2.0pct,1937,0.23076923076923078,0.7692307692307692,0.3130252100840336,15.650129282482224,3.3333333333333335,0.014745515938167962,447
balance_gate | LightGBM | random_undersampling,test,0.05,top_5.0pct,4843,0.15506917200082593,0.8449308279991741,0.5259103641456583,10.516361221341727,5.448735019973369,0.014745515938167962,751
balance_gate | LightGBM | random_undersampling,test,0.1,top_10.0pct,9685,0.09891584925141972,0.9010841507485803,0.6708683473389355,6.708198591775378,9.109603340292276,0.014745515938167962,958
imbalance_ensemble_gate | Self-paced Ensemble | validation_selected,validation,0.005,top_0.5pct,541,0.3234750462107209,0.6765249537892791,0.1206896551724138,24.130792274842243,2.0914285714285716,0.013405073589231566,175
imbalance_ensemble_gate | Self-paced Ensemble | validation_selected,validation,0.01,top_1.0pct,1082,0.26247689463955637,0.7375231053604436,0.19586206896551725,19.580414303014848,2.8098591549295775,0.013405073589231566,284
imbalance_ensemble_gate | Self-paced Ensemble | validation_selected,validation,0.02,top_2.0pct,2164,0.18299445471349354,0.8170055452865065,0.2731034482758621,13.651133915482186,4.4646464646464645,0.013405073589231566,396
imbalance_ensemble_gate | Self-paced Ensemble | validation_selected,validation,0.05,top_5.0pct,5409,0.12423738214087632,0.8757626178591237,0.463448275862069,9.267937345802972,7.049107142857143,0.013405073589231566,672
imbalance_ensemble_gate | Self-paced Ensemble | validation_selected,validation,0.1,top_10.0pct,10817,0.08135342516409355,0.9186465748359065,0.6068965517241379,6.068853305620463,11.292045454545455,0.013405073589231566,880
imbalance_ensemble_gate | Self-paced Ensemble | validation_selected,test,0.005,top_0.5pct,485,0.3154639175257732,0.6845360824742268,0.10714285714285714,21.393888070692196,2.1699346405228757,0.014745515938167962,153
imbalance_ensemble_gate | Self-paced Ensemble | validation_selected,test,0.01,top_1.0pct,969,0.26006191950464397,0.739938080495356,0.17647058823529413,17.636678200692042,2.8452380952380953,0.014745515938167962,252
imbalance_ensemble_gate | Self-paced Ensemble | validation_selected,test,0.02,top_2.0pct,1937,0.20495611770779557,0.7950438822922045,0.27801120448179273,13.899555537238127,3.8790931989924435,0.014745515938167962,397
imbalance_ensemble_gate | Self-paced Ensemble | validation_selected,test,0.05,top_5.0pct,4843,0.1422671897584142,0.8577328102415858,0.48249299719887956,9.648166286956657,6.029027576197388,0.014745515938167962,689
imbalance_ensemble_gate | Self-paced Ensemble | validation_selected,test,0.1,top_10.0pct,9685,0.09282395456892101,0.907176045431079,0.6295518207282913,6.295063187897771,9.773081201334817,0.014745515938167962,899
anomaly_recency_gate | LightGBM | recent_3_5 | without_anomaly_scores,validation,0.005,top_0.5pct,541,0.32717190388170053,0.6728280961182995,0.12206896551724138,24.406572757983298,2.056497175141243,0.013405073589231566,177
anomaly_recency_gate | LightGBM | recent_3_5 | without_anomaly_scores,validation,0.01,top_1.0pct,1082,0.2532347504621072,0.7467652495378928,0.1889655172413793,18.890963095162213,2.948905109489051,0.013405073589231566,274
anomaly_recency_gate | LightGBM | recent_3_5 | without_anomaly_scores,validation,0.02,top_2.0pct,2164,0.1876155268022181,0.8123844731977818,0.28,13.995859519408501,4.330049261083744,0.013405073589231566,406
anomaly_recency_gate | LightGBM | recent_3_5 | without_anomaly_scores,validation,0.05,top_5.0pct,5409,0.12922906267332224,0.8707709373266778,0.4820689655172414,9.64030982844684,6.738197424892704,0.013405073589231566,699
anomaly_recency_gate | LightGBM | recent_3_5 | without_anomaly_scores,validation,0.1,top_10.0pct,10817,0.08523620227419802,0.914763797725802,0.6358620689655172,6.358503122479622,10.732104121475054,0.013405073589231566,922
anomaly_recency_gate | LightGBM | recent_3_5 | without_anomaly_scores,test,0.005,top_0.5pct,485,0.3752577319587629,0.6247422680412371,0.12745098039215685,25.448938750758035,1.664835164835165,0.014745515938167962,182
anomaly_recency_gate | LightGBM | recent_3_5 | without_anomaly_scores,test,0.01,top_1.0pct,969,0.31991744066047473,0.6800825593395252,0.21708683473389356,21.695913659581482,2.1258064516129034,0.014745515938167962,310
anomaly_recency_gate | LightGBM | recent_3_5 | without_anomaly_scores,test,0.02,top_2.0pct,1937,0.23593185338151781,0.7640681466184822,0.32002801120448177,16.000244031531043,3.238512035010941,0.014745515938167962,457
anomaly_recency_gate | LightGBM | recent_3_5 | without_anomaly_scores,test,0.05,top_5.0pct,4843,0.15073301672517034,0.8492669832748296,0.511204481792717,10.222295195179042,5.634246575342465,0.014745515938167962,730
anomaly_recency_gate | LightGBM | recent_3_5 | without_anomaly_scores,test,0.1,top_10.0pct,9685,0.09747031491997935,0.9025296850800206,0.6610644257703081,6.610166462041708,9.259533898305085,0.014745515938167962,944
anomaly_recency_gate | LightGBM | recent_3_5 | with_isolation_forest_anomaly_score,validation,0.005,top_0.5pct,541,0.31053604436229204,0.689463955637708,0.11586206896551725,23.165560583848553,2.2202380952380953,0.013405073589231566,168
anomaly_recency_gate | LightGBM | recent_3_5 | with_isolation_forest_anomaly_score,validation,0.01,top_1.0pct,1082,0.25693160813308685,0.7430683918669132,0.1917241379310345,19.16674357830327,2.8920863309352516,0.013405073589231566,278
anomaly_recency_gate | LightGBM | recent_3_5 | with_isolation_forest_anomaly_score,validation,0.02,top_2.0pct,2164,0.19500924214417745,0.8049907578558225,0.2910344827586207,14.54742048569061,4.127962085308057,0.013405073589231566,422
anomaly_recency_gate | LightGBM | recent_3_5 | with_isolation_forest_anomaly_score,validation,0.05,top_5.0pct,5409,0.12719541504899243,0.8728045849510075,0.47448275862068967,9.488602520703044,6.861918604651163,0.013405073589231566,688
anomaly_recency_gate | LightGBM | recent_3_5 | with_isolation_forest_anomaly_score,validation,0.1,top_10.0pct,10817,0.08394194323749653,0.9160580567625035,0.6262068965517241,6.261953183526568,10.912995594713657,0.013405073589231566,908
anomaly_recency_gate | LightGBM | recent_3_5 | with_isolation_forest_anomaly_score,test,0.005,top_0.5pct,485,0.3670103092783505,0.6329896907216495,0.12464985994397759,24.88962141557654,1.7247191011235956,0.014745515938167962,178
anomaly_recency_gate | LightGBM | recent_3_5 | with_isolation_forest_anomaly_score,test,0.01,top_1.0pct,969,0.31682146542827655,0.6831785345717234,0.21498599439775912,21.485953204811334,2.1563517915309447,0.014745515938167962,307
anomaly_recency_gate | LightGBM | recent_3_5 | with_isolation_forest_anomaly_score,test,0.02,top_2.0pct,1937,0.23954568921011873,0.7604543107898812,0.32492997198879553,16.245324355865215,3.1745689655172415,0.014745515938167962,464
anomaly_recency_gate | LightGBM | recent_3_5 | with_isolation_forest_anomaly_score,test,0.05,top_5.0pct,4843,0.15073301672517034,0.8492669832748296,0.511204481792717,10.222295195179042,5.634246575342465,0.014745515938167962,730
anomaly_recency_gate | LightGBM | recent_3_5 | with_isolation_forest_anomaly_score,test,0.1,top_10.0pct,9685,0.09695405265875065,0.9030459473412493,0.657563025210084,6.575154987136827,9.314164004259851,0.014745515938167962,939
balance_gate | Random Forest | random_oversampling,validation,0.005,top_0.5pct,541,0.30129390018484287,0.6987060998151571,0.11241379310344828,22.476109375995918,2.3190184049079754,0.013405073589231566,163
balance_gate | Random Forest | random_oversampling,validation,0.01,top_1.0pct,1082,0.24491682070240295,0.755083179297597,0.18275862068965518,18.27045700809484,3.0830188679245283,0.013405073589231566,265
balance_gate | Random Forest | random_oversampling,validation,0.02,top_2.0pct,2164,0.19038817005545286,0.8096118299445472,0.28413793103448276,14.202694881764293,4.252427184466019,0.013405073589231566,412
balance_gate | Random Forest | random_oversampling,validation,0.05,top_5.0pct,5409,0.12590127565169162,0.8740987243483084,0.4696551724137931,9.39206150668426,6.942731277533039,0.013405073589231566,681
balance_gate | Random Forest | random_oversampling,validation,0.1,top_10.0pct,10817,0.08403439031154664,0.9159656096884534,0.6268965517241379,6.268849607737501,10.8998899889989,0.013405073589231566,909
balance_gate | Random Forest | random_oversampling,test,0.005,top_0.5pct,485,0.34845360824742266,0.6515463917525773,0.11834733893557423,23.631157411418176,1.8698224852071006,0.014745515938167962,169
balance_gate | Random Forest | random_oversampling,test,0.01,top_1.0pct,969,0.2786377708978328,0.7213622291021672,0.18907563025210083,18.896440929312902,2.588888888888889,0.014745515938167962,270
balance_gate | Random Forest | random_oversampling,test,0.02,top_2.0pct,1937,0.21321631388745482,0.7867836861125452,0.28921568627450983,14.459739135716237,3.6900726392251815,0.014745515938167962,413
balance_gate | Random Forest | random_oversampling,test,0.05,top_5.0pct,4843,0.14577741069584968,0.8542225893041503,0.4943977591036415,9.886219736707403,5.859773371104816,0.014745515938167962,706
balance_gate | Random Forest | random_oversampling,test,0.1,top_10.0pct,9685,0.09654104284976768,0.9034589571502323,0.6547619047619048,6.547145807212921,9.358288770053475,0.014745515938167962,935
baseline | Random Forest,validation,0.005,top_0.5pct,541,0.2957486136783734,0.7042513863216266,0.1103448275862069,22.06243865128434,2.38125,0.013405073589231566,160
baseline | Random Forest,validation,0.01,top_1.0pct,1082,0.2412199630314233,0.7587800369685767,0.18,17.99467652495379,3.1455938697318007,0.013405073589231566,261
baseline | Random Forest,validation,0.02,top_2.0pct,2164,0.18715341959334567,0.8128465804066544,0.2793103448275862,13.96138695901587,4.3432098765432094,0.013405073589231566,405
baseline | Random Forest,validation,0.05,top_5.0pct,5409,0.12497689036790534,0.8750231096320946,0.46620689655172415,9.32310363952799,7.0014792899408285,0.013405073589231566,676
baseline | Random Forest,validation,0.1,top_10.0pct,10817,0.08310991957104558,0.9168900804289544,0.62,6.199885365628178,11.03225806451613,0.013405073589231566,899
baseline | Random Forest,test,0.005,top_0.5pct,485,0.3463917525773196,0.6536082474226804,0.11764705882352941,23.4913280776228,1.8869047619047619,0.014745515938167962,168
baseline | Random Forest,test,0.01,top_1.0pct,969,0.2848297213622291,0.7151702786377709,0.19327731092436976,19.31636183885319,2.510869565217391,0.014745515938167962,276
baseline | Random Forest,test,0.02,top_2.0pct,1937,0.21115126484254002,0.78884873515746,0.2864145658263305,14.319693236096711,3.7359413202933984,0.014745515938167962,409
baseline | Random Forest,test,0.05,top_5.0pct,4843,0.14453850918851952,0.8554614908114805,0.49019607843137253,9.802200872089493,5.918571428571428,0.014745515938167962,700
baseline | Random Forest,test,0.1,top_10.0pct,9685,0.09695405265875065,0.9030459473412493,0.657563025210084,6.575154987136827,9.314164004259851,0.014745515938167962,939
balance_gate | Random Forest | class_weight,validation,0.005,top_0.5pct,541,0.2957486136783734,0.7042513863216266,0.1103448275862069,22.06243865128434,2.38125,0.013405073589231566,160
balance_gate | Random Forest | class_weight,validation,0.01,top_1.0pct,1082,0.2412199630314233,0.7587800369685767,0.18,17.99467652495379,3.1455938697318007,0.013405073589231566,261
balance_gate | Random Forest | class_weight,validation,0.02,top_2.0pct,2164,0.18715341959334567,0.8128465804066544,0.2793103448275862,13.96138695901587,4.3432098765432094,0.013405073589231566,405
balance_gate | Random Forest | class_weight,validation,0.05,top_5.0pct,5409,0.12497689036790534,0.8750231096320946,0.46620689655172415,9.32310363952799,7.0014792899408285,0.013405073589231566,676
balance_gate | Random Forest | class_weight,validation,0.1,top_10.0pct,10817,0.08310991957104558,0.9168900804289544,0.62,6.199885365628178,11.03225806451613,0.013405073589231566,899
balance_gate | Random Forest | class_weight,test,0.005,top_0.5pct,485,0.3463917525773196,0.6536082474226804,0.11764705882352941,23.4913280776228,1.8869047619047619,0.014745515938167962,168
balance_gate | Random Forest | class_weight,test,0.01,top_1.0pct,969,0.2848297213622291,0.7151702786377709,0.19327731092436976,19.31636183885319,2.510869565217391,0.014745515938167962,276
balance_gate | Random Forest | class_weight,test,0.02,top_2.0pct,1937,0.21115126484254002,0.78884873515746,0.2864145658263305,14.319693236096711,3.7359413202933984,0.014745515938167962,409
balance_gate | Random Forest | class_weight,test,0.05,top_5.0pct,4843,0.14453850918851952,0.8554614908114805,0.49019607843137253,9.802200872089493,5.918571428571428,0.014745515938167962,700
balance_gate | Random Forest | class_weight,test,0.1,top_10.0pct,9685,0.09695405265875065,0.9030459473412493,0.657563025210084,6.575154987136827,9.314164004259851,0.014745515938167962,939
imbalance_ensemble_gate | Self-paced Ensemble | default,validation,0.005,top_0.5pct,541,0.33086876155268025,0.6691312384473198,0.12344827586206897,24.682353241124357,2.022346368715084,0.013405073589231566,179
imbalance_ensemble_gate | Self-paced Ensemble | default,validation,0.01,top_1.0pct,1082,0.27171903881700554,0.7282809611829945,0.20275862068965517,20.269865510867486,2.6802721088435373,0.013405073589231566,294
imbalance_ensemble_gate | Self-paced Ensemble | default,validation,0.02,top_2.0pct,2164,0.1987060998151571,0.8012939001848429,0.296551724137931,14.823200968831664,4.032558139534884,0.013405073589231566,430
imbalance_ensemble_gate | Self-paced Ensemble | default,validation,0.05,top_5.0pct,5409,0.12238861157330375,0.8776113884266963,0.45655172413793105,9.130021611490427,7.170694864048339,0.013405073589231566,662
imbalance_ensemble_gate | Self-paced Ensemble | default,validation,0.1,top_10.0pct,10817,0.08209300175649441,0.9179069982435056,0.6124137931034482,6.124024699307922,11.181306306306306,0.013405073589231566,888
imbalance_ensemble_gate | Self-paced Ensemble | default,test,0.005,top_0.5pct,485,0.3649484536082474,0.6350515463917525,0.12394957983193278,24.749792081781166,1.7401129943502824,0.014745515938167962,177
imbalance_ensemble_gate | Self-paced Ensemble | default,test,0.01,top_1.0pct,969,0.28276573787409703,0.7172342621259029,0.19187675070028012,19.176388202339762,2.5364963503649633,0.014745515938167962,274
imbalance_ensemble_gate | Self-paced Ensemble | default,test,0.02,top_2.0pct,1937,0.21941146102219927,0.7805885389778007,0.2976190476190476,14.879876834574821,3.5576470588235294,0.014745515938167962,425
imbalance_ensemble_gate | Self-paced Ensemble | default,test,0.05,top_5.0pct,4843,0.1474292793722899,0.8525707206277101,0.5,9.998244889531282,5.782913165266106,0.014745515938167962,714
imbalance_ensemble_gate | Self-paced Ensemble | default,test,0.1,top_10.0pct,9685,0.09416623644811564,0.9058337635518844,0.6386554621848739,6.386093022650464,9.619517543859649,0.014745515938167962,912
balance_gate | Random Forest | random_undersampling,validation,0.005,top_0.5pct,541,0.2957486136783734,0.7042513863216266,0.1103448275862069,22.06243865128434,2.38125,0.013405073589231566,160
balance_gate | Random Forest | random_undersampling,validation,0.01,top_1.0pct,1082,0.23937153419593346,0.7606284658040665,0.17862068965517242,17.85678628338326,3.1776061776061777,0.013405073589231566,259
balance_gate | Random Forest | random_undersampling,validation,0.02,top_2.0pct,2164,0.18576709796672827,0.8142329020332717,0.2772413793103448,13.857969277837974,4.383084577114428,0.013405073589231566,402
balance_gate | Random Forest | random_undersampling,validation,0.05,top_5.0pct,5409,0.12442225919763357,0.8755777408023664,0.46413793103448275,9.281728919234226,7.037147102526003,0.013405073589231566,673
balance_gate | Random Forest | random_undersampling,validation,0.1,top_10.0pct,10817,0.08366460201534621,0.9163353979846538,0.6241379310344828,6.241263910893772,10.952486187845304,0.013405073589231566,905
balance_gate | Random Forest | random_undersampling,test,0.005,top_0.5pct,485,0.3319587628865979,0.6680412371134021,0.11274509803921569,22.512522741055186,2.012422360248447,0.014745515938167962,161
balance_gate | Random Forest | random_undersampling,test,0.01,top_1.0pct,969,0.2724458204334365,0.7275541795665634,0.18487394957983194,18.476520019772614,2.6704545454545454,0.014745515938167962,264
balance_gate | Random Forest | random_undersampling,test,0.02,top_2.0pct,1937,0.20856995353639649,0.7914300464636035,0.28291316526610644,14.1446358615723,3.7945544554455446,0.014745515938167962,404
balance_gate | Random Forest | random_undersampling,test,0.05,top_5.0pct,4843,0.1443320256039645,0.8556679743960355,0.4894957983193277,9.788197727986509,5.928469241773962,0.014745515938167962,699
balance_gate | Random Forest | random_undersampling,test,0.1,top_10.0pct,9685,0.09571502323180175,0.9042849767681982,0.6491596638655462,6.49112744736511,9.447680690399137,0.014745515938167962,927
hyperparameter_tuned | Logistic Regression,validation,0.005,top_0.5pct,541,0.32162661737523107,0.6783733826247689,0.12,23.99290203327172,2.1091954022988504,0.013405073589231566,174
hyperparameter_tuned | Logistic Regression,validation,0.01,top_1.0pct,1082,0.2513863216266174,0.7486136783733826,0.18758620689655173,18.75307285359169,2.9779411764705883,0.013405073589231566,272
hyperparameter_tuned | Logistic Regression,validation,0.02,top_2.0pct,2164,0.1899260628465804,0.8100739371534196,0.28344827586206894,14.16822232137166,4.265206812652068,0.013405073589231566,411
hyperparameter_tuned | Logistic Regression,validation,0.05,top_5.0pct,5409,0.12553152153817712,0.8744684784618229,0.46827586206896554,9.364478359821753,6.9661266568483065,0.013405073589231566,679
hyperparameter_tuned | Logistic Regression,validation,0.1,top_10.0pct,10817,0.08218544883054452,0.9178145511694555,0.613103448275862,6.1309211235188545,11.167604049493812,0.013405073589231566,889
hyperparameter_tuned | Logistic Regression,test,0.005,top_0.5pct,485,0.3402061855670103,0.6597938144329897,0.11554621848739496,23.071840076236683,1.9393939393939394,0.014745515938167962,165
hyperparameter_tuned | Logistic Regression,test,0.01,top_1.0pct,969,0.2837977296181631,0.7162022703818369,0.19257703081232494,19.246375020596474,2.5236363636363635,0.014745515938167962,275
hyperparameter_tuned | Logistic Regression,test,0.02,top_2.0pct,1937,0.22663913267940114,0.7733608673205988,0.3074229691876751,15.370037483243168,3.4123006833712983,0.014745515938167962,439
hyperparameter_tuned | Logistic Regression,test,0.05,top_5.0pct,4843,0.14288664051207928,0.8571133594879208,0.484593837535014,9.690175719265612,5.9985549132947975,0.014745515938167962,692
hyperparameter_tuned | Logistic Regression,test,0.1,top_10.0pct,9685,0.09643779039752194,0.903562209602478,0.65406162464986,6.540143512231945,9.369379014989294,0.014745515938167962,934
anomaly_recency_gate | Random Forest | full_0_5 | with_isolation_forest_anomaly_score,validation,0.005,top_0.5pct,541,0.2975970425138632,0.7024029574861368,0.11103448275862068,22.200328892854866,2.360248447204969,0.013405073589231566,161
anomaly_recency_gate | Random Forest | full_0_5 | with_isolation_forest_anomaly_score,validation,0.01,top_1.0pct,1082,0.2365988909426987,0.7634011090573013,0.17655172413793102,17.64995092102747,3.2265625,0.013405073589231566,256
anomaly_recency_gate | Random Forest | full_0_5 | with_isolation_forest_anomaly_score,validation,0.02,top_2.0pct,2164,0.18946395563770796,0.810536044362292,0.2827586206896552,14.13374976097903,4.278048780487805,0.013405073589231566,410
anomaly_recency_gate | Random Forest | full_0_5 | with_isolation_forest_anomaly_score,validation,0.05,top_5.0pct,5409,0.12072471806248844,0.8792752819375116,0.4503448275862069,9.005897450609137,7.283307810107198,0.013405073589231566,653
anomaly_recency_gate | Random Forest | full_0_5 | with_isolation_forest_anomaly_score,validation,0.1,top_10.0pct,10817,0.08190810760839419,0.9180918923916058,0.6110344827586207,6.1102318508860565,11.20880361173815,0.013405073589231566,886
anomaly_recency_gate | Random Forest | full_0_5 | with_isolation_forest_anomaly_score,test,0.005,top_0.5pct,485,0.3463917525773196,0.6536082474226804,0.11764705882352941,23.4913280776228,1.8869047619047619,0.014745515938167962,168
anomaly_recency_gate | Random Forest | full_0_5 | with_isolation_forest_anomaly_score,test,0.01,top_1.0pct,969,0.28173374613003094,0.7182662538699691,0.19117647058823528,19.106401384083043,2.5494505494505493,0.014745515938167962,273
anomaly_recency_gate | Random Forest | full_0_5 | with_isolation_forest_anomaly_score,test,0.02,top_2.0pct,1937,0.21424883840991224,0.7857511615900877,0.29061624649859946,14.529762085526002,3.6674698795180722,0.014745515938167962,415
anomaly_recency_gate | Random Forest | full_0_5 | with_isolation_forest_anomaly_score,test,0.05,top_5.0pct,4843,0.13978938674375388,0.8602106132562461,0.4740896358543417,9.480128557720839,6.153618906942393,0.014745515938167962,677
anomaly_recency_gate | Random Forest | full_0_5 | with_isolation_forest_anomaly_score,test,0.1,top_10.0pct,9685,0.0940629839958699,0.9059370160041301,0.6379551820728291,6.379090727669488,9.631174533479692,0.014745515938167962,911
advanced_gate | Random Forest,validation,0.005,top_0.5pct,541,0.2920517560073937,0.7079482439926064,0.10896551724137932,21.786658168143283,2.4240506329113924,0.013405073589231566,158
advanced_gate | Random Forest,validation,0.01,top_1.0pct,1082,0.24399260628465805,0.756007393715342,0.1820689655172414,18.20151188730958,3.0984848484848486,0.013405073589231566,264
advanced_gate | Random Forest,validation,0.02,top_2.0pct,2164,0.18853974121996303,0.811460258780037,0.2813793103448276,14.064804640193765,4.303921568627451,0.013405073589231566,408
advanced_gate | Random Forest,validation,0.05,top_5.0pct,5409,0.12479201331114809,0.8752079866888519,0.46551724137931033,9.309312066096735,7.013333333333334,0.013405073589231566,675
advanced_gate | Random Forest,validation,0.1,top_10.0pct,10817,0.08181566053434408,0.9181843394656559,0.6103448275862069,6.103335426675124,11.222598870056498,0.013405073589231566,885
advanced_gate | Random Forest,test,0.005,top_0.5pct,485,0.3402061855670103,0.6597938144329897,0.11554621848739496,23.071840076236683,1.9393939393939394,0.014745515938167962,165
advanced_gate | Random Forest,test,0.01,top_1.0pct,969,0.2786377708978328,0.7213622291021672,0.18907563025210083,18.896440929312902,2.588888888888889,0.014745515938167962,270
advanced_gate | Random Forest,test,0.02,top_2.0pct,1937,0.21424883840991224,0.7857511615900877,0.29061624649859946,14.529762085526002,3.6674698795180722,0.014745515938167962,415
advanced_gate | Random Forest,test,0.05,top_5.0pct,4843,0.1416477390047491,0.8583522609952509,0.4803921568627451,9.606156854647702,6.059766763848397,0.014745515938167962,686
advanced_gate | Random Forest,test,0.1,top_10.0pct,9685,0.0950955085183273,0.9049044914816727,0.6449579831932774,6.449113677479252,9.515743756786103,0.014745515938167962,921
anomaly_recency_gate | Random Forest | full_0_5 | without_anomaly_scores,validation,0.005,top_0.5pct,541,0.2920517560073937,0.7079482439926064,0.10896551724137932,21.786658168143283,2.4240506329113924,0.013405073589231566,158
anomaly_recency_gate | Random Forest | full_0_5 | without_anomaly_scores,validation,0.01,top_1.0pct,1082,0.24399260628465805,0.756007393715342,0.1820689655172414,18.20151188730958,3.0984848484848486,0.013405073589231566,264
anomaly_recency_gate | Random Forest | full_0_5 | without_anomaly_scores,validation,0.02,top_2.0pct,2164,0.18853974121996303,0.811460258780037,0.2813793103448276,14.064804640193765,4.303921568627451,0.013405073589231566,408
anomaly_recency_gate | Random Forest | full_0_5 | without_anomaly_scores,validation,0.05,top_5.0pct,5409,0.12479201331114809,0.8752079866888519,0.46551724137931033,9.309312066096735,7.013333333333334,0.013405073589231566,675
anomaly_recency_gate | Random Forest | full_0_5 | without_anomaly_scores,validation,0.1,top_10.0pct,10817,0.08181566053434408,0.9181843394656559,0.6103448275862069,6.103335426675124,11.222598870056498,0.013405073589231566,885
anomaly_recency_gate | Random Forest | full_0_5 | without_anomaly_scores,test,0.005,top_0.5pct,485,0.3402061855670103,0.6597938144329897,0.11554621848739496,23.071840076236683,1.9393939393939394,0.014745515938167962,165
anomaly_recency_gate | Random Forest | full_0_5 | without_anomaly_scores,test,0.01,top_1.0pct,969,0.2786377708978328,0.7213622291021672,0.18907563025210083,18.896440929312902,2.588888888888889,0.014745515938167962,270
anomaly_recency_gate | Random Forest | full_0_5 | without_anomaly_scores,test,0.02,top_2.0pct,1937,0.21424883840991224,0.7857511615900877,0.29061624649859946,14.529762085526002,3.6674698795180722,0.014745515938167962,415
anomaly_recency_gate | Random Forest | full_0_5 | without_anomaly_scores,test,0.05,top_5.0pct,4843,0.1416477390047491,0.8583522609952509,0.4803921568627451,9.606156854647702,6.059766763848397,0.014745515938167962,686
anomaly_recency_gate | Random Forest | full_0_5 | without_anomaly_scores,test,0.1,top_10.0pct,9685,0.0950955085183273,0.9049044914816727,0.6449579831932774,6.449113677479252,9.515743756786103,0.014745515938167962,921
balance_gate | Logistic Regression | random_undersampling,validation,0.005,top_0.5pct,541,0.3123844731977819,0.6876155268022182,0.11655172413793104,23.303450825419084,2.201183431952663,0.013405073589231566,169
balance_gate | Logistic Regression | random_undersampling,validation,0.01,top_1.0pct,1082,0.24491682070240295,0.755083179297597,0.18275862068965518,18.27045700809484,3.0830188679245283,0.013405073589231566,265
balance_gate | Logistic Regression | random_undersampling,validation,0.02,top_2.0pct,2164,0.18715341959334567,0.8128465804066544,0.2793103448275862,13.96138695901587,4.3432098765432094,0.013405073589231566,405
balance_gate | Logistic Regression | random_undersampling,validation,0.05,top_5.0pct,5409,0.12497689036790534,0.8750231096320946,0.46620689655172415,9.32310363952799,7.0014792899408285,0.013405073589231566,676
balance_gate | Logistic Regression | random_undersampling,validation,0.1,top_10.0pct,10817,0.08126097809004346,0.9187390219099565,0.6062068965517241,6.0619568814095315,11.306029579067122,0.013405073589231566,879
balance_gate | Logistic Regression | random_undersampling,test,0.005,top_0.5pct,485,0.32989690721649484,0.6701030927835052,0.11204481792717087,22.37269340725981,2.03125,0.014745515938167962,160
balance_gate | Logistic Regression | random_undersampling,test,0.01,top_1.0pct,969,0.27450980392156865,0.7254901960784313,0.18627450980392157,18.616493656286046,2.642857142857143,0.014745515938167962,266
balance_gate | Logistic Regression | random_undersampling,test,0.02,top_2.0pct,1937,0.2214765100671141,0.7785234899328859,0.3004201680672269,15.019922734194349,3.515151515151515,0.014745515938167962,429
balance_gate | Logistic Regression | random_undersampling,test,0.05,top_5.0pct,4843,0.1414412554201941,0.858558744579806,0.4796918767507003,9.592153710544718,6.07007299270073,0.014745515938167962,685
balance_gate | Logistic Regression | random_undersampling,test,0.1,top_10.0pct,9685,0.09592152813629323,0.9040784718637067,0.6505602240896359,6.505132037327063,9.42518837459634,0.014745515938167962,929
baseline | Logistic Regression,validation,0.005,top_0.5pct,541,0.3142329020332717,0.6857670979667283,0.11724137931034483,23.441341066989608,2.1823529411764704,0.013405073589231566,170
baseline | Logistic Regression,validation,0.01,top_1.0pct,1082,0.2476894639556377,0.7523105360443623,0.18482758620689654,18.477292370450634,3.037313432835821,0.013405073589231566,268
baseline | Logistic Regression,validation,0.02,top_2.0pct,2164,0.1876155268022181,0.8123844731977818,0.28,13.995859519408501,4.330049261083744,0.013405073589231566,406
baseline | Logistic Regression,validation,0.05,top_5.0pct,5409,0.12534664448141986,0.8746533555185801,0.4675862068965517,9.350686786390499,6.977876106194691,0.013405073589231566,678
baseline | Logistic Regression,validation,0.1,top_10.0pct,10817,0.08107608394194324,0.9189239160580568,0.6048275862068966,6.048164032987666,11.334093500570125,0.013405073589231566,877
baseline | Logistic Regression,test,0.005,top_0.5pct,485,0.32989690721649484,0.6701030927835052,0.11204481792717087,22.37269340725981,2.03125,0.014745515938167962,160
baseline | Logistic Regression,test,0.01,top_1.0pct,969,0.2755417956656347,0.7244582043343653,0.1869747899159664,18.68648047454276,2.6292134831460676,0.014745515938167962,267
baseline | Logistic Regression,test,0.02,top_2.0pct,1937,0.2219927723283428,0.7780072276716572,0.3011204481792717,15.054934209099232,3.5046511627906978,0.014745515938167962,430
baseline | Logistic Regression,test,0.05,top_5.0pct,4843,0.1416477390047491,0.8583522609952509,0.4803921568627451,9.606156854647702,6.059766763848397,0.014745515938167962,686
baseline | Logistic Regression,test,0.1,top_10.0pct,9685,0.09623128549303046,0.9037687145069695,0.6526610644257703,6.526138922269992,9.391630901287554,0.014745515938167962,932
balance_gate | Logistic Regression | class_weight,validation,0.005,top_0.5pct,541,0.3142329020332717,0.6857670979667283,0.11724137931034483,23.441341066989608,2.1823529411764704,0.013405073589231566,170
balance_gate | Logistic Regression | class_weight,validation,0.01,top_1.0pct,1082,0.2476894639556377,0.7523105360443623,0.18482758620689654,18.477292370450634,3.037313432835821,0.013405073589231566,268
balance_gate | Logistic Regression | class_weight,validation,0.02,top_2.0pct,2164,0.1876155268022181,0.8123844731977818,0.28,13.995859519408501,4.330049261083744,0.013405073589231566,406
balance_gate | Logistic Regression | class_weight,validation,0.05,top_5.0pct,5409,0.12534664448141986,0.8746533555185801,0.4675862068965517,9.350686786390499,6.977876106194691,0.013405073589231566,678
balance_gate | Logistic Regression | class_weight,validation,0.1,top_10.0pct,10817,0.08107608394194324,0.9189239160580568,0.6048275862068966,6.048164032987666,11.334093500570125,0.013405073589231566,877
balance_gate | Logistic Regression | class_weight,test,0.005,top_0.5pct,485,0.32989690721649484,0.6701030927835052,0.11204481792717087,22.37269340725981,2.03125,0.014745515938167962,160
balance_gate | Logistic Regression | class_weight,test,0.01,top_1.0pct,969,0.2755417956656347,0.7244582043343653,0.1869747899159664,18.68648047454276,2.6292134831460676,0.014745515938167962,267
balance_gate | Logistic Regression | class_weight,test,0.02,top_2.0pct,1937,0.2219927723283428,0.7780072276716572,0.3011204481792717,15.054934209099232,3.5046511627906978,0.014745515938167962,430
balance_gate | Logistic Regression | class_weight,test,0.05,top_5.0pct,4843,0.1416477390047491,0.8583522609952509,0.4803921568627451,9.606156854647702,6.059766763848397,0.014745515938167962,686
balance_gate | Logistic Regression | class_weight,test,0.1,top_10.0pct,9685,0.09623128549303046,0.9037687145069695,0.6526610644257703,6.526138922269992,9.391630901287554,0.014745515938167962,932
anomaly_recency_gate | Random Forest | recent_3_5 | with_isolation_forest_anomaly_score,validation,0.005,top_0.5pct,541,0.2809611829944547,0.7190388170055453,0.10482758620689656,20.95931671872012,2.5592105263157894,0.013405073589231566,152
anomaly_recency_gate | Random Forest | recent_3_5 | with_isolation_forest_anomaly_score,validation,0.01,top_1.0pct,1082,0.24399260628465805,0.756007393715342,0.1820689655172414,18.20151188730958,3.0984848484848486,0.013405073589231566,264
anomaly_recency_gate | Random Forest | recent_3_5 | with_isolation_forest_anomaly_score,validation,0.02,top_2.0pct,2164,0.1843807763401109,0.8156192236598891,0.2751724137931034,13.75455159666008,4.423558897243108,0.013405073589231566,399
anomaly_recency_gate | Random Forest | recent_3_5 | with_isolation_forest_anomaly_score,validation,0.05,top_5.0pct,5409,0.12423738214087632,0.8757626178591237,0.463448275862069,9.267937345802972,7.049107142857143,0.013405073589231566,672
anomaly_recency_gate | Random Forest | recent_3_5 | with_isolation_forest_anomaly_score,validation,0.1,top_10.0pct,10817,0.08338726079319589,0.9166127392068041,0.6220689655172413,6.220574638260974,10.992239467849224,0.013405073589231566,902
anomaly_recency_gate | Random Forest | recent_3_5 | with_isolation_forest_anomaly_score,test,0.005,top_0.5pct,485,0.34845360824742266,0.6515463917525773,0.11834733893557423,23.631157411418176,1.8698224852071006,0.014745515938167962,169
anomaly_recency_gate | Random Forest | recent_3_5 | with_isolation_forest_anomaly_score,test,0.01,top_1.0pct,969,0.27966976264189886,0.7203302373581011,0.18977591036414565,18.966427747569615,2.5756457564575648,0.014745515938167962,271
anomaly_recency_gate | Random Forest | recent_3_5 | with_isolation_forest_anomaly_score,test,0.02,top_2.0pct,1937,0.21424883840991224,0.7857511615900877,0.29061624649859946,14.529762085526002,3.6674698795180722,0.014745515938167962,415
anomaly_recency_gate | Random Forest | recent_3_5 | with_isolation_forest_anomaly_score,test,0.05,top_5.0pct,4843,0.1443320256039645,0.8556679743960355,0.4894957983193277,9.788197727986509,5.928469241773962,0.014745515938167962,699
anomaly_recency_gate | Random Forest | recent_3_5 | with_isolation_forest_anomaly_score,test,0.1,top_10.0pct,9685,0.09519876097057305,0.904801239029427,0.6456582633053222,6.456115972460228,9.504338394793926,0.014745515938167962,922
balance_gate | Logistic Regression | random_oversampling,validation,0.005,top_0.5pct,541,0.3123844731977819,0.6876155268022182,0.11655172413793104,23.303450825419084,2.201183431952663,0.013405073589231566,169
balance_gate | Logistic Regression | random_oversampling,validation,0.01,top_1.0pct,1082,0.2476894639556377,0.7523105360443623,0.18482758620689654,18.477292370450634,3.037313432835821,0.013405073589231566,268
balance_gate | Logistic Regression | random_oversampling,validation,0.02,top_2.0pct,2164,0.18576709796672827,0.8142329020332717,0.2772413793103448,13.857969277837974,4.383084577114428,0.013405073589231566,402
balance_gate | Logistic Regression | random_oversampling,validation,0.05,top_5.0pct,5409,0.12460713625439084,0.8753928637456092,0.46482758620689657,9.295520492665482,7.025222551928783,0.013405073589231566,674
balance_gate | Logistic Regression | random_oversampling,validation,0.1,top_10.0pct,10817,0.08163076638624388,0.9183692336137561,0.6089655172413793,6.08954257825326,11.250283125707814,0.013405073589231566,883
balance_gate | Logistic Regression | random_oversampling,test,0.005,top_0.5pct,485,0.32783505154639175,0.6721649484536083,0.11134453781512606,22.232864073464437,2.050314465408805,0.014745515938167962,159
balance_gate | Logistic Regression | random_oversampling,test,0.01,top_1.0pct,969,0.27450980392156865,0.7254901960784313,0.18627450980392157,18.616493656286046,2.642857142857143,0.014745515938167962,266
balance_gate | Logistic Regression | random_oversampling,test,0.02,top_2.0pct,1937,0.2225090345895715,0.7774909654104285,0.3018207282913165,15.089945684004112,3.4941995359628772,0.014745515938167962,431
balance_gate | Logistic Regression | random_oversampling,test,0.05,top_5.0pct,4843,0.1414412554201941,0.858558744579806,0.4796918767507003,9.592153710544718,6.07007299270073,0.014745515938167962,685
balance_gate | Logistic Regression | random_oversampling,test,0.1,top_10.0pct,9685,0.09592152813629323,0.9040784718637067,0.6505602240896359,6.505132037327063,9.42518837459634,0.014745515938167962,929
anomaly_recency_gate | Random Forest | recent_3_5 | without_anomaly_scores,validation,0.005,top_0.5pct,541,0.2809611829944547,0.7190388170055453,0.10482758620689656,20.95931671872012,2.5592105263157894,0.013405073589231566,152
anomaly_recency_gate | Random Forest | recent_3_5 | without_anomaly_scores,validation,0.01,top_1.0pct,1082,0.24029574861367836,0.7597042513863217,0.1793103448275862,17.925731404168523,3.1615384615384614,0.013405073589231566,260
anomaly_recency_gate | Random Forest | recent_3_5 | without_anomaly_scores,validation,0.02,top_2.0pct,2164,0.18114602587800369,0.8188539741219963,0.27034482758620687,13.513243673911656,4.520408163265306,0.013405073589231566,392
anomaly_recency_gate | Random Forest | recent_3_5 | without_anomaly_scores,validation,0.05,top_5.0pct,5409,0.1222037345165465,0.8777962654834535,0.45586206896551723,9.116230038059173,7.183055975794251,0.013405073589231566,661
anomaly_recency_gate | Random Forest | recent_3_5 | without_anomaly_scores,validation,0.1,top_10.0pct,10817,0.0835721549412961,0.9164278450587039,0.623448275862069,6.23436748668284,10.96570796460177,0.013405073589231566,904
anomaly_recency_gate | Random Forest | recent_3_5 | without_anomaly_scores,test,0.005,top_0.5pct,485,0.3422680412371134,0.6577319587628866,0.11624649859943978,23.211669410032055,1.9216867469879517,0.014745515938167962,166
anomaly_recency_gate | Random Forest | recent_3_5 | without_anomaly_scores,test,0.01,top_1.0pct,969,0.2786377708978328,0.7213622291021672,0.18907563025210083,18.896440929312902,2.588888888888889,0.014745515938167962,270
anomaly_recency_gate | Random Forest | recent_3_5 | without_anomaly_scores,test,0.02,top_2.0pct,1937,0.21321631388745482,0.7867836861125452,0.28921568627450983,14.459739135716237,3.6900726392251815,0.014745515938167962,413
anomaly_recency_gate | Random Forest | recent_3_5 | without_anomaly_scores,test,0.05,top_5.0pct,4843,0.14329960768118935,0.8567003923188107,0.48599439775910364,9.718182007471583,5.978386167146974,0.014745515938167962,694
anomaly_recency_gate | Random Forest | recent_3_5 | without_anomaly_scores,test,0.1,top_10.0pct,9685,0.09561177077955602,0.9043882292204439,0.6484593837535014,6.484125152384134,9.458963282937365,0.014745515938167962,926
anomaly_recency_gate | Random Forest | full_0_5_recency_weighted | without_anomaly_scores,validation,0.005,top_0.5pct,541,0.28650646950092423,0.7134935304990757,0.10689655172413794,21.372987443431704,2.490322580645161,0.013405073589231566,155
anomaly_recency_gate | Random Forest | full_0_5_recency_weighted | without_anomaly_scores,validation,0.01,top_1.0pct,1082,0.23844731977818853,0.7615526802218114,0.17793103448275863,17.787841162597996,3.193798449612403,0.013405073589231566,258
anomaly_recency_gate | Random Forest | full_0_5_recency_weighted | without_anomaly_scores,validation,0.02,top_2.0pct,2164,0.18484288354898337,0.8151571164510166,0.27586206896551724,13.789024157052712,4.41,0.013405073589231566,400
anomaly_recency_gate | Random Forest | full_0_5_recency_weighted | without_anomaly_scores,validation,0.05,top_5.0pct,5409,0.12017008689221667,0.8798299131077834,0.4482758620689655,8.964522730315373,7.321538461538461,0.013405073589231566,650
anomaly_recency_gate | Random Forest | full_0_5_recency_weighted | without_anomaly_scores,validation,0.1,top_10.0pct,10817,0.08172321346029399,0.918276786539706,0.6096551724137931,6.096439002464193,11.236425339366516,0.013405073589231566,884
anomaly_recency_gate | Random Forest | full_0_5_recency_weighted | without_anomaly_scores,test,0.005,top_0.5pct,485,0.32783505154639175,0.6721649484536083,0.11134453781512606,22.232864073464437,2.050314465408805,0.014745515938167962,159
anomaly_recency_gate | Random Forest | full_0_5_recency_weighted | without_anomaly_scores,test,0.01,top_1.0pct,969,0.2776057791537668,0.7223942208462333,0.18837535014005602,18.826454111056186,2.6022304832713754,0.014745515938167962,269
anomaly_recency_gate | Random Forest | full_0_5_recency_weighted | without_anomaly_scores,test,0.02,top_2.0pct,1937,0.21424883840991224,0.7857511615900877,0.29061624649859946,14.529762085526002,3.6674698795180722,0.014745515938167962,415
anomaly_recency_gate | Random Forest | full_0_5_recency_weighted | without_anomaly_scores,test,0.05,top_5.0pct,4843,0.14102828825108404,0.858971711748916,0.47829131652661067,9.564147422338747,6.090775988286969,0.014745515938167962,683
anomaly_recency_gate | Random Forest | full_0_5_recency_weighted | without_anomaly_scores,test,0.1,top_10.0pct,9685,0.09519876097057305,0.904801239029427,0.6456582633053222,6.456115972460228,9.504338394793926,0.014745515938167962,922
anomaly_recency_gate | Random Forest | full_0_5_recency_weighted | with_isolation_forest_anomaly_score,validation,0.005,top_0.5pct,541,0.2902033271719039,0.7097966728280961,0.10827586206896551,21.64876792657276,2.445859872611465,0.013405073589231566,157
anomaly_recency_gate | Random Forest | full_0_5_recency_weighted | with_isolation_forest_anomaly_score,validation,0.01,top_1.0pct,1082,0.23290203327171904,0.7670979667282809,0.17379310344827587,17.374170437886416,3.2936507936507935,0.013405073589231566,252
anomaly_recency_gate | Random Forest | full_0_5_recency_weighted | with_isolation_forest_anomaly_score,validation,0.02,top_2.0pct,2164,0.18622920517560074,0.8137707948243993,0.27793103448275863,13.892441838230607,4.369727047146402,0.013405073589231566,403
anomaly_recency_gate | Random Forest | full_0_5_recency_weighted | with_isolation_forest_anomaly_score,validation,0.05,top_5.0pct,5409,0.12072471806248844,0.8792752819375116,0.4503448275862069,9.005897450609137,7.283307810107198,0.013405073589231566,653
anomaly_recency_gate | Random Forest | full_0_5_recency_weighted | with_isolation_forest_anomaly_score,validation,0.1,top_10.0pct,10817,0.08209300175649441,0.9179069982435056,0.6124137931034482,6.124024699307922,11.181306306306306,0.013405073589231566,888
anomaly_recency_gate | Random Forest | full_0_5_recency_weighted | with_isolation_forest_anomaly_score,test,0.005,top_0.5pct,485,0.33608247422680415,0.6639175257731958,0.11414565826330532,22.792181408645934,1.9754601226993864,0.014745515938167962,163
anomaly_recency_gate | Random Forest | full_0_5_recency_weighted | with_isolation_forest_anomaly_score,test,0.01,top_1.0pct,969,0.27657378740970073,0.7234262125902993,0.1876750700280112,18.756467292799474,2.6156716417910446,0.014745515938167962,268
anomaly_recency_gate | Random Forest | full_0_5_recency_weighted | with_isolation_forest_anomaly_score,test,0.02,top_2.0pct,1937,0.21528136293236966,0.7847186370676303,0.2920168067226891,14.599785035335767,3.645083932853717,0.014745515938167962,417
anomaly_recency_gate | Random Forest | full_0_5_recency_weighted | with_isolation_forest_anomaly_score,test,0.05,top_5.0pct,4843,0.14247367334296923,0.8575263266570308,0.4831932773109244,9.662169431059642,6.018840579710145,0.014745515938167962,690
anomaly_recency_gate | Random Forest | full_0_5_recency_weighted | with_isolation_forest_anomaly_score,test,0.1,top_10.0pct,9685,0.09468249870934435,0.9053175012906557,0.6421568627450981,6.421104497555347,9.561613958560523,0.014745515938167962,917
balance_gate | Logistic Regression | smote,validation,0.005,top_0.5pct,541,0.3123844731977819,0.6876155268022182,0.11655172413793104,23.303450825419084,2.201183431952663,0.013405073589231566,169
balance_gate | Logistic Regression | smote,validation,0.01,top_1.0pct,1082,0.23937153419593346,0.7606284658040665,0.17862068965517242,17.85678628338326,3.1776061776061777,0.013405073589231566,259
balance_gate | Logistic Regression | smote,validation,0.02,top_2.0pct,2164,0.18160813308687615,0.8183918669131238,0.2710344827586207,13.54771623430429,4.506361323155216,0.013405073589231566,393
balance_gate | Logistic Regression | smote,validation,0.05,top_5.0pct,5409,0.1238676280273618,0.8761323719726382,0.46206896551724136,9.240354198940462,7.073134328358209,0.013405073589231566,670
balance_gate | Logistic Regression | smote,validation,0.1,top_10.0pct,10817,0.08116853101599335,0.9188314689840067,0.6055172413793104,6.055060457198599,11.32004555808656,0.013405073589231566,878
balance_gate | Logistic Regression | smote,test,0.005,top_0.5pct,485,0.32783505154639175,0.6721649484536083,0.11134453781512606,22.232864073464437,2.050314465408805,0.014745515938167962,159
balance_gate | Logistic Regression | smote,test,0.01,top_1.0pct,969,0.27038183694530443,0.7296181630546956,0.18347338935574228,18.336546383259186,2.698473282442748,0.014745515938167962,262
balance_gate | Logistic Regression | smote,test,0.02,top_2.0pct,1937,0.21373257614868352,0.7862674238513165,0.28991596638655465,14.49475061062112,3.678743961352657,0.014745515938167962,414
balance_gate | Logistic Regression | smote,test,0.05,top_5.0pct,4843,0.14082180466652902,0.859178195333471,0.47759103641456585,9.550144278235763,6.10117302052786,0.014745515938167962,682
balance_gate | Logistic Regression | smote,test,0.1,top_10.0pct,9685,0.09550851832731028,0.9044914816726897,0.6477591036414566,6.477122857403158,9.47027027027027,0.014745515938167962,925
balance_gate | Random Forest | smote,validation,0.005,top_0.5pct,541,0.23844731977818853,0.7615526802218114,0.08896551724137931,17.787841162597996,3.193798449612403,0.013405073589231566,129
balance_gate | Random Forest | smote,validation,0.01,top_1.0pct,1082,0.2024029574861368,0.7975970425138632,0.1510344827586207,15.098981451972719,3.9406392694063928,0.013405073589231566,219
balance_gate | Random Forest | smote,validation,0.02,top_2.0pct,2164,0.16774491682070242,0.8322550831792976,0.2503448275862069,12.513539422525337,4.961432506887053,0.013405073589231566,363
balance_gate | Random Forest | smote,validation,0.05,top_5.0pct,5409,0.11443889813274173,0.8855611018672582,0.42689655172413793,8.536983953946487,7.7382875605815835,0.013405073589231566,619
balance_gate | Random Forest | smote,validation,0.1,top_10.0pct,10817,0.08135342516409355,0.9186465748359065,0.6068965517241379,6.068853305620463,11.292045454545455,0.013405073589231566,880
balance_gate | Random Forest | smote,test,0.005,top_0.5pct,485,0.29896907216494845,0.7010309278350515,0.1015406162464986,20.275253400329202,2.3448275862068964,0.014745515938167962,145
balance_gate | Random Forest | smote,test,0.01,top_1.0pct,969,0.2590299277605779,0.7409700722394221,0.17577030812324929,17.566691382435327,2.860557768924303,0.014745515938167962,251
balance_gate | Random Forest | smote,test,0.02,top_2.0pct,1937,0.20495611770779557,0.7950438822922045,0.27801120448179273,13.899555537238127,3.8790931989924435,0.014745515938167962,397
balance_gate | Random Forest | smote,test,0.05,top_5.0pct,4843,0.1371051001445385,0.8628948998554615,0.4649859943977591,9.298087684382033,6.293674698795181,0.014745515938167962,664
balance_gate | Random Forest | smote,test,0.1,top_10.0pct,9685,0.09313371192565824,0.9068662880743418,0.6316526610644257,6.316070072840701,9.737250554323724,0.014745515938167962,902
imbalance_ensemble_gate | EasyEnsemble | validation_selected,validation,0.005,top_0.5pct,541,0.2735674676524954,0.7264325323475046,0.10206896551724139,20.407755752438014,2.6554054054054053,0.013405073589231566,148
imbalance_ensemble_gate | EasyEnsemble | validation_selected,validation,0.01,top_1.0pct,1082,0.22181146025878004,0.7781885397412199,0.16551724137931034,16.546828988463254,3.5083333333333333,0.013405073589231566,240
imbalance_ensemble_gate | EasyEnsemble | validation_selected,validation,0.02,top_2.0pct,2164,0.16589648798521256,0.8341035120147875,0.24758620689655172,12.375649180954808,5.027855153203342,0.013405073589231566,359
imbalance_ensemble_gate | EasyEnsemble | validation_selected,validation,0.05,top_5.0pct,5409,0.1136993899057127,0.8863006100942873,0.4241379310344828,8.48181766022147,7.795121951219512,0.013405073589231566,615
imbalance_ensemble_gate | EasyEnsemble | validation_selected,validation,0.1,top_10.0pct,10817,0.08079874271979291,0.9192012572802071,0.6027586206896551,6.027474760354869,11.376430205949656,0.013405073589231566,874
imbalance_ensemble_gate | EasyEnsemble | validation_selected,test,0.005,top_0.5pct,485,0.31752577319587627,0.6824742268041237,0.10784313725490197,21.533717404487568,2.1493506493506493,0.014745515938167962,154
imbalance_ensemble_gate | EasyEnsemble | validation_selected,test,0.01,top_1.0pct,969,0.24148606811145512,0.7585139318885449,0.1638655462184874,16.376915472071182,3.141025641025641,0.014745515938167962,234
imbalance_ensemble_gate | EasyEnsemble | validation_selected,test,0.02,top_2.0pct,1937,0.18327310273619,0.81672689726381,0.24859943977591037,12.429073591233086,4.456338028169014,0.014745515938167962,355
imbalance_ensemble_gate | EasyEnsemble | validation_selected,test,0.05,top_5.0pct,4843,0.13214949411521784,0.8678505058847822,0.4481792717086835,8.962012225910394,6.5671875,0.014745515938167962,640
imbalance_ensemble_gate | EasyEnsemble | validation_selected,test,0.1,top_10.0pct,9685,0.09199793495095508,0.9080020650490449,0.6239495798319328,6.23904482804996,9.869809203142536,0.014745515938167962,891
imbalance_ensemble_gate | EasyEnsemble | default,validation,0.005,top_0.5pct,541,0.24584103512014788,0.7541589648798521,0.09172413793103448,18.339402128880106,3.0676691729323307,0.013405073589231566,133
imbalance_ensemble_gate | EasyEnsemble | default,validation,0.01,top_1.0pct,1082,0.20055452865064696,0.7994454713493531,0.1496551724137931,14.961091210402193,3.986175115207373,0.013405073589231566,217
imbalance_ensemble_gate | EasyEnsemble | default,validation,0.02,top_2.0pct,2164,0.16312384473197783,0.8368761552680222,0.24344827586206896,12.168813818599018,5.1303116147308785,0.013405073589231566,353
imbalance_ensemble_gate | EasyEnsemble | default,validation,0.05,top_5.0pct,5409,0.1107413569975966,0.8892586430024034,0.4131034482758621,8.261152485321398,8.030050083472455,0.013405073589231566,599
imbalance_ensemble_gate | EasyEnsemble | default,validation,0.1,top_10.0pct,10817,0.07636128316538782,0.9236387168346122,0.5696551724137932,5.696446398230116,12.095641646489105,0.013405073589231566,826
imbalance_ensemble_gate | EasyEnsemble | default,test,0.005,top_0.5pct,485,0.2721649484536082,0.7278350515463918,0.09243697478991597,18.457472060989343,2.6742424242424243,0.014745515938167962,132
imbalance_ensemble_gate | EasyEnsemble | default,test,0.01,top_1.0pct,969,0.22703818369453044,0.7729618163054696,0.15406162464985995,15.397100016477179,3.4045454545454548,0.014745515938167962,220
imbalance_ensemble_gate | EasyEnsemble | default,test,0.02,top_2.0pct,1937,0.19204956117707794,0.8079504388229221,0.2605042016806723,13.024268664616079,4.206989247311828,0.014745515938167962,372
imbalance_ensemble_gate | EasyEnsemble | default,test,0.05,top_5.0pct,4843,0.12347718356390668,0.8765228164360933,0.41876750700280113,8.373880173585023,7.09866220735786,0.014745515938167962,598
imbalance_ensemble_gate | EasyEnsemble | default,test,0.1,top_10.0pct,9685,0.08910686628807434,0.9108931337119257,0.6043417366946778,6.042980568582621,10.222479721900347,0.014745515938167962,863
advanced_gate | Decision Tree,validation,0.005,top_0.5pct,541,0.2365988909426987,0.7634011090573013,0.08827586206896551,17.64995092102747,3.2265625,0.013405073589231566,128
advanced_gate | Decision Tree,validation,0.01,top_1.0pct,1082,0.18299445471349354,0.8170055452865065,0.13655172413793104,13.651133915482186,4.4646464646464645,0.013405073589231566,198
advanced_gate | Decision Tree,validation,0.02,top_2.0pct,2164,0.1464879852125693,0.8535120147874307,0.21862068965517242,10.927801644464273,5.826498422712934,0.013405073589231566,317
advanced_gate | Decision Tree,validation,0.05,top_5.0pct,5409,0.10242188944352006,0.89757811055648,0.3820689655172414,7.6405316809149495,8.763537906137184,0.013405073589231566,554
advanced_gate | Decision Tree,validation,0.1,top_10.0pct,10817,0.07386521216603495,0.9261347878339651,0.5510344827586207,5.5102429445349435,12.538172715894868,0.013405073589231566,799
advanced_gate | Decision Tree,test,0.005,top_0.5pct,485,0.2618556701030928,0.7381443298969073,0.08893557422969188,17.758325392012477,2.8188976377952755,0.014745515938167962,127
advanced_gate | Decision Tree,test,0.01,top_1.0pct,969,0.21671826625386997,0.78328173374613,0.14705882352941177,14.697231833910035,3.6142857142857143,0.014745515938167962,210
advanced_gate | Decision Tree,test,0.02,top_2.0pct,1937,0.17036654620547237,0.8296334537945276,0.23109243697478993,11.553786718611036,4.86969696969697,0.014745515938167962,330
advanced_gate | Decision Tree,test,0.05,top_5.0pct,4843,0.12120586413380137,0.8787941358661986,0.4110644257703081,8.21984558845219,7.2504258943781945,0.014745515938167962,587
advanced_gate | Decision Tree,test,0.1,top_10.0pct,9685,0.08580278781621063,0.9141972121837894,0.5819327731092437,5.818907129191377,10.654632972322503,0.014745515938167962,831
balance_gate | Decision Tree | random_undersampling,validation,0.005,top_0.5pct,541,0.1922365988909427,0.8077634011090573,0.07172413793103448,14.340585123334819,4.201923076923077,0.013405073589231566,104
balance_gate | Decision Tree | random_undersampling,validation,0.01,top_1.0pct,1082,0.17652495378927913,0.8234750462107209,0.1317241379310345,13.16851806998534,4.664921465968586,0.013405073589231566,191
balance_gate | Decision Tree | random_undersampling,validation,0.02,top_2.0pct,2164,0.1464879852125693,0.8535120147874307,0.21862068965517242,10.927801644464273,5.826498422712934,0.013405073589231566,317
balance_gate | Decision Tree | random_undersampling,validation,0.05,top_5.0pct,5409,0.10279164355703457,0.8972083564429654,0.383448275862069,7.668114827777459,8.72841726618705,0.013405073589231566,556
balance_gate | Decision Tree | random_undersampling,validation,0.1,top_10.0pct,10817,0.07506702412868632,0.9249329758713136,0.56,5.599896459277063,12.321428571428571,0.013405073589231566,812
balance_gate | Decision Tree | random_undersampling,test,0.005,top_0.5pct,485,0.21649484536082475,0.7835051546391752,0.07352941176470588,14.682080048514251,3.619047619047619,0.014745515938167962,105
balance_gate | Decision Tree | random_undersampling,test,0.01,top_1.0pct,969,0.20639834881320948,0.7936016511867905,0.1400560224089636,13.997363651342889,3.845,0.014745515938167962,200
balance_gate | Decision Tree | random_undersampling,test,0.02,top_2.0pct,1937,0.16572018585441403,0.8342798141455859,0.22478991596638656,11.2386834444671,5.034267912772585,0.014745515938167962,321
balance_gate | Decision Tree | random_undersampling,test,0.05,top_5.0pct,4843,0.118521577534586,0.881478422465414,0.4019607843137255,8.037804715113385,7.437282229965157,0.014745515938167962,574
balance_gate | Decision Tree | random_undersampling,test,0.1,top_10.0pct,9685,0.08322147651006712,0.9167785234899328,0.5644257703081232,5.6438497546669675,11.016129032258064,0.014745515938167962,806
balance_gate | Decision Tree | random_oversampling,validation,0.005,top_0.5pct,541,0.22181146025878004,0.7781885397412199,0.08275862068965517,16.546828988463254,3.5083333333333333,0.013405073589231566,120
balance_gate | Decision Tree | random_oversampling,validation,0.01,top_1.0pct,1082,0.17929759704251386,0.8207024029574861,0.13379310344827586,13.37535343234113,4.577319587628866,0.013405073589231566,194
balance_gate | Decision Tree | random_oversampling,validation,0.02,top_2.0pct,2164,0.13401109057301294,0.865988909426987,0.2,9.997042513863216,6.462068965517242,0.013405073589231566,290
balance_gate | Decision Tree | random_oversampling,validation,0.05,top_5.0pct,5409,0.10427066001109263,0.8957293399889074,0.3889655172413793,7.778447415227494,8.590425531914894,0.013405073589231566,564
balance_gate | Decision Tree | random_oversampling,validation,0.1,top_10.0pct,10817,0.07405010631413515,0.9259498936858649,0.5524137931034483,5.524035792956807,12.504369538077404,0.013405073589231566,801
balance_gate | Decision Tree | random_oversampling,test,0.005,top_0.5pct,485,0.2515463917525773,0.7484536082474227,0.08543417366946779,17.059178723035608,2.9754098360655736,0.014745515938167962,122
balance_gate | Decision Tree | random_oversampling,test,0.01,top_1.0pct,969,0.19711042311661506,0.8028895768833849,0.13375350140056022,13.367482287032459,4.0732984293193715,0.014745515938167962,191
balance_gate | Decision Tree | random_oversampling,test,0.02,top_2.0pct,1937,0.15745998967475477,0.8425400103252452,0.21358543417366946,10.67849984598899,5.350819672131148,0.014745515938167962,305
balance_gate | Decision Tree | random_oversampling,test,0.05,top_5.0pct,4843,0.12079289696469131,0.8792071030353087,0.4096638655462185,8.191839300246219,7.2786324786324785,0.014745515938167962,585
balance_gate | Decision Tree | random_oversampling,test,0.1,top_10.0pct,9685,0.08508002065049045,0.9149199793495095,0.5770308123249299,5.7698910643245425,10.75364077669903,0.014745515938167962,824
baseline | Decision Tree,validation,0.005,top_0.5pct,541,0.15526802218114602,0.844731977818854,0.057931034482758624,11.582780291924276,5.440476190476191,0.013405073589231566,84
baseline | Decision Tree,validation,0.01,top_1.0pct,1082,0.17190388170055454,0.8280961182994455,0.12827586206896552,12.823792466059022,4.817204301075269,0.013405073589231566,186
baseline | Decision Tree,validation,0.02,top_2.0pct,2164,0.13724584103512014,0.8627541589648798,0.20482758620689656,10.238350436611638,6.286195286195286,0.013405073589231566,297
baseline | Decision Tree,validation,0.05,top_5.0pct,5409,0.10445553706784988,0.8955444629321501,0.3896551724137931,7.792238988658749,8.573451327433629,0.013405073589231566,565
baseline | Decision Tree,validation,0.1,top_10.0pct,10817,0.07358787094388462,0.9264121290561154,0.5489655172413793,5.489553671902146,12.589195979899497,0.013405073589231566,796
baseline | Decision Tree,test,0.005,top_0.5pct,485,0.24123711340206186,0.7587628865979381,0.0819327731092437,16.36003205405874,3.1452991452991452,0.014745515938167962,117
baseline | Decision Tree,test,0.01,top_1.0pct,969,0.20639834881320948,0.7936016511867905,0.1400560224089636,13.997363651342889,3.845,0.014745515938167962,200
baseline | Decision Tree,test,0.02,top_2.0pct,1937,0.1621063500258131,0.8378936499741869,0.21988795518207283,10.993603120132926,5.1687898089171975,0.014745515938167962,314
baseline | Decision Tree,test,0.05,top_5.0pct,4843,0.12471608507123684,0.8752839149287631,0.42296918767507,8.457899038202934,7.018211920529802,0.014745515938167962,604
baseline | Decision Tree,test,0.1,top_10.0pct,9685,0.08704181724315953,0.9129581827568405,0.5903361344537815,5.902934668963094,10.488730723606169,0.014745515938167962,843
balance_gate | Decision Tree | class_weight,validation,0.005,top_0.5pct,541,0.15526802218114602,0.844731977818854,0.057931034482758624,11.582780291924276,5.440476190476191,0.013405073589231566,84
balance_gate | Decision Tree | class_weight,validation,0.01,top_1.0pct,1082,0.17190388170055454,0.8280961182994455,0.12827586206896552,12.823792466059022,4.817204301075269,0.013405073589231566,186
balance_gate | Decision Tree | class_weight,validation,0.02,top_2.0pct,2164,0.13724584103512014,0.8627541589648798,0.20482758620689656,10.238350436611638,6.286195286195286,0.013405073589231566,297
balance_gate | Decision Tree | class_weight,validation,0.05,top_5.0pct,5409,0.10445553706784988,0.8955444629321501,0.3896551724137931,7.792238988658749,8.573451327433629,0.013405073589231566,565
balance_gate | Decision Tree | class_weight,validation,0.1,top_10.0pct,10817,0.07358787094388462,0.9264121290561154,0.5489655172413793,5.489553671902146,12.589195979899497,0.013405073589231566,796
balance_gate | Decision Tree | class_weight,test,0.005,top_0.5pct,485,0.24123711340206186,0.7587628865979381,0.0819327731092437,16.36003205405874,3.1452991452991452,0.014745515938167962,117
balance_gate | Decision Tree | class_weight,test,0.01,top_1.0pct,969,0.20639834881320948,0.7936016511867905,0.1400560224089636,13.997363651342889,3.845,0.014745515938167962,200
balance_gate | Decision Tree | class_weight,test,0.02,top_2.0pct,1937,0.1621063500258131,0.8378936499741869,0.21988795518207283,10.993603120132926,5.1687898089171975,0.014745515938167962,314
balance_gate | Decision Tree | class_weight,test,0.05,top_5.0pct,4843,0.12471608507123684,0.8752839149287631,0.42296918767507,8.457899038202934,7.018211920529802,0.014745515938167962,604
balance_gate | Decision Tree | class_weight,test,0.1,top_10.0pct,9685,0.08704181724315953,0.9129581827568405,0.5903361344537815,5.902934668963094,10.488730723606169,0.014745515938167962,843
balance_gate | Decision Tree | smote,validation,0.005,top_0.5pct,541,0.15157116451016636,0.8484288354898336,0.05655172413793103,11.306999808783223,5.597560975609756,0.013405073589231566,82
balance_gate | Decision Tree | smote,validation,0.01,top_1.0pct,1082,0.1423290203327172,0.8576709796672828,0.10620689655172413,10.617548600930588,6.025974025974026,0.013405073589231566,154
balance_gate | Decision Tree | smote,validation,0.02,top_2.0pct,2164,0.12384473197781885,0.8761552680221811,0.18482758620689654,9.238646185225317,7.074626865671642,0.013405073589231566,268
balance_gate | Decision Tree | smote,validation,0.05,top_5.0pct,5409,0.09373266777592901,0.906267332224071,0.3496551724137931,6.992327729645992,9.668639053254438,0.013405073589231566,507
balance_gate | Decision Tree | smote,validation,0.1,top_10.0pct,10817,0.06526763427937506,0.9347323657206249,0.4868965517241379,4.868875492918235,14.321529745042493,0.013405073589231566,706
balance_gate | Decision Tree | smote,test,0.005,top_0.5pct,485,0.19175257731958764,0.8082474226804124,0.06512605042016807,13.004128042969766,4.21505376344086,0.014745515938167962,93
balance_gate | Decision Tree | smote,test,0.01,top_1.0pct,969,0.19607843137254902,0.803921568627451,0.1330532212885154,13.297495468775745,4.1,0.014745515938167962,190
balance_gate | Decision Tree | smote,test,0.02,top_2.0pct,1937,0.1621063500258131,0.8378936499741869,0.21988795518207283,10.993603120132926,5.1687898089171975,0.014745515938167962,314
balance_gate | Decision Tree | smote,test,0.05,top_5.0pct,4843,0.12099938054924633,0.8790006194507537,0.4103641456582633,8.205842444349203,7.264505119453925,0.014745515938167962,586
balance_gate | Decision Tree | smote,test,0.1,top_10.0pct,9685,0.07919463087248323,0.9208053691275168,0.5371148459383753,5.370760250408889,11.627118644067796,0.014745515938167962,767
imbalance_ensemble_gate | Balance Cascade | validation_selected,validation,0.005,top_0.5pct,541,0.08133086876155268,0.9186691312384473,0.030344827586206897,6.0671706291031935,11.295454545454545,0.013405073589231566,44
imbalance_ensemble_gate | Balance Cascade | validation_selected,validation,0.01,top_1.0pct,1082,0.05545286506469501,0.944547134935305,0.041379310344827586,4.1367072471158135,17.033333333333335,0.013405073589231566,60
imbalance_ensemble_gate | Balance Cascade | validation_selected,validation,0.02,top_2.0pct,2164,0.041589648798521256,0.9584103512014788,0.06206896551724138,3.10253043533686,23.044444444444444,0.013405073589231566,90
imbalance_ensemble_gate | Balance Cascade | validation_selected,validation,0.05,top_5.0pct,5409,0.027731558513588463,0.9722684414864116,0.10344827586206896,2.0687360146881635,35.06,0.013405073589231566,150
imbalance_ensemble_gate | Balance Cascade | validation_selected,validation,0.1,top_10.0pct,10817,0.019783673846722753,0.9802163261532773,0.14758620689655172,1.4758347811395218,49.546728971962615,0.013405073589231566,214
imbalance_ensemble_gate | Balance Cascade | validation_selected,test,0.005,top_0.5pct,485,0.10721649484536082,0.8927835051546392,0.036414565826330535,7.2711253573594385,8.326923076923077,0.014745515938167962,52
imbalance_ensemble_gate | Balance Cascade | validation_selected,test,0.01,top_1.0pct,969,0.07327141382868937,0.9267285861713106,0.04971988795518207,4.9690640962267265,12.647887323943662,0.014745515938167962,71
imbalance_ensemble_gate | Balance Cascade | validation_selected,test,0.02,top_2.0pct,1937,0.053691275167785234,0.9463087248322147,0.07282913165266107,3.6411933901077207,17.625,0.014745515938167962,104
imbalance_ensemble_gate | Balance Cascade | validation_selected,test,0.05,top_5.0pct,4843,0.03324385711335949,0.9667561428866405,0.11274509803921569,2.2545062005805834,29.080745341614907,0.014745515938167962,161
imbalance_ensemble_gate | Balance Cascade | validation_selected,test,0.1,top_10.0pct,9685,0.022715539494062985,0.977284460505937,0.15406162464985995,1.540504895814805,43.02272727272727,0.014745515938167962,220
imbalance_ensemble_gate | Balance Cascade | default,validation,0.005,top_0.5pct,541,0.059149722735674676,0.9408502772643254,0.022068965517241378,4.412487730256868,15.90625,0.013405073589231566,32
imbalance_ensemble_gate | Balance Cascade | default,validation,0.01,top_1.0pct,1082,0.036968576709796676,0.9630314232902033,0.027586206896551724,2.7578048314105423,26.05,0.013405073589231566,40
imbalance_ensemble_gate | Balance Cascade | default,validation,0.02,top_2.0pct,2164,0.030961182994454713,0.9690388170055453,0.046206896551724136,2.3096615463063292,31.29850746268657,0.013405073589231566,67
imbalance_ensemble_gate | Balance Cascade | default,validation,0.05,top_5.0pct,5409,0.021630615640599003,0.978369384359401,0.08068965517241379,1.6136140914567676,45.23076923076923,0.013405073589231566,117
imbalance_ensemble_gate | Balance Cascade | default,validation,0.1,top_10.0pct,10817,0.016917814551169457,0.9830821854488305,0.12620689655172415,1.2620456306006191,58.10928961748634,0.013405073589231566,183
imbalance_ensemble_gate | Balance Cascade | default,test,0.005,top_0.5pct,485,0.07010309278350516,0.9298969072164949,0.023809523809523808,4.75419734904271,13.264705882352942,0.014745515938167962,34
imbalance_ensemble_gate | Balance Cascade | default,test,0.01,top_1.0pct,969,0.0412796697626419,0.9587203302373581,0.028011204481792718,2.7994727302685782,23.225,0.014745515938167962,40
imbalance_ensemble_gate | Balance Cascade | default,test,0.02,top_2.0pct,1937,0.036138358286009295,0.9638616417139907,0.049019607843137254,2.4508032433417353,26.67142857142857,0.014745515938167962,70
imbalance_ensemble_gate | Balance Cascade | default,test,0.05,top_5.0pct,4843,0.021680776378277925,0.9783192236217221,0.07352941176470588,1.4703301308134238,45.12380952380953,0.014745515938167962,105
imbalance_ensemble_gate | Balance Cascade | default,test,0.1,top_10.0pct,9685,0.016417139907072793,0.9835828600929272,0.11134453781512606,1.1133649019752454,59.911949685534594,0.014745515938167962,159
