model,model_family,feature_policy,threshold_policy,attribute,group,group_size,fraud_prevalence,alert_rate,precision,fdr,recall_tpr,fnr,fpr,tnr,tp,fp,fn,tn
hyperparameter_tuned | XGBoost,XGBoost,with_housing_status,valid_global_5pct_fpr,housing_status,BA,19182,0.04686685434261287,0.20164737774997393,0.16287487073422957,0.8371251292657704,0.7007786429365962,0.2992213570634038,0.1771044139364437,0.8228955860635563,630,3238,269,15045
hyperparameter_tuned | XGBoost,XGBoost,with_housing_status,valid_global_5pct_fpr,housing_status,BB,23213,0.007151165295308663,0.01912721319950028,0.12837837837837837,0.8716216216216216,0.3433734939759036,0.6566265060240963,0.016791773332754806,0.9832082266672452,57,387,109,22660
hyperparameter_tuned | XGBoost,XGBoost,with_housing_status,valid_global_5pct_fpr,housing_status,BC,37502,0.007092955042397739,0.014772545464241907,0.14259927797833935,0.8574007220216606,0.29699248120300753,0.7030075187969925,0.012756472231174133,0.9872435277688258,79,475,187,36761
hyperparameter_tuned | XGBoost,XGBoost,with_housing_status,valid_global_5pct_fpr,housing_status,BD,4478,0.009379187137114784,0.02657436355515855,0.14285714285714285,0.8571428571428572,0.40476190476190477,0.5952380952380952,0.022993688007213707,0.9770063119927863,17,102,25,4334
hyperparameter_tuned | XGBoost,XGBoost,with_housing_status,valid_global_5pct_fpr,housing_status,BE,12327,0.004380627889997567,0.005516346231848787,0.08823529411764706,0.9117647058823529,0.1111111111111111,0.8888888888888888,0.005051739590972052,0.994948260409028,6,62,48,12211
hyperparameter_tuned | XGBoost,XGBoost,with_housing_status,valid_global_5pct_fpr,housing_status,BF,135,0.007407407407407408,0.022222222222222223,0.3333333333333333,0.6666666666666667,1.0,0.0,0.014925373134328358,0.9850746268656716,1,2,0,132
hyperparameter_tuned | XGBoost,XGBoost,with_housing_status,valid_global_5pct_fpr,housing_status,BG,6,0.0,0.0,0.0,1.0,0.0,,0.0,1.0,0,0,0,6
hyperparameter_tuned | XGBoost,XGBoost,with_housing_status,valid_global_5pct_fpr,employment_status,CA,74882,0.01595844128094869,0.05803797975481424,0.15715600552231937,0.8428439944776807,0.5715481171548117,0.42845188284518826,0.0497102609686919,0.9502897390313081,683,3663,512,70024
hyperparameter_tuned | XGBoost,XGBoost,with_housing_status,valid_global_5pct_fpr,employment_status,CB,11275,0.010199556541019957,0.03184035476718403,0.1309192200557103,0.8690807799442897,0.40869565217391307,0.591304347826087,0.02795698924731183,0.9720430107526882,47,312,68,10848
hyperparameter_tuned | XGBoost,XGBoost,with_housing_status,valid_global_5pct_fpr,employment_status,CC,2265,0.03708609271523179,0.1337748344370861,0.1782178217821782,0.8217821782178218,0.6428571428571429,0.35714285714285715,0.11416781292984869,0.8858321870701513,54,249,30,1932
hyperparameter_tuned | XGBoost,XGBoost,with_housing_status,valid_global_5pct_fpr,employment_status,CD,2513,0.00477516912057302,0.01193792280143255,0.16666666666666666,0.8333333333333334,0.4166666666666667,0.5833333333333334,0.009996001599360257,0.9900039984006398,5,25,7,2476
hyperparameter_tuned | XGBoost,XGBoost,with_housing_status,valid_global_5pct_fpr,employment_status,CE,2252,0.003996447602131439,0.002220248667850799,0.0,1.0,0.0,1.0,0.002229157378510923,0.9977708426214891,0,5,9,2238
hyperparameter_tuned | XGBoost,XGBoost,with_housing_status,valid_global_5pct_fpr,employment_status,CF,3618,0.0030403537866224434,0.0030403537866224434,0.0,1.0,0.0,1.0,0.003049625727751594,0.9969503742722484,0,11,11,3596
hyperparameter_tuned | XGBoost,XGBoost,with_housing_status,valid_global_5pct_fpr,employment_status,CG,38,0.05263157894736842,0.05263157894736842,0.5,0.5,0.5,0.5,0.027777777777777776,0.9722222222222222,1,1,1,35
hyperparameter_tuned | XGBoost,XGBoost,with_housing_status,valid_global_5pct_fpr,customer_age_group,10-20,23953,0.007055483655492005,0.015697407422869788,0.11702127659574468,0.8829787234042553,0.2603550295857988,0.7396449704142012,0.013958964009418096,0.9860410359905819,44,332,125,23452
hyperparameter_tuned | XGBoost,XGBoost,with_housing_status,valid_global_5pct_fpr,customer_age_group,21-30,32363,0.012514291011340111,0.03948954052467324,0.14084507042253522,0.8591549295774648,0.4444444444444444,0.5555555555555556,0.03435759434257463,0.9656424056574253,180,1098,225,30860
hyperparameter_tuned | XGBoost,XGBoost,with_housing_status,valid_global_5pct_fpr,customer_age_group,31-40,27860,0.01564967695620962,0.061306532663316586,0.15515222482435598,0.844847775175644,0.6077981651376146,0.3922018348623853,0.0526181446907818,0.9473818553092183,265,1443,171,25981
hyperparameter_tuned | XGBoost,XGBoost,with_housing_status,valid_global_5pct_fpr,customer_age_group,41-50,9725,0.026323907455012854,0.1155784061696658,0.1601423487544484,0.8398576512455516,0.703125,0.296875,0.09969373745907699,0.900306262540923,180,944,76,8525
hyperparameter_tuned | XGBoost,XGBoost,with_housing_status,valid_global_5pct_fpr,customer_age_group,51+,2942,0.055064581917063225,0.1937457511896669,0.21228070175438596,0.787719298245614,0.7469135802469136,0.25308641975308643,0.16151079136690646,0.8384892086330935,121,449,41,2331
hyperparameter_tuned | XGBoost,XGBoost,with_housing_status,valid_global_5pct_fpr,income_group,high_0.7_0.9,64414,0.01797745831651504,0.06518769211662061,0.15813288878304357,0.8418671112169565,0.5734024179620034,0.4265975820379965,0.05588402681168585,0.9441159731883142,664,3535,494,59721
hyperparameter_tuned | XGBoost,XGBoost,with_housing_status,valid_global_5pct_fpr,income_group,low_0.1_0.3,20645,0.007217243884717849,0.022765802857834826,0.1425531914893617,0.8574468085106383,0.44966442953020136,0.5503355704697986,0.019662373145979704,0.9803376268540203,67,403,82,20093
hyperparameter_tuned | XGBoost,XGBoost,with_housing_status,valid_global_5pct_fpr,income_group,mid_0.4_0.6,11784,0.01026816021724372,0.03284114052953157,0.1524547803617571,0.8475452196382429,0.48760330578512395,0.512396694214876,0.028123124410529023,0.971876875589471,59,328,62,11335
hyperparameter_tuned | XGBoost,XGBoost,with_housing_status,valid_business_fdr30,housing_status,BA,19182,0.04686685434261287,0.0004170576582212491,0.875,0.125,0.00778642936596218,0.9922135706340378,5.4695618880927636e-05,0.9999453043811191,7,1,892,18282
hyperparameter_tuned | XGBoost,XGBoost,with_housing_status,valid_business_fdr30,housing_status,BB,23213,0.007151165295308663,0.0,0.0,1.0,0.0,1.0,0.0,1.0,0,0,166,23047
hyperparameter_tuned | XGBoost,XGBoost,with_housing_status,valid_business_fdr30,housing_status,BC,37502,0.007092955042397739,2.666524452029225e-05,1.0,0.0,0.0037593984962406013,0.9962406015037594,0.0,1.0,1,0,265,37236
hyperparameter_tuned | XGBoost,XGBoost,with_housing_status,valid_business_fdr30,housing_status,BD,4478,0.009379187137114784,0.0,0.0,1.0,0.0,1.0,0.0,1.0,0,0,42,4436
hyperparameter_tuned | XGBoost,XGBoost,with_housing_status,valid_business_fdr30,housing_status,BE,12327,0.004380627889997567,0.0,0.0,1.0,0.0,1.0,0.0,1.0,0,0,54,12273
hyperparameter_tuned | XGBoost,XGBoost,with_housing_status,valid_business_fdr30,housing_status,BF,135,0.007407407407407408,0.0,0.0,1.0,0.0,1.0,0.0,1.0,0,0,1,134
hyperparameter_tuned | XGBoost,XGBoost,with_housing_status,valid_business_fdr30,housing_status,BG,6,0.0,0.0,0.0,1.0,0.0,,0.0,1.0,0,0,0,6
hyperparameter_tuned | XGBoost,XGBoost,with_housing_status,valid_business_fdr30,employment_status,CA,74882,0.01595844128094869,0.00010683475334526322,0.875,0.125,0.005857740585774059,0.994142259414226,1.3570914815367704e-05,0.9999864290851846,7,1,1188,73686
hyperparameter_tuned | XGBoost,XGBoost,with_housing_status,valid_business_fdr30,employment_status,CB,11275,0.010199556541019957,0.0,0.0,1.0,0.0,1.0,0.0,1.0,0,0,115,11160
hyperparameter_tuned | XGBoost,XGBoost,with_housing_status,valid_business_fdr30,employment_status,CC,2265,0.03708609271523179,0.0004415011037527594,1.0,0.0,0.011904761904761904,0.9880952380952381,0.0,1.0,1,0,83,2181
hyperparameter_tuned | XGBoost,XGBoost,with_housing_status,valid_business_fdr30,employment_status,CD,2513,0.00477516912057302,0.0,0.0,1.0,0.0,1.0,0.0,1.0,0,0,12,2501
hyperparameter_tuned | XGBoost,XGBoost,with_housing_status,valid_business_fdr30,employment_status,CE,2252,0.003996447602131439,0.0,0.0,1.0,0.0,1.0,0.0,1.0,0,0,9,2243
hyperparameter_tuned | XGBoost,XGBoost,with_housing_status,valid_business_fdr30,employment_status,CF,3618,0.0030403537866224434,0.0,0.0,1.0,0.0,1.0,0.0,1.0,0,0,11,3607
hyperparameter_tuned | XGBoost,XGBoost,with_housing_status,valid_business_fdr30,employment_status,CG,38,0.05263157894736842,0.0,0.0,1.0,0.0,1.0,0.0,1.0,0,0,2,36
hyperparameter_tuned | XGBoost,XGBoost,with_housing_status,valid_business_fdr30,customer_age_group,10-20,23953,0.007055483655492005,0.0,0.0,1.0,0.0,1.0,0.0,1.0,0,0,169,23784
hyperparameter_tuned | XGBoost,XGBoost,with_housing_status,valid_business_fdr30,customer_age_group,21-30,32363,0.012514291011340111,3.0899483978617555e-05,0.0,1.0,0.0,1.0,3.129106952875649e-05,0.9999687089304713,0,1,405,31957
hyperparameter_tuned | XGBoost,XGBoost,with_housing_status,valid_business_fdr30,customer_age_group,31-40,27860,0.01564967695620962,0.00014357501794687725,1.0,0.0,0.009174311926605505,0.9908256880733946,0.0,1.0,4,0,432,27424
hyperparameter_tuned | XGBoost,XGBoost,with_housing_status,valid_business_fdr30,customer_age_group,41-50,9725,0.026323907455012854,0.00020565552699228792,1.0,0.0,0.0078125,0.9921875,0.0,1.0,2,0,254,9469
hyperparameter_tuned | XGBoost,XGBoost,with_housing_status,valid_business_fdr30,customer_age_group,51+,2942,0.055064581917063225,0.0006798096532970768,1.0,0.0,0.012345679012345678,0.9876543209876543,0.0,1.0,2,0,160,2780
hyperparameter_tuned | XGBoost,XGBoost,with_housing_status,valid_business_fdr30,income_group,high_0.7_0.9,64414,0.01797745831651504,0.00013972117862576458,0.8888888888888888,0.11111111111111116,0.0069084628670120895,0.9930915371329879,1.5808777033008725e-05,0.999984191222967,8,1,1150,63255
hyperparameter_tuned | XGBoost,XGBoost,with_housing_status,valid_business_fdr30,income_group,low_0.1_0.3,20645,0.007217243884717849,0.0,0.0,1.0,0.0,1.0,0.0,1.0,0,0,149,20496
hyperparameter_tuned | XGBoost,XGBoost,with_housing_status,valid_business_fdr30,income_group,mid_0.4_0.6,11784,0.01026816021724372,0.0,0.0,1.0,0.0,1.0,0.0,1.0,0,0,121,11663
hyperparameter_tuned | XGBoost,XGBoost,with_housing_status,valid_cost_sensitive_10_to_1,housing_status,BA,19182,0.04686685434261287,0.12840162652486706,0.20665854648802273,0.7933414535119773,0.5661846496106785,0.43381535038932145,0.1068752392933326,0.8931247607066674,509,1954,390,16329
hyperparameter_tuned | XGBoost,XGBoost,with_housing_status,valid_cost_sensitive_10_to_1,housing_status,BB,23213,0.007151165295308663,0.009046654891655537,0.2,0.8,0.25301204819277107,0.7469879518072289,0.0072894519894129385,0.9927105480105871,42,168,124,22879
hyperparameter_tuned | XGBoost,XGBoost,with_housing_status,valid_cost_sensitive_10_to_1,housing_status,BC,37502,0.007092955042397739,0.006719641619113648,0.21825396825396826,0.7817460317460317,0.20676691729323307,0.793233082706767,0.005290579009560641,0.9947094209904394,55,197,211,37039
hyperparameter_tuned | XGBoost,XGBoost,with_housing_status,valid_cost_sensitive_10_to_1,housing_status,BD,4478,0.009379187137114784,0.00982581509602501,0.25,0.75,0.2619047619047619,0.7380952380952381,0.007439134355275023,0.992560865644725,11,33,31,4403
hyperparameter_tuned | XGBoost,XGBoost,with_housing_status,valid_cost_sensitive_10_to_1,housing_status,BE,12327,0.004380627889997567,0.0017035775127768314,0.14285714285714285,0.8571428571428572,0.05555555555555555,0.9444444444444444,0.0014666340747983377,0.9985333659252017,3,18,51,12255
hyperparameter_tuned | XGBoost,XGBoost,with_housing_status,valid_cost_sensitive_10_to_1,housing_status,BF,135,0.007407407407407408,0.0,0.0,1.0,0.0,1.0,0.0,1.0,0,0,1,134
hyperparameter_tuned | XGBoost,XGBoost,with_housing_status,valid_cost_sensitive_10_to_1,housing_status,BG,6,0.0,0.0,0.0,1.0,0.0,,0.0,1.0,0,0,0,6
hyperparameter_tuned | XGBoost,XGBoost,with_housing_status,valid_cost_sensitive_10_to_1,employment_status,CA,74882,0.01595844128094869,0.034788066558051334,0.2072936660268714,0.7927063339731286,0.45188284518828453,0.5481171548117155,0.02802393909373431,0.9719760609062656,540,2065,655,71622
hyperparameter_tuned | XGBoost,XGBoost,with_housing_status,valid_cost_sensitive_10_to_1,employment_status,CB,11275,0.010199556541019957,0.014545454545454545,0.16463414634146342,0.8353658536585366,0.23478260869565218,0.7652173913043478,0.012275985663082438,0.9877240143369176,27,137,88,11023
hyperparameter_tuned | XGBoost,XGBoost,with_housing_status,valid_cost_sensitive_10_to_1,employment_status,CC,2265,0.03708609271523179,0.08785871964679912,0.24623115577889448,0.7537688442211055,0.5833333333333334,0.4166666666666667,0.0687757909215956,0.9312242090784044,49,150,35,2031
hyperparameter_tuned | XGBoost,XGBoost,with_housing_status,valid_cost_sensitive_10_to_1,employment_status,CD,2513,0.00477516912057302,0.005571030640668524,0.2857142857142857,0.7142857142857143,0.3333333333333333,0.6666666666666666,0.003998400639744102,0.9960015993602559,4,10,8,2491
hyperparameter_tuned | XGBoost,XGBoost,with_housing_status,valid_cost_sensitive_10_to_1,employment_status,CE,2252,0.003996447602131439,0.0004440497335701599,0.0,1.0,0.0,1.0,0.00044583147570218456,0.9995541685242978,0,1,9,2242
hyperparameter_tuned | XGBoost,XGBoost,with_housing_status,valid_cost_sensitive_10_to_1,employment_status,CF,3618,0.0030403537866224434,0.001658374792703151,0.0,1.0,0.0,1.0,0.0016634322151372332,0.9983365677848628,0,6,11,3601
hyperparameter_tuned | XGBoost,XGBoost,with_housing_status,valid_cost_sensitive_10_to_1,employment_status,CG,38,0.05263157894736842,0.02631578947368421,0.0,1.0,0.0,1.0,0.027777777777777776,0.9722222222222222,0,1,2,35
hyperparameter_tuned | XGBoost,XGBoost,with_housing_status,valid_cost_sensitive_10_to_1,customer_age_group,10-20,23953,0.007055483655492005,0.0075564647434559346,0.143646408839779,0.856353591160221,0.15384615384615385,0.8461538461538461,0.0065169862092162795,0.9934830137907837,26,155,143,23629
hyperparameter_tuned | XGBoost,XGBoost,with_housing_status,valid_cost_sensitive_10_to_1,customer_age_group,21-30,32363,0.012514291011340111,0.022618422272348053,0.18442622950819673,0.8155737704918032,0.3333333333333333,0.6666666666666666,0.018680768508667626,0.9813192314913324,135,597,270,31361
hyperparameter_tuned | XGBoost,XGBoost,with_housing_status,valid_cost_sensitive_10_to_1,customer_age_group,31-40,27860,0.01564967695620962,0.03621679827709978,0.20118929633300298,0.798810703666997,0.46559633027522934,0.5344036697247706,0.02939031505250875,0.9706096849474912,203,806,233,26618
hyperparameter_tuned | XGBoost,XGBoost,with_housing_status,valid_cost_sensitive_10_to_1,customer_age_group,41-50,9725,0.026323907455012854,0.07115681233933162,0.21820809248554912,0.7817919075144508,0.58984375,0.41015625,0.05713380504805154,0.9428661949519485,151,541,105,8928
hyperparameter_tuned | XGBoost,XGBoost,with_housing_status,valid_cost_sensitive_10_to_1,customer_age_group,51+,2942,0.055064581917063225,0.12780421481985044,0.27925531914893614,0.7207446808510638,0.6481481481481481,0.35185185185185186,0.0974820143884892,0.9025179856115108,105,271,57,2509
hyperparameter_tuned | XGBoost,XGBoost,with_housing_status,valid_cost_sensitive_10_to_1,income_group,high_0.7_0.9,64414,0.01797745831651504,0.03924612661843699,0.20688291139240506,0.7931170886075949,0.45164075993091535,0.5483592400690847,0.031696597951182494,0.9683034020488175,523,2005,635,61251
hyperparameter_tuned | XGBoost,XGBoost,with_housing_status,valid_cost_sensitive_10_to_1,income_group,low_0.1_0.3,20645,0.007217243884717849,0.01191571809154759,0.21951219512195122,0.7804878048780488,0.3624161073825503,0.6375838926174496,0.00936768149882904,0.990632318501171,54,192,95,20304
hyperparameter_tuned | XGBoost,XGBoost,with_housing_status,valid_cost_sensitive_10_to_1,income_group,mid_0.4_0.6,11784,0.01026816021724372,0.018329938900203666,0.19907407407407407,0.8009259259259259,0.35537190082644626,0.6446280991735537,0.014833233301894882,0.9851667666981051,43,173,78,11490
advanced_gate | CatBoost,CatBoost,with_housing_status,valid_global_5pct_fpr,housing_status,BA,19182,0.04686685434261287,0.18715462412678552,0.16935933147632312,0.8306406685236769,0.6763070077864294,0.3236929922135706,0.16310233550292622,0.8368976644970738,608,2982,291,15301
advanced_gate | CatBoost,CatBoost,with_housing_status,valid_global_5pct_fpr,housing_status,BB,23213,0.007151165295308663,0.016025502950932666,0.13440860215053763,0.8655913978494624,0.30120481927710846,0.6987951807228916,0.0139714496463748,0.9860285503536252,50,322,116,22725
advanced_gate | CatBoost,CatBoost,with_housing_status,valid_global_5pct_fpr,housing_status,BC,37502,0.007092955042397739,0.01125273318756333,0.16587677725118483,0.8341232227488151,0.2631578947368421,0.7368421052631579,0.009453217316575358,0.9905467826834247,70,352,196,36884
advanced_gate | CatBoost,CatBoost,with_housing_status,valid_global_5pct_fpr,housing_status,BD,4478,0.009379187137114784,0.0305940151853506,0.11678832116788321,0.8832116788321168,0.38095238095238093,0.6190476190476191,0.02727682596934175,0.9727231740306582,16,121,26,4315
advanced_gate | CatBoost,CatBoost,with_housing_status,valid_global_5pct_fpr,housing_status,BE,12327,0.004380627889997567,0.004542873367404884,0.08928571428571429,0.9107142857142857,0.09259259259259259,0.9074074074074074,0.004155463211928624,0.9958445367880714,5,51,49,12222
advanced_gate | CatBoost,CatBoost,with_housing_status,valid_global_5pct_fpr,housing_status,BF,135,0.007407407407407408,0.022222222222222223,0.3333333333333333,0.6666666666666667,1.0,0.0,0.014925373134328358,0.9850746268656716,1,2,0,132
advanced_gate | CatBoost,CatBoost,with_housing_status,valid_global_5pct_fpr,housing_status,BG,6,0.0,0.0,0.0,1.0,0.0,,0.0,1.0,0,0,0,6
advanced_gate | CatBoost,CatBoost,with_housing_status,valid_global_5pct_fpr,employment_status,CA,74882,0.01595844128094869,0.05264282471087845,0.16489091831557584,0.8351090816844242,0.5439330543933054,0.4560669456066946,0.04467545157219048,0.9553245484278096,650,3292,545,70395
advanced_gate | CatBoost,CatBoost,with_housing_status,valid_global_5pct_fpr,employment_status,CB,11275,0.010199556541019957,0.03219512195121951,0.12396694214876033,0.8760330578512396,0.391304347826087,0.6086956521739131,0.02849462365591398,0.9715053763440861,45,318,70,10842
advanced_gate | CatBoost,CatBoost,with_housing_status,valid_global_5pct_fpr,employment_status,CC,2265,0.03708609271523179,0.09536423841059603,0.23148148148148148,0.7685185185185185,0.5952380952380952,0.40476190476190477,0.0761118752865658,0.9238881247134342,50,166,34,2015
advanced_gate | CatBoost,CatBoost,with_housing_status,valid_global_5pct_fpr,employment_status,CD,2513,0.00477516912057302,0.010744130521289296,0.14814814814814814,0.8518518518518519,0.3333333333333333,0.6666666666666666,0.009196321471411436,0.9908036785285885,4,23,8,2478
advanced_gate | CatBoost,CatBoost,with_housing_status,valid_global_5pct_fpr,employment_status,CE,2252,0.003996447602131439,0.0053285968028419185,0.08333333333333333,0.9166666666666666,0.1111111111111111,0.8888888888888888,0.00490414623272403,0.9950958537672759,1,11,8,2232
advanced_gate | CatBoost,CatBoost,with_housing_status,valid_global_5pct_fpr,employment_status,CF,3618,0.0030403537866224434,0.005251520176893312,0.0,1.0,0.0,1.0,0.005267535347934572,0.9947324646520654,0,19,11,3588
advanced_gate | CatBoost,CatBoost,with_housing_status,valid_global_5pct_fpr,employment_status,CG,38,0.05263157894736842,0.02631578947368421,0.0,1.0,0.0,1.0,0.027777777777777776,0.9722222222222222,0,1,2,35
advanced_gate | CatBoost,CatBoost,with_housing_status,valid_global_5pct_fpr,customer_age_group,10-20,23953,0.007055483655492005,0.011856552415146328,0.12323943661971831,0.8767605633802817,0.20710059171597633,0.7928994082840237,0.010469223007063572,0.9895307769929365,35,249,134,23535
advanced_gate | CatBoost,CatBoost,with_housing_status,valid_global_5pct_fpr,customer_age_group,21-30,32363,0.012514291011340111,0.03324784476099249,0.1607806691449814,0.8392193308550187,0.4271604938271605,0.5728395061728395,0.028255835784467113,0.9717441642155329,173,903,232,31055
advanced_gate | CatBoost,CatBoost,with_housing_status,valid_global_5pct_fpr,customer_age_group,31-40,27860,0.01564967695620962,0.0583632447954056,0.15190651906519065,0.8480934809348093,0.5665137614678899,0.4334862385321101,0.05028442240373396,0.949715577596266,247,1379,189,26045
advanced_gate | CatBoost,CatBoost,with_housing_status,valid_global_5pct_fpr,customer_age_group,41-50,9725,0.026323907455012854,0.11043701799485861,0.16666666666666666,0.8333333333333334,0.69921875,0.30078125,0.09451895659520541,0.9054810434047946,179,895,77,8574
advanced_gate | CatBoost,CatBoost,with_housing_status,valid_global_5pct_fpr,customer_age_group,51+,2942,0.055064581917063225,0.17675050985723997,0.2230769230769231,0.7769230769230769,0.7160493827160493,0.2839506172839506,0.14532374100719425,0.8546762589928057,116,404,46,2376
advanced_gate | CatBoost,CatBoost,with_housing_status,valid_global_5pct_fpr,income_group,high_0.7_0.9,64414,0.01797745831651504,0.061523892321545,0.16149381781478678,0.8385061821852132,0.5526770293609672,0.4473229706390328,0.052532566080688,0.947467433919312,640,3323,518,59933
advanced_gate | CatBoost,CatBoost,with_housing_status,valid_global_5pct_fpr,income_group,low_0.1_0.3,20645,0.007217243884717849,0.016662630176798258,0.1744186046511628,0.8255813953488372,0.40268456375838924,0.5973154362416108,0.013856362217017954,0.9861436377829821,60,284,89,20212
advanced_gate | CatBoost,CatBoost,with_housing_status,valid_global_5pct_fpr,income_group,mid_0.4_0.6,11784,0.01026816021724372,0.023167006109979633,0.18315018315018314,0.8168498168498168,0.4132231404958678,0.5867768595041323,0.01912029494984138,0.9808797050501586,50,223,71,11440
advanced_gate | CatBoost,CatBoost,with_housing_status,valid_business_fdr30,housing_status,BA,19182,0.04686685434261287,0.0005213220727765613,1.0,0.0,0.011123470522803115,0.9888765294771968,0.0,1.0,10,0,889,18283
advanced_gate | CatBoost,CatBoost,with_housing_status,valid_business_fdr30,housing_status,BB,23213,0.007151165295308663,0.0,0.0,1.0,0.0,1.0,0.0,1.0,0,0,166,23047
advanced_gate | CatBoost,CatBoost,with_housing_status,valid_business_fdr30,housing_status,BC,37502,0.007092955042397739,5.33304890405845e-05,0.5,0.5,0.0037593984962406013,0.9962406015037594,2.6855731012998174e-05,0.999973144268987,1,1,265,37235
advanced_gate | CatBoost,CatBoost,with_housing_status,valid_business_fdr30,housing_status,BD,4478,0.009379187137114784,0.0,0.0,1.0,0.0,1.0,0.0,1.0,0,0,42,4436
advanced_gate | CatBoost,CatBoost,with_housing_status,valid_business_fdr30,housing_status,BE,12327,0.004380627889997567,0.0,0.0,1.0,0.0,1.0,0.0,1.0,0,0,54,12273
advanced_gate | CatBoost,CatBoost,with_housing_status,valid_business_fdr30,housing_status,BF,135,0.007407407407407408,0.0,0.0,1.0,0.0,1.0,0.0,1.0,0,0,1,134
advanced_gate | CatBoost,CatBoost,with_housing_status,valid_business_fdr30,housing_status,BG,6,0.0,0.0,0.0,1.0,0.0,,0.0,1.0,0,0,0,6
advanced_gate | CatBoost,CatBoost,with_housing_status,valid_business_fdr30,employment_status,CA,74882,0.01595844128094869,0.00014689778584973693,0.9090909090909091,0.09090909090909094,0.008368200836820083,0.9916317991631799,1.3570914815367704e-05,0.9999864290851846,10,1,1185,73686
advanced_gate | CatBoost,CatBoost,with_housing_status,valid_business_fdr30,employment_status,CB,11275,0.010199556541019957,0.0,0.0,1.0,0.0,1.0,0.0,1.0,0,0,115,11160
advanced_gate | CatBoost,CatBoost,with_housing_status,valid_business_fdr30,employment_status,CC,2265,0.03708609271523179,0.0004415011037527594,1.0,0.0,0.011904761904761904,0.9880952380952381,0.0,1.0,1,0,83,2181
advanced_gate | CatBoost,CatBoost,with_housing_status,valid_business_fdr30,employment_status,CD,2513,0.00477516912057302,0.0,0.0,1.0,0.0,1.0,0.0,1.0,0,0,12,2501
advanced_gate | CatBoost,CatBoost,with_housing_status,valid_business_fdr30,employment_status,CE,2252,0.003996447602131439,0.0,0.0,1.0,0.0,1.0,0.0,1.0,0,0,9,2243
advanced_gate | CatBoost,CatBoost,with_housing_status,valid_business_fdr30,employment_status,CF,3618,0.0030403537866224434,0.0,0.0,1.0,0.0,1.0,0.0,1.0,0,0,11,3607
advanced_gate | CatBoost,CatBoost,with_housing_status,valid_business_fdr30,employment_status,CG,38,0.05263157894736842,0.0,0.0,1.0,0.0,1.0,0.0,1.0,0,0,2,36
advanced_gate | CatBoost,CatBoost,with_housing_status,valid_business_fdr30,customer_age_group,10-20,23953,0.007055483655492005,0.0,0.0,1.0,0.0,1.0,0.0,1.0,0,0,169,23784
advanced_gate | CatBoost,CatBoost,with_housing_status,valid_business_fdr30,customer_age_group,21-30,32363,0.012514291011340111,3.0899483978617555e-05,1.0,0.0,0.0024691358024691358,0.9975308641975309,0.0,1.0,1,0,404,31958
advanced_gate | CatBoost,CatBoost,with_housing_status,valid_business_fdr30,customer_age_group,31-40,27860,0.01564967695620962,0.00010768126346015793,1.0,0.0,0.006880733944954129,0.9931192660550459,0.0,1.0,3,0,433,27424
advanced_gate | CatBoost,CatBoost,with_housing_status,valid_business_fdr30,customer_age_group,41-50,9725,0.026323907455012854,0.00020565552699228792,1.0,0.0,0.0078125,0.9921875,0.0,1.0,2,0,254,9469
advanced_gate | CatBoost,CatBoost,with_housing_status,valid_business_fdr30,customer_age_group,51+,2942,0.055064581917063225,0.0020394289598912306,0.8333333333333334,0.16666666666666663,0.030864197530864196,0.9691358024691358,0.00035971223021582735,0.9996402877697842,5,1,157,2779
advanced_gate | CatBoost,CatBoost,with_housing_status,valid_business_fdr30,income_group,high_0.7_0.9,64414,0.01797745831651504,0.00017077032943149006,0.9090909090909091,0.09090909090909094,0.008635578583765112,0.9913644214162349,1.5808777033008725e-05,0.999984191222967,10,1,1148,63255
advanced_gate | CatBoost,CatBoost,with_housing_status,valid_business_fdr30,income_group,low_0.1_0.3,20645,0.007217243884717849,4.843787842092516e-05,1.0,0.0,0.006711409395973154,0.9932885906040269,0.0,1.0,1,0,148,20496
advanced_gate | CatBoost,CatBoost,with_housing_status,valid_business_fdr30,income_group,mid_0.4_0.6,11784,0.01026816021724372,0.0,0.0,1.0,0.0,1.0,0.0,1.0,0,0,121,11663
advanced_gate | CatBoost,CatBoost,with_housing_status,valid_cost_sensitive_10_to_1,housing_status,BA,19182,0.04686685434261287,0.10676676050463976,0.23193359375,0.76806640625,0.5283648498331479,0.47163515016685204,0.08603620849969917,0.9139637915003008,475,1573,424,16710
advanced_gate | CatBoost,CatBoost,with_housing_status,valid_cost_sensitive_10_to_1,housing_status,BB,23213,0.007151165295308663,0.006935768750269245,0.2422360248447205,0.7577639751552795,0.23493975903614459,0.7650602409638554,0.005293530611359396,0.9947064693886406,39,122,127,22925
advanced_gate | CatBoost,CatBoost,with_housing_status,valid_cost_sensitive_10_to_1,housing_status,BC,37502,0.007092955042397739,0.004426430590368514,0.25301204819277107,0.7469879518072289,0.15789473684210525,0.8421052631578947,0.0033301106456117735,0.9966698893543883,42,124,224,37112
advanced_gate | CatBoost,CatBoost,with_housing_status,valid_cost_sensitive_10_to_1,housing_status,BD,4478,0.009379187137114784,0.012728896828941492,0.21052631578947367,0.7894736842105263,0.2857142857142857,0.7142857142857143,0.010144274120829576,0.9898557258791705,12,45,30,4391
advanced_gate | CatBoost,CatBoost,with_housing_status,valid_cost_sensitive_10_to_1,housing_status,BE,12327,0.004380627889997567,0.0013790865579621967,0.23529411764705882,0.7647058823529411,0.07407407407407407,0.9259259259259259,0.0010592357206876885,0.9989407642793123,4,13,50,12260
advanced_gate | CatBoost,CatBoost,with_housing_status,valid_cost_sensitive_10_to_1,housing_status,BF,135,0.007407407407407408,0.007407407407407408,0.0,1.0,0.0,1.0,0.007462686567164179,0.9925373134328358,0,1,1,133
advanced_gate | CatBoost,CatBoost,with_housing_status,valid_cost_sensitive_10_to_1,housing_status,BG,6,0.0,0.0,0.0,1.0,0.0,,0.0,1.0,0,0,0,6
advanced_gate | CatBoost,CatBoost,with_housing_status,valid_cost_sensitive_10_to_1,employment_status,CA,74882,0.01595844128094869,0.028671776929035015,0.23567768979972054,0.7643223102002794,0.42343096234309624,0.5765690376569038,0.022269871212018403,0.9777301287879816,506,1641,689,72046
advanced_gate | CatBoost,CatBoost,with_housing_status,valid_cost_sensitive_10_to_1,employment_status,CB,11275,0.010199556541019957,0.014900221729490022,0.16071428571428573,0.8392857142857143,0.23478260869565218,0.7652173913043478,0.012634408602150538,0.9873655913978494,27,141,88,11019
advanced_gate | CatBoost,CatBoost,with_housing_status,valid_cost_sensitive_10_to_1,employment_status,CC,2265,0.03708609271523179,0.04944812362030905,0.32142857142857145,0.6785714285714286,0.42857142857142855,0.5714285714285714,0.03484640073360844,0.9651535992663915,36,76,48,2105
advanced_gate | CatBoost,CatBoost,with_housing_status,valid_cost_sensitive_10_to_1,employment_status,CD,2513,0.00477516912057302,0.004377238360525269,0.2727272727272727,0.7272727272727273,0.25,0.75,0.003198720511795282,0.9968012794882047,3,8,9,2493
advanced_gate | CatBoost,CatBoost,with_housing_status,valid_cost_sensitive_10_to_1,employment_status,CE,2252,0.003996447602131439,0.0017761989342806395,0.0,1.0,0.0,1.0,0.0017833259028087382,0.9982166740971913,0,4,9,2239
advanced_gate | CatBoost,CatBoost,with_housing_status,valid_cost_sensitive_10_to_1,employment_status,CF,3618,0.0030403537866224434,0.0019347705914870095,0.0,1.0,0.0,1.0,0.0019406709176601053,0.9980593290823399,0,7,11,3600
advanced_gate | CatBoost,CatBoost,with_housing_status,valid_cost_sensitive_10_to_1,employment_status,CG,38,0.05263157894736842,0.02631578947368421,0.0,1.0,0.0,1.0,0.027777777777777776,0.9722222222222222,0,1,2,35
advanced_gate | CatBoost,CatBoost,with_housing_status,valid_cost_sensitive_10_to_1,customer_age_group,10-20,23953,0.007055483655492005,0.005009810879639294,0.2,0.8,0.14201183431952663,0.8579881656804734,0.004036326942482341,0.9959636730575177,24,96,145,23688
advanced_gate | CatBoost,CatBoost,with_housing_status,valid_cost_sensitive_10_to_1,customer_age_group,21-30,32363,0.012514291011340111,0.016284028056731452,0.21821631878557876,0.7817836812144212,0.2839506172839506,0.7160493827160493,0.012891920645847675,0.9871080793541523,115,412,290,31546
advanced_gate | CatBoost,CatBoost,with_housing_status,valid_cost_sensitive_10_to_1,customer_age_group,31-40,27860,0.01564967695620962,0.030976310122038764,0.21784472769409038,0.7821552723059096,0.43119266055045874,0.5688073394495413,0.0246134772462077,0.9753865227537923,188,675,248,26749
advanced_gate | CatBoost,CatBoost,with_housing_status,valid_cost_sensitive_10_to_1,customer_age_group,41-50,9725,0.026323907455012854,0.06313624678663239,0.24104234527687296,0.758957654723127,0.578125,0.421875,0.049213222093146054,0.950786777906854,148,466,108,9003
advanced_gate | CatBoost,CatBoost,with_housing_status,valid_cost_sensitive_10_to_1,customer_age_group,51+,2942,0.055064581917063225,0.11080897348742352,0.29754601226993865,0.7024539877300613,0.5987654320987654,0.4012345679012346,0.08237410071942446,0.9176258992805756,97,229,65,2551
advanced_gate | CatBoost,CatBoost,with_housing_status,valid_cost_sensitive_10_to_1,income_group,high_0.7_0.9,64414,0.01797745831651504,0.03342441084236346,0.2299117510450534,0.7700882489549465,0.4274611398963731,0.572538860103627,0.026210952320728467,0.9737890476792715,495,1658,663,61598
advanced_gate | CatBoost,CatBoost,with_housing_status,valid_cost_sensitive_10_to_1,income_group,low_0.1_0.3,20645,0.007217243884717849,0.007798498425768951,0.2484472049689441,0.7515527950310559,0.2684563758389262,0.7315436241610739,0.005903590944574551,0.9940964090554254,40,121,109,20375
advanced_gate | CatBoost,CatBoost,with_housing_status,valid_cost_sensitive_10_to_1,income_group,mid_0.4_0.6,11784,0.01026816021724372,0.011541072640868975,0.27205882352941174,0.7279411764705883,0.30578512396694213,0.6942148760330579,0.008488382062934065,0.9915116179370659,37,99,84,11564
balance_gate | XGBoost | class_weight,XGBoost,with_housing_status,valid_global_5pct_fpr,housing_status,BA,19182,0.04686685434261287,0.2023772286518611,0.16177228232869656,0.8382277176713034,0.6985539488320356,0.3014460511679644,0.17797954383853853,0.8220204561614615,628,3254,271,15029
balance_gate | XGBoost | class_weight,XGBoost,with_housing_status,valid_global_5pct_fpr,housing_status,BB,23213,0.007151165295308663,0.01387153750053849,0.14285714285714285,0.8571428571428572,0.27710843373493976,0.7228915662650602,0.011975528268321257,0.9880244717316787,46,276,120,22771
balance_gate | XGBoost | class_weight,XGBoost,with_housing_status,valid_global_5pct_fpr,housing_status,BC,37502,0.007092955042397739,0.0103194496293531,0.17054263565891473,0.8294573643410853,0.24812030075187969,0.7518796992481203,0.008620689655172414,0.9913793103448276,66,321,200,36915
balance_gate | XGBoost | class_weight,XGBoost,with_housing_status,valid_global_5pct_fpr,housing_status,BD,4478,0.009379187137114784,0.018535060294774454,0.1686746987951807,0.8313253012048193,0.3333333333333333,0.6666666666666666,0.015554553651938684,0.9844454463480613,14,69,28,4367
balance_gate | XGBoost | class_weight,XGBoost,with_housing_status,valid_global_5pct_fpr,housing_status,BE,12327,0.004380627889997567,0.0028392958546280523,0.11428571428571428,0.8857142857142857,0.07407407407407407,0.9259259259259259,0.002525869795486026,0.9974741302045139,4,31,50,12242
balance_gate | XGBoost | class_weight,XGBoost,with_housing_status,valid_global_5pct_fpr,housing_status,BF,135,0.007407407407407408,0.014814814814814815,0.5,0.5,1.0,0.0,0.007462686567164179,0.9925373134328358,1,1,0,133
balance_gate | XGBoost | class_weight,XGBoost,with_housing_status,valid_global_5pct_fpr,housing_status,BG,6,0.0,0.0,0.0,1.0,0.0,,0.0,1.0,0,0,0,6
balance_gate | XGBoost | class_weight,XGBoost,with_housing_status,valid_global_5pct_fpr,employment_status,CA,74882,0.01595844128094869,0.053818006997676346,0.16327543424317617,0.8367245657568239,0.5506276150627615,0.44937238493723847,0.0457611247574199,0.9542388752425801,658,3372,537,70315
balance_gate | XGBoost | class_weight,XGBoost,with_housing_status,valid_global_5pct_fpr,employment_status,CB,11275,0.010199556541019957,0.03263858093126386,0.11684782608695653,0.8831521739130435,0.3739130434782609,0.6260869565217392,0.029121863799283155,0.9708781362007168,43,325,72,10835
balance_gate | XGBoost | class_weight,XGBoost,with_housing_status,valid_global_5pct_fpr,employment_status,CC,2265,0.03708609271523179,0.11346578366445915,0.19844357976653695,0.8015564202334631,0.6071428571428571,0.39285714285714285,0.09445208619899129,0.9055479138010087,51,206,33,1975
balance_gate | XGBoost | class_weight,XGBoost,with_housing_status,valid_global_5pct_fpr,employment_status,CD,2513,0.00477516912057302,0.012335853561480302,0.16129032258064516,0.8387096774193549,0.4166666666666667,0.5833333333333334,0.010395841663334666,0.9896041583366654,5,26,7,2475
balance_gate | XGBoost | class_weight,XGBoost,with_housing_status,valid_global_5pct_fpr,employment_status,CE,2252,0.003996447602131439,0.0053285968028419185,0.08333333333333333,0.9166666666666666,0.1111111111111111,0.8888888888888888,0.00490414623272403,0.9950958537672759,1,11,8,2232
balance_gate | XGBoost | class_weight,XGBoost,with_housing_status,valid_global_5pct_fpr,employment_status,CF,3618,0.0030403537866224434,0.002763957987838585,0.0,1.0,0.0,1.0,0.0027723870252287217,0.9972276129747712,0,10,11,3597
balance_gate | XGBoost | class_weight,XGBoost,with_housing_status,valid_global_5pct_fpr,employment_status,CG,38,0.05263157894736842,0.07894736842105263,0.3333333333333333,0.6666666666666667,0.5,0.5,0.05555555555555555,0.9444444444444444,1,2,1,34
balance_gate | XGBoost | class_weight,XGBoost,with_housing_status,valid_global_5pct_fpr,customer_age_group,10-20,23953,0.007055483655492005,0.013317747255041121,0.12225705329153605,0.877742946708464,0.23076923076923078,0.7692307692307693,0.011772620248906828,0.9882273797510932,39,280,130,23504
balance_gate | XGBoost | class_weight,XGBoost,with_housing_status,valid_global_5pct_fpr,customer_age_group,21-30,32363,0.012514291011340111,0.036059697803046686,0.14738646101113967,0.8526135389888603,0.4246913580246914,0.5753086419753086,0.03113461418111271,0.9688653858188873,172,995,233,30963
balance_gate | XGBoost | class_weight,XGBoost,with_housing_status,valid_global_5pct_fpr,customer_age_group,31-40,27860,0.01564967695620962,0.05926058865757358,0.15626892792247124,0.8437310720775287,0.591743119266055,0.40825688073394495,0.05079492415402567,0.9492050758459744,258,1393,178,26031
balance_gate | XGBoost | class_weight,XGBoost,with_housing_status,valid_global_5pct_fpr,customer_age_group,41-50,9725,0.026323907455012854,0.11033419023136247,0.16495806150978565,0.8350419384902144,0.69140625,0.30859375,0.09462456436793748,0.9053754356320626,177,896,79,8573
balance_gate | XGBoost | class_weight,XGBoost,with_housing_status,valid_global_5pct_fpr,customer_age_group,51+,2942,0.055064581917063225,0.17029231815091775,0.22554890219560877,0.7744510978043913,0.6975308641975309,0.30246913580246915,0.13956834532374102,0.860431654676259,113,388,49,2392
balance_gate | XGBoost | class_weight,XGBoost,with_housing_status,valid_global_5pct_fpr,income_group,high_0.7_0.9,64414,0.01797745831651504,0.0626106125997454,0.16017852715100422,0.8398214728489958,0.5578583765112263,0.4421416234887737,0.053544327810800554,0.9464556721891995,646,3387,512,59869
balance_gate | XGBoost | class_weight,XGBoost,with_housing_status,valid_global_5pct_fpr,income_group,low_0.1_0.3,20645,0.007217243884717849,0.018261080164688786,0.16180371352785147,0.8381962864721485,0.40939597315436244,0.5906040268456376,0.015417642466822794,0.9845823575331772,61,316,88,20180
balance_gate | XGBoost | class_weight,XGBoost,with_housing_status,valid_global_5pct_fpr,income_group,mid_0.4_0.6,11784,0.01026816021724372,0.025543109300746776,0.17275747508305647,0.8272425249169435,0.4297520661157025,0.5702479338842975,0.021349567006773557,0.9786504329932264,52,249,69,11414
balance_gate | XGBoost | class_weight,XGBoost,with_housing_status,valid_business_fdr30,housing_status,BA,19182,0.04686685434261287,0.00046918986549890525,0.8888888888888888,0.11111111111111116,0.008898776418242492,0.9911012235817576,5.4695618880927636e-05,0.9999453043811191,8,1,891,18282
balance_gate | XGBoost | class_weight,XGBoost,with_housing_status,valid_business_fdr30,housing_status,BB,23213,0.007151165295308663,0.0,0.0,1.0,0.0,1.0,0.0,1.0,0,0,166,23047
balance_gate | XGBoost | class_weight,XGBoost,with_housing_status,valid_business_fdr30,housing_status,BC,37502,0.007092955042397739,0.0,0.0,1.0,0.0,1.0,0.0,1.0,0,0,266,37236
balance_gate | XGBoost | class_weight,XGBoost,with_housing_status,valid_business_fdr30,housing_status,BD,4478,0.009379187137114784,0.0,0.0,1.0,0.0,1.0,0.0,1.0,0,0,42,4436
balance_gate | XGBoost | class_weight,XGBoost,with_housing_status,valid_business_fdr30,housing_status,BE,12327,0.004380627889997567,0.0,0.0,1.0,0.0,1.0,0.0,1.0,0,0,54,12273
balance_gate | XGBoost | class_weight,XGBoost,with_housing_status,valid_business_fdr30,housing_status,BF,135,0.007407407407407408,0.0,0.0,1.0,0.0,1.0,0.0,1.0,0,0,1,134
balance_gate | XGBoost | class_weight,XGBoost,with_housing_status,valid_business_fdr30,housing_status,BG,6,0.0,0.0,0.0,1.0,0.0,,0.0,1.0,0,0,0,6
balance_gate | XGBoost | class_weight,XGBoost,with_housing_status,valid_business_fdr30,employment_status,CA,74882,0.01595844128094869,0.00012018909751342112,0.8888888888888888,0.11111111111111116,0.0066945606694560665,0.9933054393305439,1.3570914815367704e-05,0.9999864290851846,8,1,1187,73686
balance_gate | XGBoost | class_weight,XGBoost,with_housing_status,valid_business_fdr30,employment_status,CB,11275,0.010199556541019957,0.0,0.0,1.0,0.0,1.0,0.0,1.0,0,0,115,11160
balance_gate | XGBoost | class_weight,XGBoost,with_housing_status,valid_business_fdr30,employment_status,CC,2265,0.03708609271523179,0.0,0.0,1.0,0.0,1.0,0.0,1.0,0,0,84,2181
balance_gate | XGBoost | class_weight,XGBoost,with_housing_status,valid_business_fdr30,employment_status,CD,2513,0.00477516912057302,0.0,0.0,1.0,0.0,1.0,0.0,1.0,0,0,12,2501
balance_gate | XGBoost | class_weight,XGBoost,with_housing_status,valid_business_fdr30,employment_status,CE,2252,0.003996447602131439,0.0,0.0,1.0,0.0,1.0,0.0,1.0,0,0,9,2243
balance_gate | XGBoost | class_weight,XGBoost,with_housing_status,valid_business_fdr30,employment_status,CF,3618,0.0030403537866224434,0.0,0.0,1.0,0.0,1.0,0.0,1.0,0,0,11,3607
balance_gate | XGBoost | class_weight,XGBoost,with_housing_status,valid_business_fdr30,employment_status,CG,38,0.05263157894736842,0.0,0.0,1.0,0.0,1.0,0.0,1.0,0,0,2,36
balance_gate | XGBoost | class_weight,XGBoost,with_housing_status,valid_business_fdr30,customer_age_group,10-20,23953,0.007055483655492005,0.0,0.0,1.0,0.0,1.0,0.0,1.0,0,0,169,23784
balance_gate | XGBoost | class_weight,XGBoost,with_housing_status,valid_business_fdr30,customer_age_group,21-30,32363,0.012514291011340111,3.0899483978617555e-05,1.0,0.0,0.0024691358024691358,0.9975308641975309,0.0,1.0,1,0,404,31958
balance_gate | XGBoost | class_weight,XGBoost,with_housing_status,valid_business_fdr30,customer_age_group,31-40,27860,0.01564967695620962,0.00010768126346015793,1.0,0.0,0.006880733944954129,0.9931192660550459,0.0,1.0,3,0,433,27424
balance_gate | XGBoost | class_weight,XGBoost,with_housing_status,valid_business_fdr30,customer_age_group,41-50,9725,0.026323907455012854,0.0003084832904884319,0.6666666666666666,0.33333333333333337,0.0078125,0.9921875,0.00010560777273207308,0.999894392227268,2,1,254,9468
balance_gate | XGBoost | class_weight,XGBoost,with_housing_status,valid_business_fdr30,customer_age_group,51+,2942,0.055064581917063225,0.0006798096532970768,1.0,0.0,0.012345679012345678,0.9876543209876543,0.0,1.0,2,0,160,2780
balance_gate | XGBoost | class_weight,XGBoost,with_housing_status,valid_business_fdr30,income_group,high_0.7_0.9,64414,0.01797745831651504,0.00013972117862576458,0.8888888888888888,0.11111111111111116,0.0069084628670120895,0.9930915371329879,1.5808777033008725e-05,0.999984191222967,8,1,1150,63255
balance_gate | XGBoost | class_weight,XGBoost,with_housing_status,valid_business_fdr30,income_group,low_0.1_0.3,20645,0.007217243884717849,0.0,0.0,1.0,0.0,1.0,0.0,1.0,0,0,149,20496
balance_gate | XGBoost | class_weight,XGBoost,with_housing_status,valid_business_fdr30,income_group,mid_0.4_0.6,11784,0.01026816021724372,0.0,0.0,1.0,0.0,1.0,0.0,1.0,0,0,121,11663
balance_gate | XGBoost | class_weight,XGBoost,with_housing_status,valid_cost_sensitive_10_to_1,housing_status,BA,19182,0.04686685434261287,0.11427379835262225,0.2125912408759124,0.7874087591240876,0.5183537263626251,0.48164627363737483,0.0944046381884811,0.9055953618115189,466,1726,433,16557
balance_gate | XGBoost | class_weight,XGBoost,with_housing_status,valid_cost_sensitive_10_to_1,housing_status,BB,23213,0.007151165295308663,0.0048248826088829536,0.25,0.75,0.1686746987951807,0.8313253012048193,0.0036447259947064692,0.9963552740052936,28,84,138,22963
balance_gate | XGBoost | class_weight,XGBoost,with_housing_status,valid_cost_sensitive_10_to_1,housing_status,BC,37502,0.007092955042397739,0.0034398165431177,0.24031007751937986,0.7596899224806202,0.11654135338345864,0.8834586466165414,0.002631861639273821,0.9973681383607261,31,98,235,37138
balance_gate | XGBoost | class_weight,XGBoost,with_housing_status,valid_cost_sensitive_10_to_1,housing_status,BD,4478,0.009379187137114784,0.007592675301473872,0.29411764705882354,0.7058823529411764,0.23809523809523808,0.7619047619047619,0.005410279531109108,0.9945897204688909,10,24,32,4412
balance_gate | XGBoost | class_weight,XGBoost,with_housing_status,valid_cost_sensitive_10_to_1,housing_status,BE,12327,0.004380627889997567,0.000892350125740245,0.18181818181818182,0.8181818181818181,0.037037037037037035,0.9629629629629629,0.0007333170373991689,0.9992666829626008,2,9,52,12264
balance_gate | XGBoost | class_weight,XGBoost,with_housing_status,valid_cost_sensitive_10_to_1,housing_status,BF,135,0.007407407407407408,0.0,0.0,1.0,0.0,1.0,0.0,1.0,0,0,1,134
balance_gate | XGBoost | class_weight,XGBoost,with_housing_status,valid_cost_sensitive_10_to_1,housing_status,BG,6,0.0,0.0,0.0,1.0,0.0,,0.0,1.0,0,0,0,6
balance_gate | XGBoost | class_weight,XGBoost,with_housing_status,valid_cost_sensitive_10_to_1,employment_status,CA,74882,0.01595844128094869,0.02881867471488475,0.21779425393883226,0.7822057460611678,0.39330543933054396,0.606694560669456,0.022907704208340686,0.9770922957916593,470,1688,725,71999
balance_gate | XGBoost | class_weight,XGBoost,with_housing_status,valid_cost_sensitive_10_to_1,employment_status,CB,11275,0.010199556541019957,0.01401330376940133,0.1518987341772152,0.8481012658227848,0.20869565217391303,0.7913043478260869,0.012007168458781362,0.9879928315412186,24,134,91,11026
balance_gate | XGBoost | class_weight,XGBoost,with_housing_status,valid_cost_sensitive_10_to_1,employment_status,CC,2265,0.03708609271523179,0.06445916114790287,0.273972602739726,0.726027397260274,0.47619047619047616,0.5238095238095238,0.048601558917927556,0.9513984410820725,40,106,44,2075
balance_gate | XGBoost | class_weight,XGBoost,with_housing_status,valid_cost_sensitive_10_to_1,employment_status,CD,2513,0.00477516912057302,0.004377238360525269,0.2727272727272727,0.7272727272727273,0.25,0.75,0.003198720511795282,0.9968012794882047,3,8,9,2493
balance_gate | XGBoost | class_weight,XGBoost,with_housing_status,valid_cost_sensitive_10_to_1,employment_status,CE,2252,0.003996447602131439,0.0004440497335701599,0.0,1.0,0.0,1.0,0.00044583147570218456,0.9995541685242978,0,1,9,2242
balance_gate | XGBoost | class_weight,XGBoost,with_housing_status,valid_cost_sensitive_10_to_1,employment_status,CF,3618,0.0030403537866224434,0.001105583195135434,0.0,1.0,0.0,1.0,0.0011089548100914888,0.9988910451899086,0,4,11,3603
balance_gate | XGBoost | class_weight,XGBoost,with_housing_status,valid_cost_sensitive_10_to_1,employment_status,CG,38,0.05263157894736842,0.0,0.0,1.0,0.0,1.0,0.0,1.0,0,0,2,36
balance_gate | XGBoost | class_weight,XGBoost,with_housing_status,valid_cost_sensitive_10_to_1,customer_age_group,10-20,23953,0.007055483655492005,0.005844779359579176,0.14285714285714285,0.8571428571428572,0.11834319526627218,0.8816568047337278,0.005045408678102927,0.9949545913218971,20,120,149,23664
balance_gate | XGBoost | class_weight,XGBoost,with_housing_status,valid_cost_sensitive_10_to_1,customer_age_group,21-30,32363,0.012514291011340111,0.017736303803726476,0.19337979094076654,0.8066202090592335,0.2740740740740741,0.725925925925926,0.014487765191814257,0.9855122348081857,111,463,294,31495
balance_gate | XGBoost | class_weight,XGBoost,with_housing_status,valid_cost_sensitive_10_to_1,customer_age_group,31-40,27860,0.01564967695620962,0.030976310122038764,0.20973348783314022,0.7902665121668597,0.4151376146788991,0.5848623853211009,0.02486872812135356,0.9751312718786465,181,682,255,26742
balance_gate | XGBoost | class_weight,XGBoost,with_housing_status,valid_cost_sensitive_10_to_1,customer_age_group,41-50,9725,0.026323907455012854,0.061491002570694085,0.22742474916387959,0.7725752508361204,0.53125,0.46875,0.04879079100221776,0.9512092089977823,136,462,120,9007
balance_gate | XGBoost | class_weight,XGBoost,with_housing_status,valid_cost_sensitive_10_to_1,customer_age_group,51+,2942,0.055064581917063225,0.10299116247450714,0.29372937293729373,0.7062706270627063,0.5493827160493827,0.4506172839506173,0.07697841726618705,0.923021582733813,89,214,73,2566
balance_gate | XGBoost | class_weight,XGBoost,with_housing_status,valid_cost_sensitive_10_to_1,income_group,high_0.7_0.9,64414,0.01797745831651504,0.03385909895364362,0.21274644658413572,0.7872535534158642,0.4006908462867012,0.5993091537132987,0.027143670165675985,0.972856329834324,464,1717,694,61539
balance_gate | XGBoost | class_weight,XGBoost,with_housing_status,valid_cost_sensitive_10_to_1,income_group,low_0.1_0.3,20645,0.007217243884717849,0.007895374182610802,0.25766871165644173,0.7423312883435582,0.28187919463087246,0.7181208053691275,0.005903590944574551,0.9940964090554254,42,121,107,20375
balance_gate | XGBoost | class_weight,XGBoost,with_housing_status,valid_cost_sensitive_10_to_1,income_group,mid_0.4_0.6,11784,0.01026816021724372,0.011371350984385608,0.23134328358208955,0.7686567164179104,0.256198347107438,0.743801652892562,0.008831346994769784,0.9911686530052302,31,103,90,11560
baseline | XGBoost,XGBoost,with_housing_status,valid_global_5pct_fpr,housing_status,BA,19182,0.04686685434261287,0.2023772286518611,0.16177228232869656,0.8382277176713034,0.6985539488320356,0.3014460511679644,0.17797954383853853,0.8220204561614615,628,3254,271,15029
baseline | XGBoost,XGBoost,with_housing_status,valid_global_5pct_fpr,housing_status,BB,23213,0.007151165295308663,0.01387153750053849,0.14285714285714285,0.8571428571428572,0.27710843373493976,0.7228915662650602,0.011975528268321257,0.9880244717316787,46,276,120,22771
baseline | XGBoost,XGBoost,with_housing_status,valid_global_5pct_fpr,housing_status,BC,37502,0.007092955042397739,0.0103194496293531,0.17054263565891473,0.8294573643410853,0.24812030075187969,0.7518796992481203,0.008620689655172414,0.9913793103448276,66,321,200,36915
baseline | XGBoost,XGBoost,with_housing_status,valid_global_5pct_fpr,housing_status,BD,4478,0.009379187137114784,0.018535060294774454,0.1686746987951807,0.8313253012048193,0.3333333333333333,0.6666666666666666,0.015554553651938684,0.9844454463480613,14,69,28,4367
baseline | XGBoost,XGBoost,with_housing_status,valid_global_5pct_fpr,housing_status,BE,12327,0.004380627889997567,0.0028392958546280523,0.11428571428571428,0.8857142857142857,0.07407407407407407,0.9259259259259259,0.002525869795486026,0.9974741302045139,4,31,50,12242
baseline | XGBoost,XGBoost,with_housing_status,valid_global_5pct_fpr,housing_status,BF,135,0.007407407407407408,0.014814814814814815,0.5,0.5,1.0,0.0,0.007462686567164179,0.9925373134328358,1,1,0,133
baseline | XGBoost,XGBoost,with_housing_status,valid_global_5pct_fpr,housing_status,BG,6,0.0,0.0,0.0,1.0,0.0,,0.0,1.0,0,0,0,6
baseline | XGBoost,XGBoost,with_housing_status,valid_global_5pct_fpr,employment_status,CA,74882,0.01595844128094869,0.053818006997676346,0.16327543424317617,0.8367245657568239,0.5506276150627615,0.44937238493723847,0.0457611247574199,0.9542388752425801,658,3372,537,70315
baseline | XGBoost,XGBoost,with_housing_status,valid_global_5pct_fpr,employment_status,CB,11275,0.010199556541019957,0.03263858093126386,0.11684782608695653,0.8831521739130435,0.3739130434782609,0.6260869565217392,0.029121863799283155,0.9708781362007168,43,325,72,10835
baseline | XGBoost,XGBoost,with_housing_status,valid_global_5pct_fpr,employment_status,CC,2265,0.03708609271523179,0.11346578366445915,0.19844357976653695,0.8015564202334631,0.6071428571428571,0.39285714285714285,0.09445208619899129,0.9055479138010087,51,206,33,1975
baseline | XGBoost,XGBoost,with_housing_status,valid_global_5pct_fpr,employment_status,CD,2513,0.00477516912057302,0.012335853561480302,0.16129032258064516,0.8387096774193549,0.4166666666666667,0.5833333333333334,0.010395841663334666,0.9896041583366654,5,26,7,2475
baseline | XGBoost,XGBoost,with_housing_status,valid_global_5pct_fpr,employment_status,CE,2252,0.003996447602131439,0.0053285968028419185,0.08333333333333333,0.9166666666666666,0.1111111111111111,0.8888888888888888,0.00490414623272403,0.9950958537672759,1,11,8,2232
baseline | XGBoost,XGBoost,with_housing_status,valid_global_5pct_fpr,employment_status,CF,3618,0.0030403537866224434,0.002763957987838585,0.0,1.0,0.0,1.0,0.0027723870252287217,0.9972276129747712,0,10,11,3597
baseline | XGBoost,XGBoost,with_housing_status,valid_global_5pct_fpr,employment_status,CG,38,0.05263157894736842,0.07894736842105263,0.3333333333333333,0.6666666666666667,0.5,0.5,0.05555555555555555,0.9444444444444444,1,2,1,34
baseline | XGBoost,XGBoost,with_housing_status,valid_global_5pct_fpr,customer_age_group,10-20,23953,0.007055483655492005,0.013317747255041121,0.12225705329153605,0.877742946708464,0.23076923076923078,0.7692307692307693,0.011772620248906828,0.9882273797510932,39,280,130,23504
baseline | XGBoost,XGBoost,with_housing_status,valid_global_5pct_fpr,customer_age_group,21-30,32363,0.012514291011340111,0.036059697803046686,0.14738646101113967,0.8526135389888603,0.4246913580246914,0.5753086419753086,0.03113461418111271,0.9688653858188873,172,995,233,30963
baseline | XGBoost,XGBoost,with_housing_status,valid_global_5pct_fpr,customer_age_group,31-40,27860,0.01564967695620962,0.05926058865757358,0.15626892792247124,0.8437310720775287,0.591743119266055,0.40825688073394495,0.05079492415402567,0.9492050758459744,258,1393,178,26031
baseline | XGBoost,XGBoost,with_housing_status,valid_global_5pct_fpr,customer_age_group,41-50,9725,0.026323907455012854,0.11033419023136247,0.16495806150978565,0.8350419384902144,0.69140625,0.30859375,0.09462456436793748,0.9053754356320626,177,896,79,8573
baseline | XGBoost,XGBoost,with_housing_status,valid_global_5pct_fpr,customer_age_group,51+,2942,0.055064581917063225,0.17029231815091775,0.22554890219560877,0.7744510978043913,0.6975308641975309,0.30246913580246915,0.13956834532374102,0.860431654676259,113,388,49,2392
baseline | XGBoost,XGBoost,with_housing_status,valid_global_5pct_fpr,income_group,high_0.7_0.9,64414,0.01797745831651504,0.0626106125997454,0.16017852715100422,0.8398214728489958,0.5578583765112263,0.4421416234887737,0.053544327810800554,0.9464556721891995,646,3387,512,59869
baseline | XGBoost,XGBoost,with_housing_status,valid_global_5pct_fpr,income_group,low_0.1_0.3,20645,0.007217243884717849,0.018261080164688786,0.16180371352785147,0.8381962864721485,0.40939597315436244,0.5906040268456376,0.015417642466822794,0.9845823575331772,61,316,88,20180
baseline | XGBoost,XGBoost,with_housing_status,valid_global_5pct_fpr,income_group,mid_0.4_0.6,11784,0.01026816021724372,0.025543109300746776,0.17275747508305647,0.8272425249169435,0.4297520661157025,0.5702479338842975,0.021349567006773557,0.9786504329932264,52,249,69,11414
baseline | XGBoost,XGBoost,with_housing_status,valid_business_fdr30,housing_status,BA,19182,0.04686685434261287,0.00046918986549890525,0.8888888888888888,0.11111111111111116,0.008898776418242492,0.9911012235817576,5.4695618880927636e-05,0.9999453043811191,8,1,891,18282
baseline | XGBoost,XGBoost,with_housing_status,valid_business_fdr30,housing_status,BB,23213,0.007151165295308663,0.0,0.0,1.0,0.0,1.0,0.0,1.0,0,0,166,23047
baseline | XGBoost,XGBoost,with_housing_status,valid_business_fdr30,housing_status,BC,37502,0.007092955042397739,0.0,0.0,1.0,0.0,1.0,0.0,1.0,0,0,266,37236
baseline | XGBoost,XGBoost,with_housing_status,valid_business_fdr30,housing_status,BD,4478,0.009379187137114784,0.0,0.0,1.0,0.0,1.0,0.0,1.0,0,0,42,4436
baseline | XGBoost,XGBoost,with_housing_status,valid_business_fdr30,housing_status,BE,12327,0.004380627889997567,0.0,0.0,1.0,0.0,1.0,0.0,1.0,0,0,54,12273
baseline | XGBoost,XGBoost,with_housing_status,valid_business_fdr30,housing_status,BF,135,0.007407407407407408,0.0,0.0,1.0,0.0,1.0,0.0,1.0,0,0,1,134
baseline | XGBoost,XGBoost,with_housing_status,valid_business_fdr30,housing_status,BG,6,0.0,0.0,0.0,1.0,0.0,,0.0,1.0,0,0,0,6
baseline | XGBoost,XGBoost,with_housing_status,valid_business_fdr30,employment_status,CA,74882,0.01595844128094869,0.00012018909751342112,0.8888888888888888,0.11111111111111116,0.0066945606694560665,0.9933054393305439,1.3570914815367704e-05,0.9999864290851846,8,1,1187,73686
baseline | XGBoost,XGBoost,with_housing_status,valid_business_fdr30,employment_status,CB,11275,0.010199556541019957,0.0,0.0,1.0,0.0,1.0,0.0,1.0,0,0,115,11160
baseline | XGBoost,XGBoost,with_housing_status,valid_business_fdr30,employment_status,CC,2265,0.03708609271523179,0.0,0.0,1.0,0.0,1.0,0.0,1.0,0,0,84,2181
baseline | XGBoost,XGBoost,with_housing_status,valid_business_fdr30,employment_status,CD,2513,0.00477516912057302,0.0,0.0,1.0,0.0,1.0,0.0,1.0,0,0,12,2501
baseline | XGBoost,XGBoost,with_housing_status,valid_business_fdr30,employment_status,CE,2252,0.003996447602131439,0.0,0.0,1.0,0.0,1.0,0.0,1.0,0,0,9,2243
baseline | XGBoost,XGBoost,with_housing_status,valid_business_fdr30,employment_status,CF,3618,0.0030403537866224434,0.0,0.0,1.0,0.0,1.0,0.0,1.0,0,0,11,3607
baseline | XGBoost,XGBoost,with_housing_status,valid_business_fdr30,employment_status,CG,38,0.05263157894736842,0.0,0.0,1.0,0.0,1.0,0.0,1.0,0,0,2,36
baseline | XGBoost,XGBoost,with_housing_status,valid_business_fdr30,customer_age_group,10-20,23953,0.007055483655492005,0.0,0.0,1.0,0.0,1.0,0.0,1.0,0,0,169,23784
baseline | XGBoost,XGBoost,with_housing_status,valid_business_fdr30,customer_age_group,21-30,32363,0.012514291011340111,3.0899483978617555e-05,1.0,0.0,0.0024691358024691358,0.9975308641975309,0.0,1.0,1,0,404,31958
baseline | XGBoost,XGBoost,with_housing_status,valid_business_fdr30,customer_age_group,31-40,27860,0.01564967695620962,0.00010768126346015793,1.0,0.0,0.006880733944954129,0.9931192660550459,0.0,1.0,3,0,433,27424
baseline | XGBoost,XGBoost,with_housing_status,valid_business_fdr30,customer_age_group,41-50,9725,0.026323907455012854,0.0003084832904884319,0.6666666666666666,0.33333333333333337,0.0078125,0.9921875,0.00010560777273207308,0.999894392227268,2,1,254,9468
baseline | XGBoost,XGBoost,with_housing_status,valid_business_fdr30,customer_age_group,51+,2942,0.055064581917063225,0.0006798096532970768,1.0,0.0,0.012345679012345678,0.9876543209876543,0.0,1.0,2,0,160,2780
baseline | XGBoost,XGBoost,with_housing_status,valid_business_fdr30,income_group,high_0.7_0.9,64414,0.01797745831651504,0.00013972117862576458,0.8888888888888888,0.11111111111111116,0.0069084628670120895,0.9930915371329879,1.5808777033008725e-05,0.999984191222967,8,1,1150,63255
baseline | XGBoost,XGBoost,with_housing_status,valid_business_fdr30,income_group,low_0.1_0.3,20645,0.007217243884717849,0.0,0.0,1.0,0.0,1.0,0.0,1.0,0,0,149,20496
baseline | XGBoost,XGBoost,with_housing_status,valid_business_fdr30,income_group,mid_0.4_0.6,11784,0.01026816021724372,0.0,0.0,1.0,0.0,1.0,0.0,1.0,0,0,121,11663
baseline | XGBoost,XGBoost,with_housing_status,valid_cost_sensitive_10_to_1,housing_status,BA,19182,0.04686685434261287,0.11427379835262225,0.2125912408759124,0.7874087591240876,0.5183537263626251,0.48164627363737483,0.0944046381884811,0.9055953618115189,466,1726,433,16557
baseline | XGBoost,XGBoost,with_housing_status,valid_cost_sensitive_10_to_1,housing_status,BB,23213,0.007151165295308663,0.0048248826088829536,0.25,0.75,0.1686746987951807,0.8313253012048193,0.0036447259947064692,0.9963552740052936,28,84,138,22963
baseline | XGBoost,XGBoost,with_housing_status,valid_cost_sensitive_10_to_1,housing_status,BC,37502,0.007092955042397739,0.0034398165431177,0.24031007751937986,0.7596899224806202,0.11654135338345864,0.8834586466165414,0.002631861639273821,0.9973681383607261,31,98,235,37138
baseline | XGBoost,XGBoost,with_housing_status,valid_cost_sensitive_10_to_1,housing_status,BD,4478,0.009379187137114784,0.007592675301473872,0.29411764705882354,0.7058823529411764,0.23809523809523808,0.7619047619047619,0.005410279531109108,0.9945897204688909,10,24,32,4412
baseline | XGBoost,XGBoost,with_housing_status,valid_cost_sensitive_10_to_1,housing_status,BE,12327,0.004380627889997567,0.000892350125740245,0.18181818181818182,0.8181818181818181,0.037037037037037035,0.9629629629629629,0.0007333170373991689,0.9992666829626008,2,9,52,12264
baseline | XGBoost,XGBoost,with_housing_status,valid_cost_sensitive_10_to_1,housing_status,BF,135,0.007407407407407408,0.0,0.0,1.0,0.0,1.0,0.0,1.0,0,0,1,134
baseline | XGBoost,XGBoost,with_housing_status,valid_cost_sensitive_10_to_1,housing_status,BG,6,0.0,0.0,0.0,1.0,0.0,,0.0,1.0,0,0,0,6
baseline | XGBoost,XGBoost,with_housing_status,valid_cost_sensitive_10_to_1,employment_status,CA,74882,0.01595844128094869,0.02881867471488475,0.21779425393883226,0.7822057460611678,0.39330543933054396,0.606694560669456,0.022907704208340686,0.9770922957916593,470,1688,725,71999
baseline | XGBoost,XGBoost,with_housing_status,valid_cost_sensitive_10_to_1,employment_status,CB,11275,0.010199556541019957,0.01401330376940133,0.1518987341772152,0.8481012658227848,0.20869565217391303,0.7913043478260869,0.012007168458781362,0.9879928315412186,24,134,91,11026
baseline | XGBoost,XGBoost,with_housing_status,valid_cost_sensitive_10_to_1,employment_status,CC,2265,0.03708609271523179,0.06445916114790287,0.273972602739726,0.726027397260274,0.47619047619047616,0.5238095238095238,0.048601558917927556,0.9513984410820725,40,106,44,2075
baseline | XGBoost,XGBoost,with_housing_status,valid_cost_sensitive_10_to_1,employment_status,CD,2513,0.00477516912057302,0.004377238360525269,0.2727272727272727,0.7272727272727273,0.25,0.75,0.003198720511795282,0.9968012794882047,3,8,9,2493
baseline | XGBoost,XGBoost,with_housing_status,valid_cost_sensitive_10_to_1,employment_status,CE,2252,0.003996447602131439,0.0004440497335701599,0.0,1.0,0.0,1.0,0.00044583147570218456,0.9995541685242978,0,1,9,2242
baseline | XGBoost,XGBoost,with_housing_status,valid_cost_sensitive_10_to_1,employment_status,CF,3618,0.0030403537866224434,0.001105583195135434,0.0,1.0,0.0,1.0,0.0011089548100914888,0.9988910451899086,0,4,11,3603
baseline | XGBoost,XGBoost,with_housing_status,valid_cost_sensitive_10_to_1,employment_status,CG,38,0.05263157894736842,0.0,0.0,1.0,0.0,1.0,0.0,1.0,0,0,2,36
baseline | XGBoost,XGBoost,with_housing_status,valid_cost_sensitive_10_to_1,customer_age_group,10-20,23953,0.007055483655492005,0.005844779359579176,0.14285714285714285,0.8571428571428572,0.11834319526627218,0.8816568047337278,0.005045408678102927,0.9949545913218971,20,120,149,23664
baseline | XGBoost,XGBoost,with_housing_status,valid_cost_sensitive_10_to_1,customer_age_group,21-30,32363,0.012514291011340111,0.017736303803726476,0.19337979094076654,0.8066202090592335,0.2740740740740741,0.725925925925926,0.014487765191814257,0.9855122348081857,111,463,294,31495
baseline | XGBoost,XGBoost,with_housing_status,valid_cost_sensitive_10_to_1,customer_age_group,31-40,27860,0.01564967695620962,0.030976310122038764,0.20973348783314022,0.7902665121668597,0.4151376146788991,0.5848623853211009,0.02486872812135356,0.9751312718786465,181,682,255,26742
baseline | XGBoost,XGBoost,with_housing_status,valid_cost_sensitive_10_to_1,customer_age_group,41-50,9725,0.026323907455012854,0.061491002570694085,0.22742474916387959,0.7725752508361204,0.53125,0.46875,0.04879079100221776,0.9512092089977823,136,462,120,9007
baseline | XGBoost,XGBoost,with_housing_status,valid_cost_sensitive_10_to_1,customer_age_group,51+,2942,0.055064581917063225,0.10299116247450714,0.29372937293729373,0.7062706270627063,0.5493827160493827,0.4506172839506173,0.07697841726618705,0.923021582733813,89,214,73,2566
baseline | XGBoost,XGBoost,with_housing_status,valid_cost_sensitive_10_to_1,income_group,high_0.7_0.9,64414,0.01797745831651504,0.03385909895364362,0.21274644658413572,0.7872535534158642,0.4006908462867012,0.5993091537132987,0.027143670165675985,0.972856329834324,464,1717,694,61539
baseline | XGBoost,XGBoost,with_housing_status,valid_cost_sensitive_10_to_1,income_group,low_0.1_0.3,20645,0.007217243884717849,0.007895374182610802,0.25766871165644173,0.7423312883435582,0.28187919463087246,0.7181208053691275,0.005903590944574551,0.9940964090554254,42,121,107,20375
baseline | XGBoost,XGBoost,with_housing_status,valid_cost_sensitive_10_to_1,income_group,mid_0.4_0.6,11784,0.01026816021724372,0.011371350984385608,0.23134328358208955,0.7686567164179104,0.256198347107438,0.743801652892562,0.008831346994769784,0.9911686530052302,31,103,90,11560
baseline | CatBoost,CatBoost,with_housing_status,valid_global_5pct_fpr,housing_status,BA,19182,0.04686685434261287,0.1916901261599416,0.16589611096002177,0.8341038890399782,0.67853170189099,0.32146829810901,0.16775146310780506,0.8322485368921949,610,3067,289,15216
baseline | CatBoost,CatBoost,with_housing_status,valid_global_5pct_fpr,housing_status,BB,23213,0.007151165295308663,0.016327058113987852,0.1424802110817942,0.8575197889182058,0.3253012048192771,0.6746987951807228,0.014101618431900031,0.9858983815681,54,325,112,22722
baseline | CatBoost,CatBoost,with_housing_status,valid_global_5pct_fpr,housing_status,BC,37502,0.007092955042397739,0.01149272038824596,0.1740139211136891,0.8259860788863109,0.2819548872180451,0.7180451127819549,0.00956064024062735,0.9904393597593727,75,356,191,36880
baseline | CatBoost,CatBoost,with_housing_status,valid_global_5pct_fpr,housing_status,BD,4478,0.009379187137114784,0.029030817329164807,0.13076923076923078,0.8692307692307693,0.40476190476190477,0.5952380952380952,0.02547339945897205,0.9745266005410279,17,113,25,4323
baseline | CatBoost,CatBoost,with_housing_status,valid_global_5pct_fpr,housing_status,BE,12327,0.004380627889997567,0.006084205402774398,0.08,0.92,0.1111111111111111,0.8888888888888888,0.005622097286726962,0.9943779027132731,6,69,48,12204
baseline | CatBoost,CatBoost,with_housing_status,valid_global_5pct_fpr,housing_status,BF,135,0.007407407407407408,0.022222222222222223,0.3333333333333333,0.6666666666666667,1.0,0.0,0.014925373134328358,0.9850746268656716,1,2,0,132
baseline | CatBoost,CatBoost,with_housing_status,valid_global_5pct_fpr,housing_status,BG,6,0.0,0.0,0.0,1.0,0.0,,0.0,1.0,0,0,0,6
baseline | CatBoost,CatBoost,with_housing_status,valid_global_5pct_fpr,employment_status,CA,74882,0.01595844128094869,0.05407173953687135,0.16300321066930107,0.8369967893306989,0.5523012552301255,0.4476987447698745,0.04599183030928115,0.9540081696907189,660,3389,535,70298
baseline | CatBoost,CatBoost,with_housing_status,valid_global_5pct_fpr,employment_status,CB,11275,0.010199556541019957,0.03263858093126386,0.125,0.875,0.4,0.6,0.028853046594982078,0.9711469534050179,46,322,69,10838
baseline | CatBoost,CatBoost,with_housing_status,valid_global_5pct_fpr,employment_status,CC,2265,0.03708609271523179,0.09580573951434879,0.2350230414746544,0.7649769585253456,0.6071428571428571,0.39285714285714285,0.0761118752865658,0.9238881247134342,51,166,33,2015
baseline | CatBoost,CatBoost,with_housing_status,valid_global_5pct_fpr,employment_status,CD,2513,0.00477516912057302,0.00915240748109829,0.17391304347826086,0.8260869565217391,0.3333333333333333,0.6666666666666666,0.0075969612155137945,0.9924030387844862,4,19,8,2482
baseline | CatBoost,CatBoost,with_housing_status,valid_global_5pct_fpr,employment_status,CE,2252,0.003996447602131439,0.0066607460035523975,0.13333333333333333,0.8666666666666667,0.2222222222222222,0.7777777777777778,0.0057958091841284,0.9942041908158716,2,13,7,2230
baseline | CatBoost,CatBoost,with_housing_status,valid_global_5pct_fpr,employment_status,CF,3618,0.0030403537866224434,0.005804311774461028,0.0,1.0,0.0,1.0,0.005822012752980316,0.9941779872470197,0,21,11,3586
baseline | CatBoost,CatBoost,with_housing_status,valid_global_5pct_fpr,employment_status,CG,38,0.05263157894736842,0.05263157894736842,0.0,1.0,0.0,1.0,0.05555555555555555,0.9444444444444444,0,2,2,34
baseline | CatBoost,CatBoost,with_housing_status,valid_global_5pct_fpr,customer_age_group,10-20,23953,0.007055483655492005,0.010812841815221476,0.138996138996139,0.8610038610038611,0.21301775147928995,0.7869822485207101,0.009376051126807937,0.990623948873192,36,223,133,23561
baseline | CatBoost,CatBoost,with_housing_status,valid_global_5pct_fpr,customer_age_group,21-30,32363,0.012514291011340111,0.03556530605938881,0.14943527367506515,0.8505647263249348,0.4246913580246914,0.5753086419753086,0.030633957068652608,0.9693660429313474,172,979,233,30979
baseline | CatBoost,CatBoost,with_housing_status,valid_global_5pct_fpr,customer_age_group,31-40,27860,0.01564967695620962,0.05983488872936109,0.15416916616676665,0.8458308338332333,0.5894495412844036,0.4105504587155963,0.05141481913652275,0.9485851808634772,257,1410,179,26014
baseline | CatBoost,CatBoost,with_housing_status,valid_global_5pct_fpr,customer_age_group,41-50,9725,0.026323907455012854,0.11208226221079691,0.163302752293578,0.8366972477064221,0.6953125,0.3046875,0.09631428873165065,0.9036857112683494,178,912,78,8557
baseline | CatBoost,CatBoost,with_housing_status,valid_global_5pct_fpr,customer_age_group,51+,2942,0.055064581917063225,0.1794697484704283,0.22727272727272727,0.7727272727272727,0.7407407407407407,0.25925925925925924,0.14676258992805755,0.8532374100719424,120,408,42,2372
baseline | CatBoost,CatBoost,with_housing_status,valid_global_5pct_fpr,income_group,high_0.7_0.9,64414,0.01797745831651504,0.06343341509609712,0.16005873715124816,0.8399412628487518,0.5647668393782384,0.43523316062176165,0.05425572277728595,0.945744277222714,654,3432,504,59824
baseline | CatBoost,CatBoost,with_housing_status,valid_global_5pct_fpr,income_group,low_0.1_0.3,20645,0.007217243884717849,0.016275127149430853,0.17559523809523808,0.8244047619047619,0.3959731543624161,0.6040268456375839,0.013514832162373145,0.9864851678376269,59,277,90,20219
baseline | CatBoost,CatBoost,with_housing_status,valid_global_5pct_fpr,income_group,mid_0.4_0.6,11784,0.01026816021724372,0.023167006109979633,0.18315018315018314,0.8168498168498168,0.4132231404958678,0.5867768595041323,0.01912029494984138,0.9808797050501586,50,223,71,11440
baseline | CatBoost,CatBoost,with_housing_status,valid_business_fdr30,housing_status,BA,19182,0.04686685434261287,0.00026066103638828066,1.0,0.0,0.0055617352614015575,0.9944382647385984,0.0,1.0,5,0,894,18283
baseline | CatBoost,CatBoost,with_housing_status,valid_business_fdr30,housing_status,BB,23213,0.007151165295308663,0.0,0.0,1.0,0.0,1.0,0.0,1.0,0,0,166,23047
baseline | CatBoost,CatBoost,with_housing_status,valid_business_fdr30,housing_status,BC,37502,0.007092955042397739,2.666524452029225e-05,1.0,0.0,0.0037593984962406013,0.9962406015037594,0.0,1.0,1,0,265,37236
baseline | CatBoost,CatBoost,with_housing_status,valid_business_fdr30,housing_status,BD,4478,0.009379187137114784,0.0,0.0,1.0,0.0,1.0,0.0,1.0,0,0,42,4436
baseline | CatBoost,CatBoost,with_housing_status,valid_business_fdr30,housing_status,BE,12327,0.004380627889997567,0.0,0.0,1.0,0.0,1.0,0.0,1.0,0,0,54,12273
baseline | CatBoost,CatBoost,with_housing_status,valid_business_fdr30,housing_status,BF,135,0.007407407407407408,0.0,0.0,1.0,0.0,1.0,0.0,1.0,0,0,1,134
baseline | CatBoost,CatBoost,with_housing_status,valid_business_fdr30,housing_status,BG,6,0.0,0.0,0.0,1.0,0.0,,0.0,1.0,0,0,0,6
baseline | CatBoost,CatBoost,with_housing_status,valid_business_fdr30,employment_status,CA,74882,0.01595844128094869,8.012606500894742e-05,1.0,0.0,0.00502092050209205,0.994979079497908,0.0,1.0,6,0,1189,73687
baseline | CatBoost,CatBoost,with_housing_status,valid_business_fdr30,employment_status,CB,11275,0.010199556541019957,0.0,0.0,1.0,0.0,1.0,0.0,1.0,0,0,115,11160
baseline | CatBoost,CatBoost,with_housing_status,valid_business_fdr30,employment_status,CC,2265,0.03708609271523179,0.0,0.0,1.0,0.0,1.0,0.0,1.0,0,0,84,2181
baseline | CatBoost,CatBoost,with_housing_status,valid_business_fdr30,employment_status,CD,2513,0.00477516912057302,0.0,0.0,1.0,0.0,1.0,0.0,1.0,0,0,12,2501
baseline | CatBoost,CatBoost,with_housing_status,valid_business_fdr30,employment_status,CE,2252,0.003996447602131439,0.0,0.0,1.0,0.0,1.0,0.0,1.0,0,0,9,2243
baseline | CatBoost,CatBoost,with_housing_status,valid_business_fdr30,employment_status,CF,3618,0.0030403537866224434,0.0,0.0,1.0,0.0,1.0,0.0,1.0,0,0,11,3607
baseline | CatBoost,CatBoost,with_housing_status,valid_business_fdr30,employment_status,CG,38,0.05263157894736842,0.0,0.0,1.0,0.0,1.0,0.0,1.0,0,0,2,36
baseline | CatBoost,CatBoost,with_housing_status,valid_business_fdr30,customer_age_group,10-20,23953,0.007055483655492005,0.0,0.0,1.0,0.0,1.0,0.0,1.0,0,0,169,23784
baseline | CatBoost,CatBoost,with_housing_status,valid_business_fdr30,customer_age_group,21-30,32363,0.012514291011340111,3.0899483978617555e-05,1.0,0.0,0.0024691358024691358,0.9975308641975309,0.0,1.0,1,0,404,31958
baseline | CatBoost,CatBoost,with_housing_status,valid_business_fdr30,customer_age_group,31-40,27860,0.01564967695620962,7.178750897343863e-05,1.0,0.0,0.0045871559633027525,0.9954128440366973,0.0,1.0,2,0,434,27424
baseline | CatBoost,CatBoost,with_housing_status,valid_business_fdr30,customer_age_group,41-50,9725,0.026323907455012854,0.0,0.0,1.0,0.0,1.0,0.0,1.0,0,0,256,9469
baseline | CatBoost,CatBoost,with_housing_status,valid_business_fdr30,customer_age_group,51+,2942,0.055064581917063225,0.0010197144799456153,1.0,0.0,0.018518518518518517,0.9814814814814815,0.0,1.0,3,0,159,2780
baseline | CatBoost,CatBoost,with_housing_status,valid_business_fdr30,income_group,high_0.7_0.9,64414,0.01797745831651504,9.314745241717639e-05,1.0,0.0,0.0051813471502590676,0.9948186528497409,0.0,1.0,6,0,1152,63256
baseline | CatBoost,CatBoost,with_housing_status,valid_business_fdr30,income_group,low_0.1_0.3,20645,0.007217243884717849,0.0,0.0,1.0,0.0,1.0,0.0,1.0,0,0,149,20496
baseline | CatBoost,CatBoost,with_housing_status,valid_business_fdr30,income_group,mid_0.4_0.6,11784,0.01026816021724372,0.0,0.0,1.0,0.0,1.0,0.0,1.0,0,0,121,11663
baseline | CatBoost,CatBoost,with_housing_status,valid_cost_sensitive_10_to_1,housing_status,BA,19182,0.04686685434261287,0.11505578146178709,0.22202084277299503,0.777979157227005,0.5450500556173526,0.4549499443826474,0.09391237761855276,0.9060876223814472,490,1717,409,16566
baseline | CatBoost,CatBoost,with_housing_status,valid_cost_sensitive_10_to_1,housing_status,BB,23213,0.007151165295308663,0.006978848059277129,0.24691358024691357,0.7530864197530864,0.24096385542168675,0.7590361445783133,0.005293530611359396,0.9947064693886406,40,122,126,22925
baseline | CatBoost,CatBoost,with_housing_status,valid_cost_sensitive_10_to_1,housing_status,BC,37502,0.007092955042397739,0.004933070236254066,0.2648648648648649,0.7351351351351352,0.18421052631578946,0.8157894736842105,0.0036523794177677517,0.9963476205822323,49,136,217,37100
baseline | CatBoost,CatBoost,with_housing_status,valid_cost_sensitive_10_to_1,housing_status,BD,4478,0.009379187137114784,0.013398838767306834,0.21666666666666667,0.7833333333333333,0.30952380952380953,0.6904761904761905,0.010595130748422003,0.989404869251578,13,47,29,4389
baseline | CatBoost,CatBoost,with_housing_status,valid_cost_sensitive_10_to_1,housing_status,BE,12327,0.004380627889997567,0.0025148048998134176,0.12903225806451613,0.8709677419354839,0.07407407407407407,0.9259259259259259,0.002199951112197507,0.9978000488878025,4,27,50,12246
baseline | CatBoost,CatBoost,with_housing_status,valid_cost_sensitive_10_to_1,housing_status,BF,135,0.007407407407407408,0.007407407407407408,0.0,1.0,0.0,1.0,0.007462686567164179,0.9925373134328358,0,1,1,133
baseline | CatBoost,CatBoost,with_housing_status,valid_cost_sensitive_10_to_1,housing_status,BG,6,0.0,0.0,0.0,1.0,0.0,,0.0,1.0,0,0,0,6
baseline | CatBoost,CatBoost,with_housing_status,valid_cost_sensitive_10_to_1,employment_status,CA,74882,0.01595844128094869,0.03086188937261291,0.2276070964950238,0.7723929035049761,0.4401673640167364,0.5598326359832636,0.024224082945431352,0.9757759170545687,526,1785,669,71902
baseline | CatBoost,CatBoost,with_housing_status,valid_cost_sensitive_10_to_1,employment_status,CB,11275,0.010199556541019957,0.016585365853658537,0.16042780748663102,0.839572192513369,0.2608695652173913,0.7391304347826086,0.014068100358422939,0.985931899641577,30,157,85,11003
baseline | CatBoost,CatBoost,with_housing_status,valid_cost_sensitive_10_to_1,employment_status,CC,2265,0.03708609271523179,0.052980132450331126,0.30833333333333335,0.6916666666666667,0.44047619047619047,0.5595238095238095,0.0380559376432829,0.9619440623567171,37,83,47,2098
baseline | CatBoost,CatBoost,with_housing_status,valid_cost_sensitive_10_to_1,employment_status,CD,2513,0.00477516912057302,0.00477516912057302,0.25,0.75,0.25,0.75,0.003598560575769692,0.9964014394242303,3,9,9,2492
baseline | CatBoost,CatBoost,with_housing_status,valid_cost_sensitive_10_to_1,employment_status,CE,2252,0.003996447602131439,0.0017761989342806395,0.0,1.0,0.0,1.0,0.0017833259028087382,0.9982166740971913,0,4,9,2239
baseline | CatBoost,CatBoost,with_housing_status,valid_cost_sensitive_10_to_1,employment_status,CF,3618,0.0030403537866224434,0.0030403537866224434,0.0,1.0,0.0,1.0,0.003049625727751594,0.9969503742722484,0,11,11,3596
baseline | CatBoost,CatBoost,with_housing_status,valid_cost_sensitive_10_to_1,employment_status,CG,38,0.05263157894736842,0.02631578947368421,0.0,1.0,0.0,1.0,0.027777777777777776,0.9722222222222222,0,1,2,35
baseline | CatBoost,CatBoost,with_housing_status,valid_cost_sensitive_10_to_1,customer_age_group,10-20,23953,0.007055483655492005,0.004550578215672358,0.21100917431192662,0.7889908256880733,0.13609467455621302,0.863905325443787,0.0036158762193070973,0.9963841237806929,23,86,146,23698
baseline | CatBoost,CatBoost,with_housing_status,valid_cost_sensitive_10_to_1,customer_age_group,21-30,32363,0.012514291011340111,0.01832339399932021,0.20741989881956155,0.7925801011804384,0.3037037037037037,0.6962962962962963,0.014706802678515552,0.9852931973214845,123,470,282,31488
baseline | CatBoost,CatBoost,with_housing_status,valid_cost_sensitive_10_to_1,customer_age_group,31-40,27860,0.01564967695620962,0.03374012921751615,0.21595744680851064,0.7840425531914894,0.46559633027522934,0.5344036697247706,0.026874270711785296,0.9731257292882147,203,737,233,26687
baseline | CatBoost,CatBoost,with_housing_status,valid_cost_sensitive_10_to_1,customer_age_group,41-50,9725,0.026323907455012854,0.06910025706940874,0.22470238095238096,0.7752976190476191,0.58984375,0.41015625,0.05502164959341008,0.94497835040659,151,521,105,8948
baseline | CatBoost,CatBoost,with_housing_status,valid_cost_sensitive_10_to_1,customer_age_group,51+,2942,0.055064581917063225,0.11284840244731476,0.2891566265060241,0.7108433734939759,0.5925925925925926,0.4074074074074074,0.08489208633093526,0.9151079136690647,96,236,66,2544
baseline | CatBoost,CatBoost,with_housing_status,valid_cost_sensitive_10_to_1,income_group,high_0.7_0.9,64414,0.01797745831651504,0.036234358990281615,0.22236503856041132,0.7776349614395887,0.4481865284974093,0.5518134715025906,0.02869293031491084,0.9713070696850892,519,1815,639,61441
baseline | CatBoost,CatBoost,with_housing_status,valid_cost_sensitive_10_to_1,income_group,low_0.1_0.3,20645,0.007217243884717849,0.008282877209978202,0.23976608187134502,0.760233918128655,0.2751677852348993,0.7248322147651006,0.0063427010148321625,0.9936572989851679,41,130,108,20366
baseline | CatBoost,CatBoost,with_housing_status,valid_cost_sensitive_10_to_1,income_group,mid_0.4_0.6,11784,0.01026816021724372,0.011965376782077392,0.2553191489361702,0.7446808510638299,0.2975206611570248,0.7024793388429752,0.009002829460687645,0.9909971705393124,36,105,85,11558
anomaly_recency_gate | XGBoost | full_0_5 | with_isolation_forest_anomaly_score,XGBoost,with_housing_status,valid_global_5pct_fpr,housing_status,BA,19182,0.04686685434261287,0.20795537483057033,0.16094259212835296,0.8390574078716471,0.71412680756396,0.28587319243604004,0.18306623639446482,0.8169337636055352,642,3347,257,14936
anomaly_recency_gate | XGBoost | full_0_5 | with_isolation_forest_anomaly_score,XGBoost,with_housing_status,valid_global_5pct_fpr,housing_status,BB,23213,0.007151165295308663,0.016197820186964203,0.13829787234042554,0.8617021276595744,0.3132530120481928,0.6867469879518072,0.014058228836724954,0.9859417711632751,52,324,114,22723
anomaly_recency_gate | XGBoost | full_0_5 | with_isolation_forest_anomaly_score,XGBoost,with_housing_status,valid_global_5pct_fpr,housing_status,BC,37502,0.007092955042397739,0.011199402698522746,0.1595238095238095,0.8404761904761905,0.2518796992481203,0.7481203007518797,0.009480073047588355,0.9905199269524116,67,353,199,36883
anomaly_recency_gate | XGBoost | full_0_5 | with_isolation_forest_anomaly_score,XGBoost,with_housing_status,valid_global_5pct_fpr,housing_status,BD,4478,0.009379187137114784,0.02054488610987048,0.17391304347826086,0.8260869565217391,0.38095238095238093,0.6190476190476191,0.017132551848512173,0.9828674481514879,16,76,26,4360
anomaly_recency_gate | XGBoost | full_0_5 | with_isolation_forest_anomaly_score,XGBoost,with_housing_status,valid_global_5pct_fpr,housing_status,BE,12327,0.004380627889997567,0.003812768719071956,0.10638297872340426,0.8936170212765957,0.09259259259259259,0.9074074074074074,0.0034221461745294547,0.9965778538254706,5,42,49,12231
anomaly_recency_gate | XGBoost | full_0_5 | with_isolation_forest_anomaly_score,XGBoost,with_housing_status,valid_global_5pct_fpr,housing_status,BF,135,0.007407407407407408,0.0,0.0,1.0,0.0,1.0,0.0,1.0,0,0,1,134
anomaly_recency_gate | XGBoost | full_0_5 | with_isolation_forest_anomaly_score,XGBoost,with_housing_status,valid_global_5pct_fpr,housing_status,BG,6,0.0,0.0,0.0,1.0,0.0,,0.0,1.0,0,0,0,6
anomaly_recency_gate | XGBoost | full_0_5 | with_isolation_forest_anomaly_score,XGBoost,with_housing_status,valid_global_5pct_fpr,employment_status,CA,74882,0.01595844128094869,0.05660906492882135,0.15970747817881575,0.8402925218211843,0.5665271966527197,0.43347280334728033,0.04833959857233976,0.9516604014276603,677,3562,518,70125
anomaly_recency_gate | XGBoost | full_0_5 | with_isolation_forest_anomaly_score,XGBoost,with_housing_status,valid_global_5pct_fpr,employment_status,CB,11275,0.010199556541019957,0.032283813747228385,0.12637362637362637,0.8736263736263736,0.4,0.6,0.02849462365591398,0.9715053763440861,46,318,69,10842
anomaly_recency_gate | XGBoost | full_0_5 | with_isolation_forest_anomaly_score,XGBoost,with_housing_status,valid_global_5pct_fpr,employment_status,CC,2265,0.03708609271523179,0.12671081677704193,0.18466898954703834,0.8153310104529616,0.6309523809523809,0.36904761904761907,0.10729023383768914,0.8927097661623109,53,234,31,1947
anomaly_recency_gate | XGBoost | full_0_5 | with_isolation_forest_anomaly_score,XGBoost,with_housing_status,valid_global_5pct_fpr,employment_status,CD,2513,0.00477516912057302,0.005173099880620772,0.3076923076923077,0.6923076923076923,0.3333333333333333,0.6666666666666666,0.003598560575769692,0.9964014394242303,4,9,8,2492
anomaly_recency_gate | XGBoost | full_0_5 | with_isolation_forest_anomaly_score,XGBoost,with_housing_status,valid_global_5pct_fpr,employment_status,CE,2252,0.003996447602131439,0.002220248667850799,0.2,0.8,0.1111111111111111,0.8888888888888888,0.0017833259028087382,0.9982166740971913,1,4,8,2239
anomaly_recency_gate | XGBoost | full_0_5 | with_isolation_forest_anomaly_score,XGBoost,with_housing_status,valid_global_5pct_fpr,employment_status,CF,3618,0.0030403537866224434,0.0030403537866224434,0.0,1.0,0.0,1.0,0.003049625727751594,0.9969503742722484,0,11,11,3596
anomaly_recency_gate | XGBoost | full_0_5 | with_isolation_forest_anomaly_score,XGBoost,with_housing_status,valid_global_5pct_fpr,employment_status,CG,38,0.05263157894736842,0.13157894736842105,0.2,0.8,0.5,0.5,0.1111111111111111,0.8888888888888888,1,4,1,32
anomaly_recency_gate | XGBoost | full_0_5 | with_isolation_forest_anomaly_score,XGBoost,with_housing_status,valid_global_5pct_fpr,customer_age_group,10-20,23953,0.007055483655492005,0.013818728343005052,0.12386706948640483,0.8761329305135952,0.24260355029585798,0.757396449704142,0.012193070972082071,0.9878069290279179,41,290,128,23494
anomaly_recency_gate | XGBoost | full_0_5 | with_isolation_forest_anomaly_score,XGBoost,with_housing_status,valid_global_5pct_fpr,customer_age_group,21-30,32363,0.012514291011340111,0.03877885239316503,0.1450199203187251,0.8549800796812749,0.44938271604938274,0.5506172839506173,0.03357531760435572,0.9664246823956443,182,1073,223,30885
anomaly_recency_gate | XGBoost | full_0_5 | with_isolation_forest_anomaly_score,XGBoost,with_housing_status,valid_global_5pct_fpr,customer_age_group,31-40,27860,0.01564967695620962,0.061342426417803304,0.15447630193095377,0.8455236980690463,0.6055045871559633,0.3944954128440367,0.052691073512252044,0.947308926487748,264,1445,172,25979
anomaly_recency_gate | XGBoost | full_0_5 | with_isolation_forest_anomaly_score,XGBoost,with_housing_status,valid_global_5pct_fpr,customer_age_group,41-50,9725,0.026323907455012854,0.11568123393316196,0.16266666666666665,0.8373333333333334,0.71484375,0.28515625,0.09948252191361284,0.9005174780863872,183,942,73,8527
anomaly_recency_gate | XGBoost | full_0_5 | with_isolation_forest_anomaly_score,XGBoost,with_housing_status,valid_global_5pct_fpr,customer_age_group,51+,2942,0.055064581917063225,0.17131203263086336,0.2222222222222222,0.7777777777777778,0.691358024691358,0.30864197530864196,0.1410071942446043,0.8589928057553957,112,392,50,2388
anomaly_recency_gate | XGBoost | full_0_5 | with_isolation_forest_anomaly_score,XGBoost,with_housing_status,valid_global_5pct_fpr,income_group,high_0.7_0.9,64414,0.01797745831651504,0.06542056074766354,0.15828191741813005,0.84171808258187,0.575993091537133,0.42400690846286704,0.05607373213608195,0.9439262678639181,667,3547,491,59709
anomaly_recency_gate | XGBoost | full_0_5 | with_isolation_forest_anomaly_score,XGBoost,with_housing_status,valid_global_5pct_fpr,income_group,low_0.1_0.3,20645,0.007217243884717849,0.019181399854686365,0.15404040404040403,0.845959595959596,0.40939597315436244,0.5906040268456376,0.01634465261514442,0.9836553473848556,61,335,88,20161
anomaly_recency_gate | XGBoost | full_0_5 | with_isolation_forest_anomaly_score,XGBoost,with_housing_status,valid_global_5pct_fpr,income_group,mid_0.4_0.6,11784,0.01026816021724372,0.02664630006788866,0.17197452229299362,0.8280254777070064,0.4462809917355372,0.5537190082644629,0.022292720569321786,0.9777072794306783,54,260,67,11403
anomaly_recency_gate | XGBoost | full_0_5 | with_isolation_forest_anomaly_score,XGBoost,with_housing_status,valid_business_fdr30,housing_status,BA,19182,0.04686685434261287,0.00026066103638828066,1.0,0.0,0.0055617352614015575,0.9944382647385984,0.0,1.0,5,0,894,18283
anomaly_recency_gate | XGBoost | full_0_5 | with_isolation_forest_anomaly_score,XGBoost,with_housing_status,valid_business_fdr30,housing_status,BB,23213,0.007151165295308663,0.0,0.0,1.0,0.0,1.0,0.0,1.0,0,0,166,23047
anomaly_recency_gate | XGBoost | full_0_5 | with_isolation_forest_anomaly_score,XGBoost,with_housing_status,valid_business_fdr30,housing_status,BC,37502,0.007092955042397739,0.0,0.0,1.0,0.0,1.0,0.0,1.0,0,0,266,37236
anomaly_recency_gate | XGBoost | full_0_5 | with_isolation_forest_anomaly_score,XGBoost,with_housing_status,valid_business_fdr30,housing_status,BD,4478,0.009379187137114784,0.0,0.0,1.0,0.0,1.0,0.0,1.0,0,0,42,4436
anomaly_recency_gate | XGBoost | full_0_5 | with_isolation_forest_anomaly_score,XGBoost,with_housing_status,valid_business_fdr30,housing_status,BE,12327,0.004380627889997567,0.0,0.0,1.0,0.0,1.0,0.0,1.0,0,0,54,12273
anomaly_recency_gate | XGBoost | full_0_5 | with_isolation_forest_anomaly_score,XGBoost,with_housing_status,valid_business_fdr30,housing_status,BF,135,0.007407407407407408,0.0,0.0,1.0,0.0,1.0,0.0,1.0,0,0,1,134
anomaly_recency_gate | XGBoost | full_0_5 | with_isolation_forest_anomaly_score,XGBoost,with_housing_status,valid_business_fdr30,housing_status,BG,6,0.0,0.0,0.0,1.0,0.0,,0.0,1.0,0,0,0,6
anomaly_recency_gate | XGBoost | full_0_5 | with_isolation_forest_anomaly_score,XGBoost,with_housing_status,valid_business_fdr30,employment_status,CA,74882,0.01595844128094869,5.341737667263161e-05,1.0,0.0,0.0033472803347280333,0.9966527196652719,0.0,1.0,4,0,1191,73687
anomaly_recency_gate | XGBoost | full_0_5 | with_isolation_forest_anomaly_score,XGBoost,with_housing_status,valid_business_fdr30,employment_status,CB,11275,0.010199556541019957,0.0,0.0,1.0,0.0,1.0,0.0,1.0,0,0,115,11160
anomaly_recency_gate | XGBoost | full_0_5 | with_isolation_forest_anomaly_score,XGBoost,with_housing_status,valid_business_fdr30,employment_status,CC,2265,0.03708609271523179,0.0004415011037527594,1.0,0.0,0.011904761904761904,0.9880952380952381,0.0,1.0,1,0,83,2181
anomaly_recency_gate | XGBoost | full_0_5 | with_isolation_forest_anomaly_score,XGBoost,with_housing_status,valid_business_fdr30,employment_status,CD,2513,0.00477516912057302,0.0,0.0,1.0,0.0,1.0,0.0,1.0,0,0,12,2501
anomaly_recency_gate | XGBoost | full_0_5 | with_isolation_forest_anomaly_score,XGBoost,with_housing_status,valid_business_fdr30,employment_status,CE,2252,0.003996447602131439,0.0,0.0,1.0,0.0,1.0,0.0,1.0,0,0,9,2243
anomaly_recency_gate | XGBoost | full_0_5 | with_isolation_forest_anomaly_score,XGBoost,with_housing_status,valid_business_fdr30,employment_status,CF,3618,0.0030403537866224434,0.0,0.0,1.0,0.0,1.0,0.0,1.0,0,0,11,3607
anomaly_recency_gate | XGBoost | full_0_5 | with_isolation_forest_anomaly_score,XGBoost,with_housing_status,valid_business_fdr30,employment_status,CG,38,0.05263157894736842,0.0,0.0,1.0,0.0,1.0,0.0,1.0,0,0,2,36
anomaly_recency_gate | XGBoost | full_0_5 | with_isolation_forest_anomaly_score,XGBoost,with_housing_status,valid_business_fdr30,customer_age_group,10-20,23953,0.007055483655492005,0.0,0.0,1.0,0.0,1.0,0.0,1.0,0,0,169,23784
anomaly_recency_gate | XGBoost | full_0_5 | with_isolation_forest_anomaly_score,XGBoost,with_housing_status,valid_business_fdr30,customer_age_group,21-30,32363,0.012514291011340111,3.0899483978617555e-05,1.0,0.0,0.0024691358024691358,0.9975308641975309,0.0,1.0,1,0,404,31958
anomaly_recency_gate | XGBoost | full_0_5 | with_isolation_forest_anomaly_score,XGBoost,with_housing_status,valid_business_fdr30,customer_age_group,31-40,27860,0.01564967695620962,3.5893754486719313e-05,1.0,0.0,0.0022935779816513763,0.9977064220183486,0.0,1.0,1,0,435,27424
anomaly_recency_gate | XGBoost | full_0_5 | with_isolation_forest_anomaly_score,XGBoost,with_housing_status,valid_business_fdr30,customer_age_group,41-50,9725,0.026323907455012854,0.00020565552699228792,1.0,0.0,0.0078125,0.9921875,0.0,1.0,2,0,254,9469
anomaly_recency_gate | XGBoost | full_0_5 | with_isolation_forest_anomaly_score,XGBoost,with_housing_status,valid_business_fdr30,customer_age_group,51+,2942,0.055064581917063225,0.0003399048266485384,1.0,0.0,0.006172839506172839,0.9938271604938271,0.0,1.0,1,0,161,2780
anomaly_recency_gate | XGBoost | full_0_5 | with_isolation_forest_anomaly_score,XGBoost,with_housing_status,valid_business_fdr30,income_group,high_0.7_0.9,64414,0.01797745831651504,7.762287701431365e-05,1.0,0.0,0.004317789291882556,0.9956822107081175,0.0,1.0,5,0,1153,63256
anomaly_recency_gate | XGBoost | full_0_5 | with_isolation_forest_anomaly_score,XGBoost,with_housing_status,valid_business_fdr30,income_group,low_0.1_0.3,20645,0.007217243884717849,0.0,0.0,1.0,0.0,1.0,0.0,1.0,0,0,149,20496
anomaly_recency_gate | XGBoost | full_0_5 | with_isolation_forest_anomaly_score,XGBoost,with_housing_status,valid_business_fdr30,income_group,mid_0.4_0.6,11784,0.01026816021724372,0.0,0.0,1.0,0.0,1.0,0.0,1.0,0,0,121,11663
anomaly_recency_gate | XGBoost | full_0_5 | with_isolation_forest_anomaly_score,XGBoost,with_housing_status,valid_cost_sensitive_10_to_1,housing_status,BA,19182,0.04686685434261287,0.12303200917526848,0.21398305084745764,0.7860169491525424,0.5617352614015573,0.4382647385984427,0.10146037302412077,0.8985396269758792,505,1855,394,16428
anomaly_recency_gate | XGBoost | full_0_5 | with_isolation_forest_anomaly_score,XGBoost,with_housing_status,valid_cost_sensitive_10_to_1,housing_status,BB,23213,0.007151165295308663,0.006720372205229828,0.21794871794871795,0.782051282051282,0.20481927710843373,0.7951807228915663,0.005293530611359396,0.9947064693886406,34,122,132,22925
anomaly_recency_gate | XGBoost | full_0_5 | with_isolation_forest_anomaly_score,XGBoost,with_housing_status,valid_cost_sensitive_10_to_1,housing_status,BC,37502,0.007092955042397739,0.004559756812969975,0.23391812865497075,0.7660818713450293,0.15037593984962405,0.849624060150376,0.003518100762702761,0.9964818992372972,40,131,226,37105
anomaly_recency_gate | XGBoost | full_0_5 | with_isolation_forest_anomaly_score,XGBoost,with_housing_status,valid_cost_sensitive_10_to_1,housing_status,BD,4478,0.009379187137114784,0.008932559178204555,0.225,0.775,0.21428571428571427,0.7857142857142857,0.006988277727682597,0.9930117222723174,9,31,33,4405
anomaly_recency_gate | XGBoost | full_0_5 | with_isolation_forest_anomaly_score,XGBoost,with_housing_status,valid_cost_sensitive_10_to_1,housing_status,BE,12327,0.004380627889997567,0.0014602092966658554,0.1111111111111111,0.8888888888888888,0.037037037037037035,0.9629629629629629,0.0013036747331540781,0.9986963252668459,2,16,52,12257
anomaly_recency_gate | XGBoost | full_0_5 | with_isolation_forest_anomaly_score,XGBoost,with_housing_status,valid_cost_sensitive_10_to_1,housing_status,BF,135,0.007407407407407408,0.0,0.0,1.0,0.0,1.0,0.0,1.0,0,0,1,134
anomaly_recency_gate | XGBoost | full_0_5 | with_isolation_forest_anomaly_score,XGBoost,with_housing_status,valid_cost_sensitive_10_to_1,housing_status,BG,6,0.0,0.0,0.0,1.0,0.0,,0.0,1.0,0,0,0,6
anomaly_recency_gate | XGBoost | full_0_5 | with_isolation_forest_anomaly_score,XGBoost,with_housing_status,valid_cost_sensitive_10_to_1,employment_status,CA,74882,0.01595844128094869,0.03182340215272028,0.21569450272765422,0.7843054972723458,0.4301255230125523,0.5698744769874478,0.02536403978992224,0.9746359602100778,514,1869,681,71818
anomaly_recency_gate | XGBoost | full_0_5 | with_isolation_forest_anomaly_score,XGBoost,with_housing_status,valid_cost_sensitive_10_to_1,employment_status,CB,11275,0.010199556541019957,0.01507760532150776,0.16470588235294117,0.8352941176470589,0.24347826086956523,0.7565217391304347,0.012724014336917562,0.9872759856630824,28,142,87,11018
anomaly_recency_gate | XGBoost | full_0_5 | with_isolation_forest_anomaly_score,XGBoost,with_housing_status,valid_cost_sensitive_10_to_1,employment_status,CC,2265,0.03708609271523179,0.0781456953642384,0.2598870056497175,0.7401129943502824,0.5476190476190477,0.4523809523809524,0.06006419073819349,0.9399358092618065,46,131,38,2050
anomaly_recency_gate | XGBoost | full_0_5 | with_isolation_forest_anomaly_score,XGBoost,with_housing_status,valid_cost_sensitive_10_to_1,employment_status,CD,2513,0.00477516912057302,0.0031834460803820135,0.25,0.75,0.16666666666666666,0.8333333333333334,0.0023990403838464614,0.9976009596161536,2,6,10,2495
anomaly_recency_gate | XGBoost | full_0_5 | with_isolation_forest_anomaly_score,XGBoost,with_housing_status,valid_cost_sensitive_10_to_1,employment_status,CE,2252,0.003996447602131439,0.0004440497335701599,0.0,1.0,0.0,1.0,0.00044583147570218456,0.9995541685242978,0,1,9,2242
anomaly_recency_gate | XGBoost | full_0_5 | with_isolation_forest_anomaly_score,XGBoost,with_housing_status,valid_cost_sensitive_10_to_1,employment_status,CF,3618,0.0030403537866224434,0.0013819789939192924,0.0,1.0,0.0,1.0,0.0013861935126143609,0.9986138064873856,0,5,11,3602
anomaly_recency_gate | XGBoost | full_0_5 | with_isolation_forest_anomaly_score,XGBoost,with_housing_status,valid_cost_sensitive_10_to_1,employment_status,CG,38,0.05263157894736842,0.02631578947368421,0.0,1.0,0.0,1.0,0.027777777777777776,0.9722222222222222,0,1,2,35
anomaly_recency_gate | XGBoost | full_0_5 | with_isolation_forest_anomaly_score,XGBoost,with_housing_status,valid_cost_sensitive_10_to_1,customer_age_group,10-20,23953,0.007055483655492005,0.0062205151755521226,0.174496644295302,0.825503355704698,0.15384615384615385,0.8461538461538461,0.005171543895055499,0.9948284561049445,26,123,143,23661
anomaly_recency_gate | XGBoost | full_0_5 | with_isolation_forest_anomaly_score,XGBoost,with_housing_status,valid_cost_sensitive_10_to_1,customer_age_group,21-30,32363,0.012514291011340111,0.01986836819825109,0.19129082426127528,0.8087091757387247,0.3037037037037037,0.6962962962962963,0.016271356154953377,0.9837286438450467,123,520,282,31438
anomaly_recency_gate | XGBoost | full_0_5 | with_isolation_forest_anomaly_score,XGBoost,with_housing_status,valid_cost_sensitive_10_to_1,customer_age_group,31-40,27860,0.01564967695620962,0.034996410624551326,0.2041025641025641,0.7958974358974359,0.45642201834862384,0.5435779816513762,0.028296382730455077,0.9717036172695449,199,776,237,26648
anomaly_recency_gate | XGBoost | full_0_5 | with_isolation_forest_anomaly_score,XGBoost,with_housing_status,valid_cost_sensitive_10_to_1,customer_age_group,41-50,9725,0.026323907455012854,0.067866323907455,0.2287878787878788,0.7712121212121212,0.58984375,0.41015625,0.053754356320625196,0.9462456436793748,151,509,105,8960
anomaly_recency_gate | XGBoost | full_0_5 | with_isolation_forest_anomaly_score,XGBoost,with_housing_status,valid_cost_sensitive_10_to_1,customer_age_group,51+,2942,0.055064581917063225,0.10808973487423522,0.2861635220125786,0.7138364779874213,0.5617283950617284,0.4382716049382716,0.08165467625899281,0.9183453237410072,91,227,71,2553
anomaly_recency_gate | XGBoost | full_0_5 | with_isolation_forest_anomaly_score,XGBoost,with_housing_status,valid_cost_sensitive_10_to_1,income_group,high_0.7_0.9,64414,0.01797745831651504,0.03716583351445338,0.2121971595655806,0.7878028404344194,0.4386873920552677,0.5613126079447323,0.02981535348425446,0.9701846465157455,508,1886,650,61370
anomaly_recency_gate | XGBoost | full_0_5 | with_isolation_forest_anomaly_score,XGBoost,with_housing_status,valid_cost_sensitive_10_to_1,income_group,low_0.1_0.3,20645,0.007217243884717849,0.00910632114313393,0.23404255319148937,0.7659574468085106,0.2953020134228188,0.7046979865771812,0.00702576112412178,0.9929742388758782,44,144,105,20352
anomaly_recency_gate | XGBoost | full_0_5 | with_isolation_forest_anomaly_score,XGBoost,with_housing_status,valid_cost_sensitive_10_to_1,income_group,mid_0.4_0.6,11784,0.01026816021724372,0.013832315003394434,0.2331288343558282,0.7668711656441718,0.3140495867768595,0.6859504132231405,0.010717654119866244,0.9892823458801338,38,125,83,11538
anomaly_recency_gate | XGBoost | full_0_5 | without_anomaly_scores,XGBoost,with_housing_status,valid_global_5pct_fpr,housing_status,BA,19182,0.04686685434261287,0.1975289333750391,0.1636315650567432,0.8363684349432567,0.6896551724137931,0.3103448275862069,0.1733304162336597,0.8266695837663404,620,3169,279,15114
anomaly_recency_gate | XGBoost | full_0_5 | without_anomaly_scores,XGBoost,with_housing_status,valid_global_5pct_fpr,housing_status,BB,23213,0.007151165295308663,0.015551630551845948,0.13850415512465375,0.8614958448753463,0.30120481927710846,0.6987951807228916,0.013494164099448952,0.9865058359005511,50,311,116,22736
anomaly_recency_gate | XGBoost | full_0_5 | without_anomaly_scores,XGBoost,with_housing_status,valid_global_5pct_fpr,housing_status,BC,37502,0.007092955042397739,0.010452775851954562,0.16581632653061223,0.8341836734693877,0.24436090225563908,0.7556390977443609,0.008781824041250403,0.9912181759587496,65,327,201,36909
anomaly_recency_gate | XGBoost | full_0_5 | without_anomaly_scores,XGBoost,with_housing_status,valid_global_5pct_fpr,housing_status,BD,4478,0.009379187137114784,0.021661456007146047,0.15463917525773196,0.845360824742268,0.35714285714285715,0.6428571428571429,0.01848512173128945,0.9815148782687105,15,82,27,4354
anomaly_recency_gate | XGBoost | full_0_5 | without_anomaly_scores,XGBoost,with_housing_status,valid_global_5pct_fpr,housing_status,BE,12327,0.004380627889997567,0.00356940050296098,0.11363636363636363,0.8863636363636364,0.09259259259259259,0.9074074074074074,0.0031777071620630653,0.9968222928379369,5,39,49,12234
anomaly_recency_gate | XGBoost | full_0_5 | without_anomaly_scores,XGBoost,with_housing_status,valid_global_5pct_fpr,housing_status,BF,135,0.007407407407407408,0.0,0.0,1.0,0.0,1.0,0.0,1.0,0,0,1,134
anomaly_recency_gate | XGBoost | full_0_5 | without_anomaly_scores,XGBoost,with_housing_status,valid_global_5pct_fpr,housing_status,BG,6,0.0,0.0,0.0,1.0,0.0,,0.0,1.0,0,0,0,6
anomaly_recency_gate | XGBoost | full_0_5 | without_anomaly_scores,XGBoost,with_housing_status,valid_global_5pct_fpr,employment_status,CA,74882,0.01595844128094869,0.05379129830934003,0.16236345580933464,0.8376365441906654,0.5472803347280335,0.45271966527196655,0.04578826658705063,0.9542117334129494,654,3374,541,70313
anomaly_recency_gate | XGBoost | full_0_5 | without_anomaly_scores,XGBoost,with_housing_status,valid_global_5pct_fpr,employment_status,CB,11275,0.010199556541019957,0.029623059866962308,0.1317365269461078,0.8682634730538922,0.3826086956521739,0.6173913043478261,0.025985663082437275,0.9740143369175627,44,290,71,10870
anomaly_recency_gate | XGBoost | full_0_5 | without_anomaly_scores,XGBoost,with_housing_status,valid_global_5pct_fpr,employment_status,CC,2265,0.03708609271523179,0.12671081677704193,0.18466898954703834,0.8153310104529616,0.6309523809523809,0.36904761904761907,0.10729023383768914,0.8927097661623109,53,234,31,1947
anomaly_recency_gate | XGBoost | full_0_5 | without_anomaly_scores,XGBoost,with_housing_status,valid_global_5pct_fpr,employment_status,CD,2513,0.00477516912057302,0.005173099880620772,0.23076923076923078,0.7692307692307692,0.25,0.75,0.003998400639744102,0.9960015993602559,3,10,9,2491
anomaly_recency_gate | XGBoost | full_0_5 | without_anomaly_scores,XGBoost,with_housing_status,valid_global_5pct_fpr,employment_status,CE,2252,0.003996447602131439,0.0026642984014209592,0.0,1.0,0.0,1.0,0.0026749888542131075,0.9973250111457869,0,6,9,2237
anomaly_recency_gate | XGBoost | full_0_5 | without_anomaly_scores,XGBoost,with_housing_status,valid_global_5pct_fpr,employment_status,CF,3618,0.0030403537866224434,0.0024875621890547263,0.0,1.0,0.0,1.0,0.00249514832270585,0.9975048516772942,0,9,11,3598
anomaly_recency_gate | XGBoost | full_0_5 | without_anomaly_scores,XGBoost,with_housing_status,valid_global_5pct_fpr,employment_status,CG,38,0.05263157894736842,0.15789473684210525,0.16666666666666666,0.8333333333333334,0.5,0.5,0.1388888888888889,0.8611111111111112,1,5,1,31
anomaly_recency_gate | XGBoost | full_0_5 | without_anomaly_scores,XGBoost,with_housing_status,valid_global_5pct_fpr,customer_age_group,10-20,23953,0.007055483655492005,0.012649772471089216,0.1353135313531353,0.8646864686468647,0.24260355029585798,0.757396449704142,0.01101580894719139,0.9889841910528087,41,262,128,23522
anomaly_recency_gate | XGBoost | full_0_5 | without_anomaly_scores,XGBoost,with_housing_status,valid_global_5pct_fpr,customer_age_group,21-30,32363,0.012514291011340111,0.036770385934554894,0.14705882352941177,0.8529411764705882,0.43209876543209874,0.5679012345679012,0.03176043557168784,0.9682395644283122,175,1015,230,30943
anomaly_recency_gate | XGBoost | full_0_5 | without_anomaly_scores,XGBoost,with_housing_status,valid_global_5pct_fpr,customer_age_group,31-40,27860,0.01564967695620962,0.05875807609475951,0.15394013439218082,0.8460598656078192,0.5779816513761468,0.42201834862385323,0.05050320886814469,0.9494967911318553,252,1385,184,26039
anomaly_recency_gate | XGBoost | full_0_5 | without_anomaly_scores,XGBoost,with_housing_status,valid_global_5pct_fpr,customer_age_group,41-50,9725,0.026323907455012854,0.10889460154241645,0.16619452313503305,0.833805476864967,0.6875,0.3125,0.09325166332242053,0.9067483366775795,176,883,80,8586
anomaly_recency_gate | XGBoost | full_0_5 | without_anomaly_scores,XGBoost,with_housing_status,valid_global_5pct_fpr,customer_age_group,51+,2942,0.055064581917063225,0.167912984364378,0.22469635627530365,0.7753036437246963,0.6851851851851852,0.3148148148148148,0.13776978417266186,0.8622302158273382,111,383,51,2397
anomaly_recency_gate | XGBoost | full_0_5 | without_anomaly_scores,XGBoost,with_housing_status,valid_global_5pct_fpr,income_group,high_0.7_0.9,64414,0.01797745831651504,0.0626106125997454,0.15943466402182,0.84056533597818,0.5552677029360967,0.44473229706390327,0.05359175414189958,0.9464082458581005,643,3390,515,59866
anomaly_recency_gate | XGBoost | full_0_5 | without_anomaly_scores,XGBoost,with_housing_status,valid_global_5pct_fpr,income_group,low_0.1_0.3,20645,0.007217243884717849,0.017147008961007508,0.16666666666666666,0.8333333333333334,0.3959731543624161,0.6040268456375839,0.014393052302888369,0.9856069476971117,59,295,90,20201
anomaly_recency_gate | XGBoost | full_0_5 | without_anomaly_scores,XGBoost,with_housing_status,valid_global_5pct_fpr,income_group,mid_0.4_0.6,11784,0.01026816021724372,0.025118805159538356,0.17905405405405406,0.8209459459459459,0.4380165289256198,0.5619834710743802,0.020835119609019976,0.97916488039098,53,243,68,11420
anomaly_recency_gate | XGBoost | full_0_5 | without_anomaly_scores,XGBoost,with_housing_status,valid_business_fdr30,housing_status,BA,19182,0.04686685434261287,0.0009383797309978105,0.8888888888888888,0.11111111111111116,0.017797552836484983,0.982202447163515,0.00010939123776185527,0.9998906087622381,16,2,883,18281
anomaly_recency_gate | XGBoost | full_0_5 | without_anomaly_scores,XGBoost,with_housing_status,valid_business_fdr30,housing_status,BB,23213,0.007151165295308663,0.0,0.0,1.0,0.0,1.0,0.0,1.0,0,0,166,23047
anomaly_recency_gate | XGBoost | full_0_5 | without_anomaly_scores,XGBoost,with_housing_status,valid_business_fdr30,housing_status,BC,37502,0.007092955042397739,5.33304890405845e-05,0.5,0.5,0.0037593984962406013,0.9962406015037594,2.6855731012998174e-05,0.999973144268987,1,1,265,37235
anomaly_recency_gate | XGBoost | full_0_5 | without_anomaly_scores,XGBoost,with_housing_status,valid_business_fdr30,housing_status,BD,4478,0.009379187137114784,0.0,0.0,1.0,0.0,1.0,0.0,1.0,0,0,42,4436
anomaly_recency_gate | XGBoost | full_0_5 | without_anomaly_scores,XGBoost,with_housing_status,valid_business_fdr30,housing_status,BE,12327,0.004380627889997567,0.0,0.0,1.0,0.0,1.0,0.0,1.0,0,0,54,12273
anomaly_recency_gate | XGBoost | full_0_5 | without_anomaly_scores,XGBoost,with_housing_status,valid_business_fdr30,housing_status,BF,135,0.007407407407407408,0.0,0.0,1.0,0.0,1.0,0.0,1.0,0,0,1,134
anomaly_recency_gate | XGBoost | full_0_5 | without_anomaly_scores,XGBoost,with_housing_status,valid_business_fdr30,housing_status,BG,6,0.0,0.0,0.0,1.0,0.0,,0.0,1.0,0,0,0,6
anomaly_recency_gate | XGBoost | full_0_5 | without_anomaly_scores,XGBoost,with_housing_status,valid_business_fdr30,employment_status,CA,74882,0.01595844128094869,0.0002537325391950001,0.8421052631578947,0.1578947368421053,0.013389121338912133,0.9866108786610879,4.071274444610311e-05,0.9999592872555539,16,3,1179,73684
anomaly_recency_gate | XGBoost | full_0_5 | without_anomaly_scores,XGBoost,with_housing_status,valid_business_fdr30,employment_status,CB,11275,0.010199556541019957,0.0,0.0,1.0,0.0,1.0,0.0,1.0,0,0,115,11160
anomaly_recency_gate | XGBoost | full_0_5 | without_anomaly_scores,XGBoost,with_housing_status,valid_business_fdr30,employment_status,CC,2265,0.03708609271523179,0.0004415011037527594,1.0,0.0,0.011904761904761904,0.9880952380952381,0.0,1.0,1,0,83,2181
anomaly_recency_gate | XGBoost | full_0_5 | without_anomaly_scores,XGBoost,with_housing_status,valid_business_fdr30,employment_status,CD,2513,0.00477516912057302,0.0,0.0,1.0,0.0,1.0,0.0,1.0,0,0,12,2501
anomaly_recency_gate | XGBoost | full_0_5 | without_anomaly_scores,XGBoost,with_housing_status,valid_business_fdr30,employment_status,CE,2252,0.003996447602131439,0.0,0.0,1.0,0.0,1.0,0.0,1.0,0,0,9,2243
anomaly_recency_gate | XGBoost | full_0_5 | without_anomaly_scores,XGBoost,with_housing_status,valid_business_fdr30,employment_status,CF,3618,0.0030403537866224434,0.0,0.0,1.0,0.0,1.0,0.0,1.0,0,0,11,3607
anomaly_recency_gate | XGBoost | full_0_5 | without_anomaly_scores,XGBoost,with_housing_status,valid_business_fdr30,employment_status,CG,38,0.05263157894736842,0.0,0.0,1.0,0.0,1.0,0.0,1.0,0,0,2,36
anomaly_recency_gate | XGBoost | full_0_5 | without_anomaly_scores,XGBoost,with_housing_status,valid_business_fdr30,customer_age_group,10-20,23953,0.007055483655492005,0.0,0.0,1.0,0.0,1.0,0.0,1.0,0,0,169,23784
anomaly_recency_gate | XGBoost | full_0_5 | without_anomaly_scores,XGBoost,with_housing_status,valid_business_fdr30,customer_age_group,21-30,32363,0.012514291011340111,0.00012359793591447022,0.75,0.25,0.007407407407407408,0.9925925925925926,3.129106952875649e-05,0.9999687089304713,3,1,402,31957
anomaly_recency_gate | XGBoost | full_0_5 | without_anomaly_scores,XGBoost,with_housing_status,valid_business_fdr30,customer_age_group,31-40,27860,0.01564967695620962,0.00014357501794687725,1.0,0.0,0.009174311926605505,0.9908256880733946,0.0,1.0,4,0,432,27424
anomaly_recency_gate | XGBoost | full_0_5 | without_anomaly_scores,XGBoost,with_housing_status,valid_business_fdr30,customer_age_group,41-50,9725,0.026323907455012854,0.0006169665809768638,0.8333333333333334,0.16666666666666663,0.01953125,0.98046875,0.00010560777273207308,0.999894392227268,5,1,251,9468
anomaly_recency_gate | XGBoost | full_0_5 | without_anomaly_scores,XGBoost,with_housing_status,valid_business_fdr30,customer_age_group,51+,2942,0.055064581917063225,0.0020394289598912306,0.8333333333333334,0.16666666666666663,0.030864197530864196,0.9691358024691358,0.00035971223021582735,0.9996402877697842,5,1,157,2779
anomaly_recency_gate | XGBoost | full_0_5 | without_anomaly_scores,XGBoost,with_housing_status,valid_business_fdr30,income_group,high_0.7_0.9,64414,0.01797745831651504,0.0002949669326543919,0.8421052631578947,0.1578947368421053,0.013816925734024179,0.9861830742659758,4.7426331099026176e-05,0.999952573668901,16,3,1142,63253
anomaly_recency_gate | XGBoost | full_0_5 | without_anomaly_scores,XGBoost,with_housing_status,valid_business_fdr30,income_group,low_0.1_0.3,20645,0.007217243884717849,4.843787842092516e-05,1.0,0.0,0.006711409395973154,0.9932885906040269,0.0,1.0,1,0,148,20496
anomaly_recency_gate | XGBoost | full_0_5 | without_anomaly_scores,XGBoost,with_housing_status,valid_business_fdr30,income_group,mid_0.4_0.6,11784,0.01026816021724372,0.0,0.0,1.0,0.0,1.0,0.0,1.0,0,0,121,11663
anomaly_recency_gate | XGBoost | full_0_5 | without_anomaly_scores,XGBoost,with_housing_status,valid_cost_sensitive_10_to_1,housing_status,BA,19182,0.04686685434261287,0.10301324158064852,0.2257085020242915,0.7742914979757085,0.4961067853170189,0.5038932146829811,0.08368429688781928,0.9163157031121807,446,1530,453,16753
anomaly_recency_gate | XGBoost | full_0_5 | without_anomaly_scores,XGBoost,with_housing_status,valid_cost_sensitive_10_to_1,housing_status,BB,23213,0.007151165295308663,0.0050833584629302545,0.2542372881355932,0.7457627118644068,0.18072289156626506,0.8192771084337349,0.0038182843754067776,0.9961817156245932,30,88,136,22959
anomaly_recency_gate | XGBoost | full_0_5 | without_anomaly_scores,XGBoost,with_housing_status,valid_cost_sensitive_10_to_1,housing_status,BC,37502,0.007092955042397739,0.003519812276678577,0.25757575757575757,0.7424242424242424,0.12781954887218044,0.8721804511278195,0.002631861639273821,0.9973681383607261,34,98,232,37138
anomaly_recency_gate | XGBoost | full_0_5 | without_anomaly_scores,XGBoost,with_housing_status,valid_cost_sensitive_10_to_1,housing_status,BD,4478,0.009379187137114784,0.007146047342563644,0.28125,0.71875,0.21428571428571427,0.7857142857142857,0.005184851217312894,0.9948151487826871,9,23,33,4413
anomaly_recency_gate | XGBoost | full_0_5 | without_anomaly_scores,XGBoost,with_housing_status,valid_cost_sensitive_10_to_1,housing_status,BE,12327,0.004380627889997567,0.0012168410805548796,0.06666666666666667,0.9333333333333333,0.018518518518518517,0.9814814814814815,0.0011407153915098183,0.9988592846084902,1,14,53,12259
anomaly_recency_gate | XGBoost | full_0_5 | without_anomaly_scores,XGBoost,with_housing_status,valid_cost_sensitive_10_to_1,housing_status,BF,135,0.007407407407407408,0.0,0.0,1.0,0.0,1.0,0.0,1.0,0,0,1,134
anomaly_recency_gate | XGBoost | full_0_5 | without_anomaly_scores,XGBoost,with_housing_status,valid_cost_sensitive_10_to_1,housing_status,BG,6,0.0,0.0,0.0,1.0,0.0,,0.0,1.0,0,0,0,6
anomaly_recency_gate | XGBoost | full_0_5 | without_anomaly_scores,XGBoost,with_housing_status,valid_cost_sensitive_10_to_1,employment_status,CA,74882,0.01595844128094869,0.02641489276461633,0.23053589484327602,0.7694641051567239,0.3815899581589958,0.6184100418410042,0.020654932348989647,0.9793450676510104,456,1522,739,72165
anomaly_recency_gate | XGBoost | full_0_5 | without_anomaly_scores,XGBoost,with_housing_status,valid_cost_sensitive_10_to_1,employment_status,CB,11275,0.010199556541019957,0.012416851441241685,0.17142857142857143,0.8285714285714285,0.20869565217391303,0.7913043478260869,0.01039426523297491,0.9896057347670251,24,116,91,11044
anomaly_recency_gate | XGBoost | full_0_5 | without_anomaly_scores,XGBoost,with_housing_status,valid_cost_sensitive_10_to_1,employment_status,CC,2265,0.03708609271523179,0.06357615894039735,0.2708333333333333,0.7291666666666667,0.4642857142857143,0.5357142857142857,0.048143053645116916,0.951856946354883,39,105,45,2076
anomaly_recency_gate | XGBoost | full_0_5 | without_anomaly_scores,XGBoost,with_housing_status,valid_cost_sensitive_10_to_1,employment_status,CD,2513,0.00477516912057302,0.0019896538002387586,0.2,0.8,0.08333333333333333,0.9166666666666666,0.001599360255897641,0.9984006397441023,1,4,11,2497
anomaly_recency_gate | XGBoost | full_0_5 | without_anomaly_scores,XGBoost,with_housing_status,valid_cost_sensitive_10_to_1,employment_status,CE,2252,0.003996447602131439,0.0004440497335701599,0.0,1.0,0.0,1.0,0.00044583147570218456,0.9995541685242978,0,1,9,2242
anomaly_recency_gate | XGBoost | full_0_5 | without_anomaly_scores,XGBoost,with_housing_status,valid_cost_sensitive_10_to_1,employment_status,CF,3618,0.0030403537866224434,0.0013819789939192924,0.0,1.0,0.0,1.0,0.0013861935126143609,0.9986138064873856,0,5,11,3602
anomaly_recency_gate | XGBoost | full_0_5 | without_anomaly_scores,XGBoost,with_housing_status,valid_cost_sensitive_10_to_1,employment_status,CG,38,0.05263157894736842,0.0,0.0,1.0,0.0,1.0,0.0,1.0,0,0,2,36
anomaly_recency_gate | XGBoost | full_0_5 | without_anomaly_scores,XGBoost,with_housing_status,valid_cost_sensitive_10_to_1,customer_age_group,10-20,23953,0.007055483655492005,0.004634075063666347,0.18018018018018017,0.8198198198198199,0.11834319526627218,0.8816568047337278,0.003826101580894719,0.9961738984191053,20,91,149,23693
anomaly_recency_gate | XGBoost | full_0_5 | without_anomaly_scores,XGBoost,with_housing_status,valid_cost_sensitive_10_to_1,customer_age_group,21-30,32363,0.012514291011340111,0.015727837345116336,0.21611001964636542,0.7838899803536346,0.2716049382716049,0.7283950617283951,0.01248513674197384,0.9875148632580262,110,399,295,31559
anomaly_recency_gate | XGBoost | full_0_5 | without_anomaly_scores,XGBoost,with_housing_status,valid_cost_sensitive_10_to_1,customer_age_group,31-40,27860,0.01564967695620962,0.028858578607322327,0.21517412935323382,0.7848258706467661,0.3967889908256881,0.6032110091743119,0.02300904317386231,0.9769909568261377,173,631,263,26793
anomaly_recency_gate | XGBoost | full_0_5 | without_anomaly_scores,XGBoost,with_housing_status,valid_cost_sensitive_10_to_1,customer_age_group,41-50,9725,0.026323907455012854,0.05820051413881748,0.23851590106007067,0.7614840989399293,0.52734375,0.47265625,0.0455169500475235,0.9544830499524765,135,431,121,9038
anomaly_recency_gate | XGBoost | full_0_5 | without_anomaly_scores,XGBoost,with_housing_status,valid_cost_sensitive_10_to_1,customer_age_group,51+,2942,0.055064581917063225,0.09619306594153637,0.28975265017667845,0.7102473498233215,0.5061728395061729,0.49382716049382713,0.0723021582733813,0.9276978417266187,82,201,80,2579
anomaly_recency_gate | XGBoost | full_0_5 | without_anomaly_scores,XGBoost,with_housing_status,valid_cost_sensitive_10_to_1,income_group,high_0.7_0.9,64414,0.01797745831651504,0.030987052504114012,0.22595190380761523,0.7740480961923848,0.38946459412780654,0.6105354058721935,0.02442456051599848,0.9755754394840015,451,1545,707,61711
anomaly_recency_gate | XGBoost | full_0_5 | without_anomaly_scores,XGBoost,with_housing_status,valid_cost_sensitive_10_to_1,income_group,low_0.1_0.3,20645,0.007217243884717849,0.007362557519980625,0.25,0.75,0.2550335570469799,0.7449664429530202,0.0055620608899297425,0.9944379391100703,38,114,111,20382
anomaly_recency_gate | XGBoost | full_0_5 | without_anomaly_scores,XGBoost,with_housing_status,valid_cost_sensitive_10_to_1,income_group,mid_0.4_0.6,11784,0.01026816021724372,0.010607603530210456,0.248,0.752,0.256198347107438,0.743801652892562,0.008059675898139416,0.9919403241018606,31,94,90,11569
advanced_gate | XGBoost,XGBoost,with_housing_status,valid_global_5pct_fpr,housing_status,BA,19182,0.04686685434261287,0.1975289333750391,0.1636315650567432,0.8363684349432567,0.6896551724137931,0.3103448275862069,0.1733304162336597,0.8266695837663404,620,3169,279,15114
advanced_gate | XGBoost,XGBoost,with_housing_status,valid_global_5pct_fpr,housing_status,BB,23213,0.007151165295308663,0.015551630551845948,0.13850415512465375,0.8614958448753463,0.30120481927710846,0.6987951807228916,0.013494164099448952,0.9865058359005511,50,311,116,22736
advanced_gate | XGBoost,XGBoost,with_housing_status,valid_global_5pct_fpr,housing_status,BC,37502,0.007092955042397739,0.010452775851954562,0.16581632653061223,0.8341836734693877,0.24436090225563908,0.7556390977443609,0.008781824041250403,0.9912181759587496,65,327,201,36909
advanced_gate | XGBoost,XGBoost,with_housing_status,valid_global_5pct_fpr,housing_status,BD,4478,0.009379187137114784,0.021661456007146047,0.15463917525773196,0.845360824742268,0.35714285714285715,0.6428571428571429,0.01848512173128945,0.9815148782687105,15,82,27,4354
advanced_gate | XGBoost,XGBoost,with_housing_status,valid_global_5pct_fpr,housing_status,BE,12327,0.004380627889997567,0.00356940050296098,0.11363636363636363,0.8863636363636364,0.09259259259259259,0.9074074074074074,0.0031777071620630653,0.9968222928379369,5,39,49,12234
advanced_gate | XGBoost,XGBoost,with_housing_status,valid_global_5pct_fpr,housing_status,BF,135,0.007407407407407408,0.0,0.0,1.0,0.0,1.0,0.0,1.0,0,0,1,134
advanced_gate | XGBoost,XGBoost,with_housing_status,valid_global_5pct_fpr,housing_status,BG,6,0.0,0.0,0.0,1.0,0.0,,0.0,1.0,0,0,0,6
advanced_gate | XGBoost,XGBoost,with_housing_status,valid_global_5pct_fpr,employment_status,CA,74882,0.01595844128094869,0.05379129830934003,0.16236345580933464,0.8376365441906654,0.5472803347280335,0.45271966527196655,0.04578826658705063,0.9542117334129494,654,3374,541,70313
advanced_gate | XGBoost,XGBoost,with_housing_status,valid_global_5pct_fpr,employment_status,CB,11275,0.010199556541019957,0.029623059866962308,0.1317365269461078,0.8682634730538922,0.3826086956521739,0.6173913043478261,0.025985663082437275,0.9740143369175627,44,290,71,10870
advanced_gate | XGBoost,XGBoost,with_housing_status,valid_global_5pct_fpr,employment_status,CC,2265,0.03708609271523179,0.12671081677704193,0.18466898954703834,0.8153310104529616,0.6309523809523809,0.36904761904761907,0.10729023383768914,0.8927097661623109,53,234,31,1947
advanced_gate | XGBoost,XGBoost,with_housing_status,valid_global_5pct_fpr,employment_status,CD,2513,0.00477516912057302,0.005173099880620772,0.23076923076923078,0.7692307692307692,0.25,0.75,0.003998400639744102,0.9960015993602559,3,10,9,2491
advanced_gate | XGBoost,XGBoost,with_housing_status,valid_global_5pct_fpr,employment_status,CE,2252,0.003996447602131439,0.0026642984014209592,0.0,1.0,0.0,1.0,0.0026749888542131075,0.9973250111457869,0,6,9,2237
advanced_gate | XGBoost,XGBoost,with_housing_status,valid_global_5pct_fpr,employment_status,CF,3618,0.0030403537866224434,0.0024875621890547263,0.0,1.0,0.0,1.0,0.00249514832270585,0.9975048516772942,0,9,11,3598
advanced_gate | XGBoost,XGBoost,with_housing_status,valid_global_5pct_fpr,employment_status,CG,38,0.05263157894736842,0.15789473684210525,0.16666666666666666,0.8333333333333334,0.5,0.5,0.1388888888888889,0.8611111111111112,1,5,1,31
advanced_gate | XGBoost,XGBoost,with_housing_status,valid_global_5pct_fpr,customer_age_group,10-20,23953,0.007055483655492005,0.012649772471089216,0.1353135313531353,0.8646864686468647,0.24260355029585798,0.757396449704142,0.01101580894719139,0.9889841910528087,41,262,128,23522
advanced_gate | XGBoost,XGBoost,with_housing_status,valid_global_5pct_fpr,customer_age_group,21-30,32363,0.012514291011340111,0.036770385934554894,0.14705882352941177,0.8529411764705882,0.43209876543209874,0.5679012345679012,0.03176043557168784,0.9682395644283122,175,1015,230,30943
advanced_gate | XGBoost,XGBoost,with_housing_status,valid_global_5pct_fpr,customer_age_group,31-40,27860,0.01564967695620962,0.05875807609475951,0.15394013439218082,0.8460598656078192,0.5779816513761468,0.42201834862385323,0.05050320886814469,0.9494967911318553,252,1385,184,26039
advanced_gate | XGBoost,XGBoost,with_housing_status,valid_global_5pct_fpr,customer_age_group,41-50,9725,0.026323907455012854,0.10889460154241645,0.16619452313503305,0.833805476864967,0.6875,0.3125,0.09325166332242053,0.9067483366775795,176,883,80,8586
advanced_gate | XGBoost,XGBoost,with_housing_status,valid_global_5pct_fpr,customer_age_group,51+,2942,0.055064581917063225,0.167912984364378,0.22469635627530365,0.7753036437246963,0.6851851851851852,0.3148148148148148,0.13776978417266186,0.8622302158273382,111,383,51,2397
advanced_gate | XGBoost,XGBoost,with_housing_status,valid_global_5pct_fpr,income_group,high_0.7_0.9,64414,0.01797745831651504,0.0626106125997454,0.15943466402182,0.84056533597818,0.5552677029360967,0.44473229706390327,0.05359175414189958,0.9464082458581005,643,3390,515,59866
advanced_gate | XGBoost,XGBoost,with_housing_status,valid_global_5pct_fpr,income_group,low_0.1_0.3,20645,0.007217243884717849,0.017147008961007508,0.16666666666666666,0.8333333333333334,0.3959731543624161,0.6040268456375839,0.014393052302888369,0.9856069476971117,59,295,90,20201
advanced_gate | XGBoost,XGBoost,with_housing_status,valid_global_5pct_fpr,income_group,mid_0.4_0.6,11784,0.01026816021724372,0.025118805159538356,0.17905405405405406,0.8209459459459459,0.4380165289256198,0.5619834710743802,0.020835119609019976,0.97916488039098,53,243,68,11420
advanced_gate | XGBoost,XGBoost,with_housing_status,valid_business_fdr30,housing_status,BA,19182,0.04686685434261287,0.0009383797309978105,0.8888888888888888,0.11111111111111116,0.017797552836484983,0.982202447163515,0.00010939123776185527,0.9998906087622381,16,2,883,18281
advanced_gate | XGBoost,XGBoost,with_housing_status,valid_business_fdr30,housing_status,BB,23213,0.007151165295308663,0.0,0.0,1.0,0.0,1.0,0.0,1.0,0,0,166,23047
advanced_gate | XGBoost,XGBoost,with_housing_status,valid_business_fdr30,housing_status,BC,37502,0.007092955042397739,5.33304890405845e-05,0.5,0.5,0.0037593984962406013,0.9962406015037594,2.6855731012998174e-05,0.999973144268987,1,1,265,37235
advanced_gate | XGBoost,XGBoost,with_housing_status,valid_business_fdr30,housing_status,BD,4478,0.009379187137114784,0.0,0.0,1.0,0.0,1.0,0.0,1.0,0,0,42,4436
advanced_gate | XGBoost,XGBoost,with_housing_status,valid_business_fdr30,housing_status,BE,12327,0.004380627889997567,0.0,0.0,1.0,0.0,1.0,0.0,1.0,0,0,54,12273
advanced_gate | XGBoost,XGBoost,with_housing_status,valid_business_fdr30,housing_status,BF,135,0.007407407407407408,0.0,0.0,1.0,0.0,1.0,0.0,1.0,0,0,1,134
advanced_gate | XGBoost,XGBoost,with_housing_status,valid_business_fdr30,housing_status,BG,6,0.0,0.0,0.0,1.0,0.0,,0.0,1.0,0,0,0,6
advanced_gate | XGBoost,XGBoost,with_housing_status,valid_business_fdr30,employment_status,CA,74882,0.01595844128094869,0.0002537325391950001,0.8421052631578947,0.1578947368421053,0.013389121338912133,0.9866108786610879,4.071274444610311e-05,0.9999592872555539,16,3,1179,73684
advanced_gate | XGBoost,XGBoost,with_housing_status,valid_business_fdr30,employment_status,CB,11275,0.010199556541019957,0.0,0.0,1.0,0.0,1.0,0.0,1.0,0,0,115,11160
advanced_gate | XGBoost,XGBoost,with_housing_status,valid_business_fdr30,employment_status,CC,2265,0.03708609271523179,0.0004415011037527594,1.0,0.0,0.011904761904761904,0.9880952380952381,0.0,1.0,1,0,83,2181
advanced_gate | XGBoost,XGBoost,with_housing_status,valid_business_fdr30,employment_status,CD,2513,0.00477516912057302,0.0,0.0,1.0,0.0,1.0,0.0,1.0,0,0,12,2501
advanced_gate | XGBoost,XGBoost,with_housing_status,valid_business_fdr30,employment_status,CE,2252,0.003996447602131439,0.0,0.0,1.0,0.0,1.0,0.0,1.0,0,0,9,2243
advanced_gate | XGBoost,XGBoost,with_housing_status,valid_business_fdr30,employment_status,CF,3618,0.0030403537866224434,0.0,0.0,1.0,0.0,1.0,0.0,1.0,0,0,11,3607
advanced_gate | XGBoost,XGBoost,with_housing_status,valid_business_fdr30,employment_status,CG,38,0.05263157894736842,0.0,0.0,1.0,0.0,1.0,0.0,1.0,0,0,2,36
advanced_gate | XGBoost,XGBoost,with_housing_status,valid_business_fdr30,customer_age_group,10-20,23953,0.007055483655492005,0.0,0.0,1.0,0.0,1.0,0.0,1.0,0,0,169,23784
advanced_gate | XGBoost,XGBoost,with_housing_status,valid_business_fdr30,customer_age_group,21-30,32363,0.012514291011340111,0.00012359793591447022,0.75,0.25,0.007407407407407408,0.9925925925925926,3.129106952875649e-05,0.9999687089304713,3,1,402,31957
advanced_gate | XGBoost,XGBoost,with_housing_status,valid_business_fdr30,customer_age_group,31-40,27860,0.01564967695620962,0.00014357501794687725,1.0,0.0,0.009174311926605505,0.9908256880733946,0.0,1.0,4,0,432,27424
advanced_gate | XGBoost,XGBoost,with_housing_status,valid_business_fdr30,customer_age_group,41-50,9725,0.026323907455012854,0.0006169665809768638,0.8333333333333334,0.16666666666666663,0.01953125,0.98046875,0.00010560777273207308,0.999894392227268,5,1,251,9468
advanced_gate | XGBoost,XGBoost,with_housing_status,valid_business_fdr30,customer_age_group,51+,2942,0.055064581917063225,0.0020394289598912306,0.8333333333333334,0.16666666666666663,0.030864197530864196,0.9691358024691358,0.00035971223021582735,0.9996402877697842,5,1,157,2779
advanced_gate | XGBoost,XGBoost,with_housing_status,valid_business_fdr30,income_group,high_0.7_0.9,64414,0.01797745831651504,0.0002949669326543919,0.8421052631578947,0.1578947368421053,0.013816925734024179,0.9861830742659758,4.7426331099026176e-05,0.999952573668901,16,3,1142,63253
advanced_gate | XGBoost,XGBoost,with_housing_status,valid_business_fdr30,income_group,low_0.1_0.3,20645,0.007217243884717849,4.843787842092516e-05,1.0,0.0,0.006711409395973154,0.9932885906040269,0.0,1.0,1,0,148,20496
advanced_gate | XGBoost,XGBoost,with_housing_status,valid_business_fdr30,income_group,mid_0.4_0.6,11784,0.01026816021724372,0.0,0.0,1.0,0.0,1.0,0.0,1.0,0,0,121,11663
advanced_gate | XGBoost,XGBoost,with_housing_status,valid_cost_sensitive_10_to_1,housing_status,BA,19182,0.04686685434261287,0.10301324158064852,0.2257085020242915,0.7742914979757085,0.4961067853170189,0.5038932146829811,0.08368429688781928,0.9163157031121807,446,1530,453,16753
advanced_gate | XGBoost,XGBoost,with_housing_status,valid_cost_sensitive_10_to_1,housing_status,BB,23213,0.007151165295308663,0.0050833584629302545,0.2542372881355932,0.7457627118644068,0.18072289156626506,0.8192771084337349,0.0038182843754067776,0.9961817156245932,30,88,136,22959
advanced_gate | XGBoost,XGBoost,with_housing_status,valid_cost_sensitive_10_to_1,housing_status,BC,37502,0.007092955042397739,0.003519812276678577,0.25757575757575757,0.7424242424242424,0.12781954887218044,0.8721804511278195,0.002631861639273821,0.9973681383607261,34,98,232,37138
advanced_gate | XGBoost,XGBoost,with_housing_status,valid_cost_sensitive_10_to_1,housing_status,BD,4478,0.009379187137114784,0.007146047342563644,0.28125,0.71875,0.21428571428571427,0.7857142857142857,0.005184851217312894,0.9948151487826871,9,23,33,4413
advanced_gate | XGBoost,XGBoost,with_housing_status,valid_cost_sensitive_10_to_1,housing_status,BE,12327,0.004380627889997567,0.0012168410805548796,0.06666666666666667,0.9333333333333333,0.018518518518518517,0.9814814814814815,0.0011407153915098183,0.9988592846084902,1,14,53,12259
advanced_gate | XGBoost,XGBoost,with_housing_status,valid_cost_sensitive_10_to_1,housing_status,BF,135,0.007407407407407408,0.0,0.0,1.0,0.0,1.0,0.0,1.0,0,0,1,134
advanced_gate | XGBoost,XGBoost,with_housing_status,valid_cost_sensitive_10_to_1,housing_status,BG,6,0.0,0.0,0.0,1.0,0.0,,0.0,1.0,0,0,0,6
advanced_gate | XGBoost,XGBoost,with_housing_status,valid_cost_sensitive_10_to_1,employment_status,CA,74882,0.01595844128094869,0.02641489276461633,0.23053589484327602,0.7694641051567239,0.3815899581589958,0.6184100418410042,0.020654932348989647,0.9793450676510104,456,1522,739,72165
advanced_gate | XGBoost,XGBoost,with_housing_status,valid_cost_sensitive_10_to_1,employment_status,CB,11275,0.010199556541019957,0.012416851441241685,0.17142857142857143,0.8285714285714285,0.20869565217391303,0.7913043478260869,0.01039426523297491,0.9896057347670251,24,116,91,11044
advanced_gate | XGBoost,XGBoost,with_housing_status,valid_cost_sensitive_10_to_1,employment_status,CC,2265,0.03708609271523179,0.06357615894039735,0.2708333333333333,0.7291666666666667,0.4642857142857143,0.5357142857142857,0.048143053645116916,0.951856946354883,39,105,45,2076
advanced_gate | XGBoost,XGBoost,with_housing_status,valid_cost_sensitive_10_to_1,employment_status,CD,2513,0.00477516912057302,0.0019896538002387586,0.2,0.8,0.08333333333333333,0.9166666666666666,0.001599360255897641,0.9984006397441023,1,4,11,2497
advanced_gate | XGBoost,XGBoost,with_housing_status,valid_cost_sensitive_10_to_1,employment_status,CE,2252,0.003996447602131439,0.0004440497335701599,0.0,1.0,0.0,1.0,0.00044583147570218456,0.9995541685242978,0,1,9,2242
advanced_gate | XGBoost,XGBoost,with_housing_status,valid_cost_sensitive_10_to_1,employment_status,CF,3618,0.0030403537866224434,0.0013819789939192924,0.0,1.0,0.0,1.0,0.0013861935126143609,0.9986138064873856,0,5,11,3602
advanced_gate | XGBoost,XGBoost,with_housing_status,valid_cost_sensitive_10_to_1,employment_status,CG,38,0.05263157894736842,0.0,0.0,1.0,0.0,1.0,0.0,1.0,0,0,2,36
advanced_gate | XGBoost,XGBoost,with_housing_status,valid_cost_sensitive_10_to_1,customer_age_group,10-20,23953,0.007055483655492005,0.004634075063666347,0.18018018018018017,0.8198198198198199,0.11834319526627218,0.8816568047337278,0.003826101580894719,0.9961738984191053,20,91,149,23693
advanced_gate | XGBoost,XGBoost,with_housing_status,valid_cost_sensitive_10_to_1,customer_age_group,21-30,32363,0.012514291011340111,0.015727837345116336,0.21611001964636542,0.7838899803536346,0.2716049382716049,0.7283950617283951,0.01248513674197384,0.9875148632580262,110,399,295,31559
advanced_gate | XGBoost,XGBoost,with_housing_status,valid_cost_sensitive_10_to_1,customer_age_group,31-40,27860,0.01564967695620962,0.028858578607322327,0.21517412935323382,0.7848258706467661,0.3967889908256881,0.6032110091743119,0.02300904317386231,0.9769909568261377,173,631,263,26793
advanced_gate | XGBoost,XGBoost,with_housing_status,valid_cost_sensitive_10_to_1,customer_age_group,41-50,9725,0.026323907455012854,0.05820051413881748,0.23851590106007067,0.7614840989399293,0.52734375,0.47265625,0.0455169500475235,0.9544830499524765,135,431,121,9038
advanced_gate | XGBoost,XGBoost,with_housing_status,valid_cost_sensitive_10_to_1,customer_age_group,51+,2942,0.055064581917063225,0.09619306594153637,0.28975265017667845,0.7102473498233215,0.5061728395061729,0.49382716049382713,0.0723021582733813,0.9276978417266187,82,201,80,2579
advanced_gate | XGBoost,XGBoost,with_housing_status,valid_cost_sensitive_10_to_1,income_group,high_0.7_0.9,64414,0.01797745831651504,0.030987052504114012,0.22595190380761523,0.7740480961923848,0.38946459412780654,0.6105354058721935,0.02442456051599848,0.9755754394840015,451,1545,707,61711
advanced_gate | XGBoost,XGBoost,with_housing_status,valid_cost_sensitive_10_to_1,income_group,low_0.1_0.3,20645,0.007217243884717849,0.007362557519980625,0.25,0.75,0.2550335570469799,0.7449664429530202,0.0055620608899297425,0.9944379391100703,38,114,111,20382
advanced_gate | XGBoost,XGBoost,with_housing_status,valid_cost_sensitive_10_to_1,income_group,mid_0.4_0.6,11784,0.01026816021724372,0.010607603530210456,0.248,0.752,0.256198347107438,0.743801652892562,0.008059675898139416,0.9919403241018606,31,94,90,11569
