model,stage,model_family,feature_set,balance_policy,train_strategy,anomaly_policy,split,threshold_policy,threshold,alerts,alert_count,tp,fp,fn,tn,precision,fdr,recall_tpr,fpr,fnr,tnr,specificity_tnr,alert_rate,fraud_prevalence,lift,precision_lift,fp_per_tp,pr_auc,roc_auc,pr_auc_lift,n_obs
baseline | Logistic Regression,baseline_search,Logistic Regression,baseline_eda_onehot,model_default_weighting,full_0_5,without_anomaly_scores,validation,default_0_50,0.5,20162,20162,1112,19050,338,87668,0.055153258605297,0.9448467413947028,0.766896551724138,0.1785078431005078,0.233103448275862,0.8214921568994921,0.8214921568994921,0.1863952370386805,0.0134050735892315,4.114357018495018,4.114357018495018,17.131294964028775,0.1491712175450459,0.8766576688416974,11.127967075456915,108168
baseline | Logistic Regression,baseline_search,Logistic Regression,baseline_eda_onehot,model_default_weighting,full_0_5,without_anomaly_scores,validation,valid_global_5pct_fpr,0.7768670748835765,6049,6049,716,5333,734,101385,0.1183666721772193,0.8816333278227806,0.4937931034482758,0.0499728255776907,0.5062068965517241,0.9500271744223092,0.9500271744223092,0.0559222690629391,0.0134050735892315,8.829990480045147,8.829990480045147,7.448324022346369,0.1491712175450459,0.8766576688416974,11.127967075456915,108168
baseline | Logistic Regression,baseline_search,Logistic Regression,baseline_eda_onehot,model_default_weighting,full_0_5,without_anomaly_scores,test,default_0_50,0.5,14192,14192,1058,13134,370,82281,0.0745490417136414,0.9254509582863584,0.7408963585434174,0.1376513126866844,0.2591036414565826,0.8623486873133155,0.8623486873133155,0.1465464721249858,0.0147455159381679,5.055709276382481,5.055709276382481,12.41398865784499,0.1798640383209565,0.8815050382150449,12.197880296299996,96843
baseline | Logistic Regression,baseline_search,Logistic Regression,baseline_eda_onehot,model_default_weighting,full_0_5,without_anomaly_scores,test,valid_global_5pct_fpr,0.7768670748835765,3926,3926,628,3298,800,92117,0.1599592460519613,0.8400407539480387,0.4397759103641456,0.0345647958916312,0.5602240896358543,0.9654352041083688,0.9654352041083688,0.0405398428384085,0.0147455159381679,10.847992482780173,10.847992482780173,5.251592356687898,0.1798640383209565,0.8815050382150449,12.197880296299996,96843
baseline | Decision Tree,baseline_search,Decision Tree,baseline_eda_onehot,model_default_weighting,full_0_5,without_anomaly_scores,validation,default_0_50,0.5,28274,28274,1118,27156,332,79562,0.0395416283511353,0.9604583716488648,0.7710344827586207,0.2544650387001255,0.2289655172413793,0.7455349612998744,0.7455349612998744,0.2613896901116781,0.0134050735892315,2.9497509348176587,2.9497509348176587,24.28980322003578,0.0884634855621529,0.8310365733473526,6.599254004335831,108168
baseline | Decision Tree,baseline_search,Decision Tree,baseline_eda_onehot,model_default_weighting,full_0_5,without_anomaly_scores,validation,valid_global_5pct_fpr,0.8371008459922289,5886,5886,596,5290,854,101428,0.1012572205232755,0.8987427794767244,0.4110344827586207,0.0495698944882775,0.5889655172413794,0.9504301055117224,0.9504301055117224,0.0544153538939427,0.0134050735892315,7.553648985904601,7.553648985904601,8.875838926174497,0.0884634855621529,0.8310365733473526,6.599254004335831,108168
baseline | Decision Tree,baseline_search,Decision Tree,baseline_eda_onehot,model_default_weighting,full_0_5,without_anomaly_scores,test,default_0_50,0.5,22048,22048,1079,20969,349,74446,0.048938679245283,0.9510613207547168,0.7556022408963585,0.2197662841272336,0.2443977591036414,0.7802337158727664,0.7802337158727664,0.2276674617680162,0.0147455159381679,3.318885514111305,3.318885514111305,19.433734939759034,0.1105641379284176,0.8399135444147791,7.498153227872373,96843
baseline | Decision Tree,baseline_search,Decision Tree,baseline_eda_onehot,model_default_weighting,full_0_5,without_anomaly_scores,test,valid_global_5pct_fpr,0.8371008459922289,4472,4472,580,3892,848,91523,0.129695885509839,0.870304114490161,0.4061624649859944,0.0407902321437929,0.5938375350140056,0.959209767856207,0.959209767856207,0.0461778342265316,0.0147455159381679,8.795615294418303,8.795615294418303,6.710344827586207,0.1105641379284176,0.8399135444147791,7.498153227872373,96843
baseline | Random Forest,baseline_search,Random Forest,baseline_eda_onehot,model_default_weighting,full_0_5,without_anomaly_scores,validation,default_0_50,0.5,12949,12949,959,11990,491,94728,0.0740597729554405,0.9259402270445596,0.6613793103448276,0.112352180513128,0.3386206896551724,0.887647819486872,0.887647819486872,0.1197119295910065,0.0134050735892315,5.524756911064893,5.524756911064893,12.502606882168926,0.1543480393964942,0.8793229788336777,11.514150845131022,108168
baseline | Random Forest,baseline_search,Random Forest,baseline_eda_onehot,model_default_weighting,full_0_5,without_anomaly_scores,validation,valid_global_5pct_fpr,0.6399207700174235,6032,6032,706,5326,744,101392,0.1170424403183023,0.8829575596816976,0.4868965517241379,0.0499072321445304,0.5131034482758621,0.9500927678554696,0.9500927678554696,0.0557651061312033,0.0134050735892315,8.731204609896642,8.731204609896642,7.543909348441926,0.1543480393964942,0.8793229788336777,11.514150845131022,108168
baseline | Random Forest,baseline_search,Random Forest,baseline_eda_onehot,model_default_weighting,full_0_5,without_anomaly_scores,test,default_0_50,0.5,9791,9791,941,8850,487,86565,0.0961086712286794,0.9038913287713206,0.6589635854341737,0.0927527118377613,0.3410364145658263,0.9072472881622388,0.9072472881622388,0.1011017832987412,0.0147455159381679,6.517823562884454,6.517823562884454,9.404888416578109,0.175278063239611,0.8800466002048254,11.886872183693033,96843
baseline | Random Forest,baseline_search,Random Forest,baseline_eda_onehot,model_default_weighting,full_0_5,without_anomaly_scores,test,valid_global_5pct_fpr,0.6399207700174235,4378,4378,662,3716,766,91699,0.1512105984467793,0.8487894015532207,0.4635854341736695,0.0389456584394487,0.5364145658263305,0.9610543415605513,0.9610543415605513,0.0452071910205177,0.0147455159381679,10.25468346315228,10.25468346315228,5.613293051359516,0.175278063239611,0.8800466002048254,11.886872183693033,96843
baseline | XGBoost,baseline_search,XGBoost,baseline_eda_onehot,model_default_weighting,full_0_5,without_anomaly_scores,validation,default_0_50,0.5,22294,22294,1198,21096,252,85622,0.0537364313268143,0.9462635686731856,0.8262068965517242,0.1976798665642159,0.1737931034482758,0.802320133435784,0.802320133435784,0.2061053176540196,0.0134050735892315,4.00866365776473,4.00866365776473,17.609348914858096,0.1811417319058832,0.8912883648881907,13.512923349514187,108168
baseline | XGBoost,baseline_search,XGBoost,baseline_eda_onehot,model_default_weighting,full_0_5,without_anomaly_scores,validation,valid_global_5pct_fpr,0.7965519428253174,6025,6025,748,5277,702,101441,0.1241493775933609,0.875850622406639,0.5158620689655172,0.0494480781124084,0.4841379310344827,0.9505519218875916,0.9505519218875916,0.0557003919828415,0.0134050735892315,9.261372327943912,9.261372327943912,7.054812834224599,0.1811417319058832,0.8912883648881907,13.512923349514187,108168
baseline | XGBoost,baseline_search,XGBoost,baseline_eda_onehot,model_default_weighting,full_0_5,without_anomaly_scores,test,default_0_50,0.5,17704,17704,1143,16561,285,78854,0.0645616809760506,0.9354383190239494,0.8004201680672269,0.1735680972593407,0.1995798319327731,0.8264319027406593,0.8264319027406593,0.182811354460312,0.0147455159381679,4.378394167201449,4.378394167201449,14.489063867016624,0.205964607764584,0.8943105827983343,13.967948536236426,96843
baseline | XGBoost,baseline_search,XGBoost,baseline_eda_onehot,model_default_weighting,full_0_5,without_anomaly_scores,test,valid_global_5pct_fpr,0.7965519428253174,4711,4711,759,3952,669,91463,0.1611122903842071,0.8388877096157928,0.5315126050420168,0.0414190640884556,0.4684873949579832,0.9585809359115444,0.9585809359115444,0.0486457462077796,0.0147455159381679,10.926188751875191,10.926188751875191,5.206851119894599,0.205964607764584,0.8943105827983343,13.967948536236426,96843
baseline | LightGBM,baseline_search,LightGBM,baseline_eda_onehot,model_default_weighting,full_0_5,without_anomaly_scores,validation,default_0_50,0.5,23596,23596,1186,22410,264,84308,0.0502627563993897,0.9497372436006104,0.8179310344827586,0.2099926910174478,0.1820689655172414,0.7900073089825521,0.7900073089825521,0.2181421492493158,0.0134050735892315,3.749532299454613,3.749532299454613,18.895446880269816,0.1675330801159354,0.8836967812688419,12.497736696538276,108168
baseline | LightGBM,baseline_search,LightGBM,baseline_eda_onehot,model_default_weighting,full_0_5,without_anomaly_scores,validation,valid_global_5pct_fpr,0.8361452176052429,6022,6022,724,5298,726,101420,0.1202258385918299,0.87977416140817,0.4993103448275862,0.0496448584118892,0.5006896551724138,0.9503551415881109,0.9503551415881109,0.0556726573478293,0.0134050735892315,8.96868173020763,8.96868173020763,7.31767955801105,0.1675330801159354,0.8836967812688419,12.497736696538276,108168
baseline | LightGBM,baseline_search,LightGBM,baseline_eda_onehot,model_default_weighting,full_0_5,without_anomaly_scores,test,default_0_50,0.5,19861,19861,1162,18699,266,76716,0.0585066210160616,0.9414933789839384,0.8137254901960784,0.1959754755541581,0.1862745098039215,0.8040245244458418,0.8040245244458418,0.205084518240864,0.0147455159381679,3.967756792057743,3.967756792057743,16.092082616179002,0.2021388396413337,0.8896031210262233,13.708495551390534,96843
baseline | LightGBM,baseline_search,LightGBM,baseline_eda_onehot,model_default_weighting,full_0_5,without_anomaly_scores,test,valid_global_5pct_fpr,0.8361452176052429,5293,5293,782,4511,646,90904,0.1477423011524655,0.8522576988475344,0.5476190476190477,0.0472776817062306,0.4523809523809524,0.9527223182937692,0.9527223182937692,0.0546554732918228,0.0147455159381679,10.0194731586192,10.0194731586192,5.768542199488491,0.2021388396413337,0.8896031210262233,13.708495551390534,96843
baseline | CatBoost,baseline_search,CatBoost,catboost_native_raw_no_generated_features,model_default_weighting,full_0_5,without_anomaly_scores,validation,default_0_50,0.5,22019,22019,1193,20826,257,85892,0.0541804804941187,0.9458195195058812,0.8227586206896552,0.195149834142319,0.1772413793103448,0.804850165857681,0.804850165857681,0.2035629761112344,0.0134050735892315,4.041789113164023,4.041789113164023,17.45683151718357,0.1802422480866976,0.8914777069569751,13.445823097270278,108168
baseline | CatBoost,baseline_search,CatBoost,catboost_native_raw_no_generated_features,model_default_weighting,full_0_5,without_anomaly_scores,validation,valid_global_5pct_fpr,0.7874011234264661,6083,6083,761,5322,689,101396,0.1251027453559099,0.8748972546440901,0.5248275862068965,0.0498697501827245,0.4751724137931034,0.9501302498172756,0.9501302498172756,0.0562365949264107,0.0134050735892315,9.332492248040042,9.332492248040042,6.993429697766097,0.1802422480866976,0.8914777069569751,13.445823097270278,108168
baseline | CatBoost,baseline_search,CatBoost,catboost_native_raw_no_generated_features,model_default_weighting,full_0_5,without_anomaly_scores,test,default_0_50,0.5,17295,17295,1148,16147,280,79268,0.0663775657704539,0.933622434229546,0.803921568627451,0.1692291568411675,0.196078431372549,0.8307708431588324,0.8307708431588324,0.1785880239149964,0.0147455159381679,4.501542438310971,4.501542438310971,14.065331010452962,0.2177091013185874,0.8966794546776421,14.7644275203053,96843
baseline | CatBoost,baseline_search,CatBoost,catboost_native_raw_no_generated_features,model_default_weighting,full_0_5,without_anomaly_scores,test,valid_global_5pct_fpr,0.7874011234264661,4695,4695,763,3932,665,91483,0.1625133120340788,0.8374866879659212,0.5343137254901961,0.0412094534402347,0.4656862745098039,0.9587905465597653,0.9587905465597653,0.0484805303429261,0.0147455159381679,11.0212021549834,11.0212021549834,5.153342070773263,0.2177091013185874,0.8966794546776421,14.7644275203053,96843
balance_gate | XGBoost | class_weight,balance_gate,XGBoost,baseline_eda_onehot,class_weight,train_sample,without_anomaly_scores,validation,default_0_50,0.5,22294,22294,1198,21096,252,85622,0.0537364313268143,0.9462635686731856,0.8262068965517242,0.1976798665642159,0.1737931034482758,0.802320133435784,0.802320133435784,0.2061053176540196,0.0134050735892315,4.00866365776473,4.00866365776473,17.609348914858096,0.1811417319058832,0.8912883648881907,13.512923349514187,108168
balance_gate | XGBoost | class_weight,balance_gate,XGBoost,baseline_eda_onehot,class_weight,train_sample,without_anomaly_scores,validation,valid_global_5pct_fpr,0.7965519428253174,6025,6025,748,5277,702,101441,0.1241493775933609,0.875850622406639,0.5158620689655172,0.0494480781124084,0.4841379310344827,0.9505519218875916,0.9505519218875916,0.0557003919828415,0.0134050735892315,9.261372327943912,9.261372327943912,7.054812834224599,0.1811417319058832,0.8912883648881907,13.512923349514187,108168
balance_gate | XGBoost | class_weight,balance_gate,XGBoost,baseline_eda_onehot,class_weight,train_sample,without_anomaly_scores,test,default_0_50,0.5,17704,17704,1143,16561,285,78854,0.0645616809760506,0.9354383190239494,0.8004201680672269,0.1735680972593407,0.1995798319327731,0.8264319027406593,0.8264319027406593,0.182811354460312,0.0147455159381679,4.378394167201449,4.378394167201449,14.489063867016624,0.205964607764584,0.8943105827983343,13.967948536236426,96843
balance_gate | XGBoost | class_weight,balance_gate,XGBoost,baseline_eda_onehot,class_weight,train_sample,without_anomaly_scores,test,valid_global_5pct_fpr,0.7965519428253174,4711,4711,759,3952,669,91463,0.1611122903842071,0.8388877096157928,0.5315126050420168,0.0414190640884556,0.4684873949579832,0.9585809359115444,0.9585809359115444,0.0486457462077796,0.0147455159381679,10.926188751875191,10.926188751875191,5.206851119894599,0.205964607764584,0.8943105827983343,13.967948536236426,96843
balance_gate | XGBoost | random_undersampling,balance_gate,XGBoost,baseline_eda_onehot,random_undersampling,train_sample,without_anomaly_scores,validation,default_0_50,0.5,84734,84734,1437,83297,13,23421,0.0169589539028017,0.9830410460971984,0.9910344827586208,0.7805337431361158,0.0089655172413793,0.2194662568638842,0.2194662568638842,0.7833555210413431,0.0134050735892315,1.2651145694884518,1.2651145694884518,57.96590118302018,0.1737916640773921,0.8875210270574527,12.964618427533344,108168
balance_gate | XGBoost | random_undersampling,balance_gate,XGBoost,baseline_eda_onehot,random_undersampling,train_sample,without_anomaly_scores,validation,valid_global_5pct_fpr,0.98674738407135,6031,6031,742,5289,708,101429,0.1230310064665893,0.8769689935334107,0.5117241379310344,0.049560523997826,0.4882758620689655,0.950439476002174,0.950439476002174,0.0557558612528659,0.0134050735892315,9.177943384467609,9.177943384467609,7.1280323450134775,0.1737916640773921,0.8875210270574527,12.964618427533344,108168
balance_gate | XGBoost | random_undersampling,balance_gate,XGBoost,baseline_eda_onehot,random_undersampling,train_sample,without_anomaly_scores,test,default_0_50,0.5,70279,70279,1411,68868,17,26547,0.0200771211884062,0.9799228788115938,0.988095238095238,0.7217733060839491,0.0119047619047619,0.2782266939160509,0.2782266939160509,0.7257003603771052,0.0147455159381679,1.3615746829473547,1.3615746829473547,48.80793763288448,0.2051204368436851,0.8905856305735624,13.910699205359244,96843
balance_gate | XGBoost | random_undersampling,balance_gate,XGBoost,baseline_eda_onehot,random_undersampling,train_sample,without_anomaly_scores,test,valid_global_5pct_fpr,0.98674738407135,4399,4399,724,3675,704,91740,0.1645828597408501,0.8354171402591498,0.5070028011204482,0.0385159566105958,0.4929971988795518,0.9614840433894042,0.9614840433894042,0.0454240368431378,0.0147455159381679,11.16155314137476,11.16155314137476,5.0759668508287294,0.2051204368436851,0.8905856305735624,13.910699205359244,96843
balance_gate | XGBoost | random_oversampling,balance_gate,XGBoost,baseline_eda_onehot,random_oversampling,train_sample,without_anomaly_scores,validation,default_0_50,0.5,70778,70778,1421,69357,29,37361,0.0200768600412557,0.9799231399587442,0.98,0.6499091062426208,0.02,0.3500908937573793,0.3500908937573793,0.6543339989645737,0.0134050735892315,1.4977060668569329,1.4977060668569329,48.80858550316678,0.1764799544429129,0.8891045462388467,13.165161180814486,108168
balance_gate | XGBoost | random_oversampling,balance_gate,XGBoost,baseline_eda_onehot,random_oversampling,train_sample,without_anomaly_scores,validation,valid_global_5pct_fpr,0.9689190983772278,6088,6088,756,5332,694,101386,0.1241787122207621,0.8758212877792378,0.5213793103448275,0.0499634550872392,0.4786206896551724,0.9500365449127608,0.9500365449127608,0.0562828193180977,0.0134050735892315,9.263560650686482,9.263560650686482,7.052910052910053,0.1764799544429129,0.8891045462388467,13.165161180814486,108168
balance_gate | XGBoost | random_oversampling,balance_gate,XGBoost,baseline_eda_onehot,random_oversampling,train_sample,without_anomaly_scores,test,default_0_50,0.5,58246,58246,1388,56858,40,38557,0.0238299625725371,0.9761700374274628,0.9719887955182072,0.5959021118272808,0.0280112044817927,0.4040978881727192,0.4040978881727192,0.6014477040157781,0.0147455159381679,1.616081978579984,1.616081978579984,40.96397694524496,0.1940814216270745,0.8916278197072467,13.162063805763854,96843
balance_gate | XGBoost | random_oversampling,balance_gate,XGBoost,baseline_eda_onehot,random_oversampling,train_sample,without_anomaly_scores,test,valid_global_5pct_fpr,0.9689190983772278,4473,4473,728,3745,700,91670,0.162754303599374,0.837245696400626,0.5098039215686274,0.039249593879369,0.4901960784313725,0.9607504061206308,0.9607504061206308,0.0461881602180849,0.0147455159381679,11.037545534645783,11.037545534645783,5.144230769230769,0.1940814216270745,0.8916278197072467,13.162063805763854,96843
balance_gate | XGBoost | smote,balance_gate,XGBoost,baseline_eda_onehot,smote,train_sample,without_anomaly_scores,validation,default_0_50,0.5,26121,26121,1238,24883,212,81835,0.0473948164312239,0.952605183568776,0.8537931034482759,0.2331659139039337,0.1462068965517241,0.7668340860960663,0.7668340860960663,0.2414854670512536,0.0134050735892315,3.535587933608709,3.535587933608709,20.09935379644588,0.1635258452328522,0.8871653717079689,12.198802501480802,108168
balance_gate | XGBoost | smote,balance_gate,XGBoost,baseline_eda_onehot,smote,train_sample,without_anomaly_scores,validation,valid_global_5pct_fpr,0.8540791869163513,6059,6059,724,5335,726,101383,0.1194916652913022,0.8805083347086978,0.4993103448275862,0.0499915665585936,0.5006896551724138,0.9500084334414064,0.9500084334414064,0.0560147178463131,0.0134050735892315,8.913913414641087,8.913913414641087,7.36878453038674,0.1635258452328522,0.8871653717079689,12.198802501480802,108168
balance_gate | XGBoost | smote,balance_gate,XGBoost,baseline_eda_onehot,smote,train_sample,without_anomaly_scores,test,default_0_50,0.5,20627,20627,1176,19451,252,75964,0.057012653318466,0.942987346681534,0.8235294117647058,0.2038568359272651,0.1764705882352941,0.7961431640727349,0.7961431640727349,0.2129942277707217,0.0147455159381679,3.866440045742445,3.866440045742445,16.53996598639456,0.1966244221919924,0.8893829601221613,13.334523052058213,96843
balance_gate | XGBoost | smote,balance_gate,XGBoost,baseline_eda_onehot,smote,train_sample,without_anomaly_scores,test,valid_global_5pct_fpr,0.8540791869163513,4777,4777,729,4048,699,91367,0.1526062382248273,0.8473937617751727,0.5105042016806722,0.0424251951999161,0.4894957983193277,0.9575748048000838,0.9575748048000838,0.0493272616502999,0.0147455159381679,10.34933188263792,10.34933188263792,5.55281207133059,0.1966244221919924,0.8893829601221613,13.334523052058213,96843
balance_gate | LightGBM | class_weight,balance_gate,LightGBM,baseline_eda_onehot,class_weight,train_sample,without_anomaly_scores,validation,default_0_50,0.5,23596,23596,1186,22410,264,84308,0.0502627563993897,0.9497372436006104,0.8179310344827586,0.2099926910174478,0.1820689655172414,0.7900073089825521,0.7900073089825521,0.2181421492493158,0.0134050735892315,3.749532299454613,3.749532299454613,18.895446880269816,0.1675330801159354,0.8836967812688419,12.497736696538276,108168
balance_gate | LightGBM | class_weight,balance_gate,LightGBM,baseline_eda_onehot,class_weight,train_sample,without_anomaly_scores,validation,valid_global_5pct_fpr,0.8361452176052429,6022,6022,724,5298,726,101420,0.1202258385918299,0.87977416140817,0.4993103448275862,0.0496448584118892,0.5006896551724138,0.9503551415881109,0.9503551415881109,0.0556726573478293,0.0134050735892315,8.96868173020763,8.96868173020763,7.31767955801105,0.1675330801159354,0.8836967812688419,12.497736696538276,108168
balance_gate | LightGBM | class_weight,balance_gate,LightGBM,baseline_eda_onehot,class_weight,train_sample,without_anomaly_scores,test,default_0_50,0.5,19861,19861,1162,18699,266,76716,0.0585066210160616,0.9414933789839384,0.8137254901960784,0.1959754755541581,0.1862745098039215,0.8040245244458418,0.8040245244458418,0.205084518240864,0.0147455159381679,3.967756792057743,3.967756792057743,16.092082616179002,0.2021388396413337,0.8896031210262233,13.708495551390534,96843
balance_gate | LightGBM | class_weight,balance_gate,LightGBM,baseline_eda_onehot,class_weight,train_sample,without_anomaly_scores,test,valid_global_5pct_fpr,0.8361452176052429,5293,5293,782,4511,646,90904,0.1477423011524655,0.8522576988475344,0.5476190476190477,0.0472776817062306,0.4523809523809524,0.9527223182937692,0.9527223182937692,0.0546554732918228,0.0147455159381679,10.0194731586192,10.0194731586192,5.768542199488491,0.2021388396413337,0.8896031210262233,13.708495551390534,96843
balance_gate | LightGBM | random_undersampling,balance_gate,LightGBM,baseline_eda_onehot,random_undersampling,train_sample,without_anomaly_scores,validation,default_0_50,0.5,74098,74098,1428,72670,22,34048,0.019271775216605,0.9807282247833948,0.9848275862068966,0.6809535411083416,0.0151724137931034,0.3190464588916584,0.3190464588916584,0.6850269950447452,0.0134050735892315,1.4376478493998164,1.4376478493998164,50.88935574229692,0.1602706167451894,0.8864579416845298,11.955966946271486,108168
balance_gate | LightGBM | random_undersampling,balance_gate,LightGBM,baseline_eda_onehot,random_undersampling,train_sample,without_anomaly_scores,validation,valid_global_5pct_fpr,0.9858097601700312,6078,6078,754,5324,696,101394,0.1240539651201053,0.8759460348798946,0.52,0.0498884911636275,0.48,0.9501115088363724,0.9501115088363724,0.0561903705347237,0.0134050735892315,9.254254689042448,9.254254689042448,7.061007957559681,0.1602706167451894,0.8864579416845298,11.955966946271486,108168
balance_gate | LightGBM | random_undersampling,balance_gate,LightGBM,baseline_eda_onehot,random_undersampling,train_sample,without_anomaly_scores,test,default_0_50,0.5,60880,60880,1391,59489,37,35926,0.0228482260183968,0.9771517739816032,0.9740896358543416,0.6234763926007442,0.0259103641456582,0.3765236073992559,0.3765236073992559,0.6286463657672728,0.0147455159381679,1.5495033279409005,1.5495033279409005,42.76707404744788,0.1942184513309399,0.8891076773422778,13.171356780281666,96843
balance_gate | LightGBM | random_undersampling,balance_gate,LightGBM,baseline_eda_onehot,random_undersampling,train_sample,without_anomaly_scores,test,valid_global_5pct_fpr,0.9858097601700312,4737,4737,739,3998,689,91417,0.1560059109140806,0.8439940890859193,0.5175070028011205,0.0419011685793638,0.4824929971988795,0.958098831420636,0.958098831420636,0.0489142219881664,0.0147455159381679,10.579888256759322,10.579888256759322,5.41001353179973,0.1942184513309399,0.8891076773422778,13.171356780281666,96843
balance_gate | LightGBM | random_oversampling,balance_gate,LightGBM,baseline_eda_onehot,random_oversampling,train_sample,without_anomaly_scores,validation,default_0_50,0.5,62099,62099,1402,60697,48,46021,0.0225768530894217,0.9774231469105784,0.966896551724138,0.5687606589328885,0.033103448275862,0.4312393410671114,0.4312393410671114,0.5740976998742696,0.0134050735892315,1.6842020999838412,1.6842020999838412,43.29315263908702,0.1646695589423376,0.8873072506270151,12.28412196667226,108168
balance_gate | LightGBM | random_oversampling,balance_gate,LightGBM,baseline_eda_onehot,random_oversampling,train_sample,without_anomaly_scores,validation,valid_global_5pct_fpr,0.9679363333021952,6061,6061,747,5314,703,101404,0.1232469889457185,0.8767530110542815,0.5151724137931034,0.0497947862591128,0.4848275862068965,0.9502052137408872,0.9502052137408872,0.0560332076029879,0.0134050735892315,9.19405537950378,9.19405537950378,7.113788487282463,0.1646695589423376,0.8873072506270151,12.28412196667226,108168
balance_gate | LightGBM | random_oversampling,balance_gate,LightGBM,baseline_eda_onehot,random_oversampling,train_sample,without_anomaly_scores,test,default_0_50,0.5,50047,50047,1364,48683,64,46732,0.0272543808819709,0.972745619118029,0.9551820728291316,0.5102237593669758,0.0448179271708683,0.4897762406330241,0.4897762406330241,0.5167848992699524,0.0147455159381679,1.8483165320397144,1.8483165320397144,35.691348973607035,0.198159518269345,0.8907384900194946,13.438629011035143,96843
balance_gate | LightGBM | random_oversampling,balance_gate,LightGBM,baseline_eda_onehot,random_oversampling,train_sample,without_anomaly_scores,test,valid_global_5pct_fpr,0.9679363333021952,4640,4640,743,3897,685,91518,0.1601293103448275,0.8398706896551724,0.5203081232492998,0.0408426348058481,0.4796918767507003,0.9591573651941518,0.9591573651941518,0.0479126008074925,0.0147455159381679,10.859525771515502,10.859525771515502,5.244952893674293,0.198159518269345,0.8907384900194946,13.438629011035143,96843
balance_gate | LightGBM | smote,balance_gate,LightGBM,baseline_eda_onehot,smote,train_sample,without_anomaly_scores,validation,default_0_50,0.5,24929,24929,1222,23707,228,83011,0.049019214569377,0.9509807854306228,0.8427586206896551,0.2221462171330047,0.1572413793103448,0.7778537828669952,0.7778537828669952,0.2304655720730715,0.0134050735892315,3.656765794165776,3.656765794165776,19.400163666121117,0.1643766129259146,0.8885420712402846,12.262268597910571,108168
balance_gate | LightGBM | smote,balance_gate,LightGBM,baseline_eda_onehot,smote,train_sample,without_anomaly_scores,validation,valid_global_5pct_fpr,0.8424248266206245,6051,6051,730,5321,720,101397,0.1206412163278796,0.8793587836721203,0.503448275862069,0.049860379692273,0.496551724137931,0.9501396203077268,0.9501396203077268,0.0559407588196139,0.0134050735892315,8.99966833638213,8.99966833638213,7.289041095890411,0.1643766129259146,0.8885420712402846,12.262268597910571,108168
balance_gate | LightGBM | smote,balance_gate,LightGBM,baseline_eda_onehot,smote,train_sample,without_anomaly_scores,test,default_0_50,0.5,19753,19753,1162,18591,266,76824,0.0588265073659697,0.9411734926340304,0.8137254901960784,0.1948435780537651,0.1862745098039215,0.8051564219462348,0.8051564219462348,0.2039693111531035,0.0147455159381679,3.989450597228716,3.989450597228716,15.999139414802066,0.1983263657676749,0.891382488644989,13.449944145685532,96843
balance_gate | LightGBM | smote,balance_gate,LightGBM,baseline_eda_onehot,smote,train_sample,without_anomaly_scores,test,valid_global_5pct_fpr,0.8424248266206245,4904,4904,757,4147,671,91268,0.1543637846655791,0.8456362153344209,0.5301120448179272,0.0434627679086097,0.4698879551820728,0.9565372320913902,0.9565372320913902,0.050638662577574,0.0147455159381679,10.468523808381429,10.468523808381429,5.478203434610304,0.1983263657676749,0.891382488644989,13.449944145685532,96843
balance_gate | Random Forest | class_weight,balance_gate,Random Forest,baseline_eda_onehot,class_weight,train_sample,without_anomaly_scores,validation,default_0_50,0.5,12949,12949,959,11990,491,94728,0.0740597729554405,0.9259402270445596,0.6613793103448276,0.112352180513128,0.3386206896551724,0.887647819486872,0.887647819486872,0.1197119295910065,0.0134050735892315,5.524756911064893,5.524756911064893,12.502606882168926,0.1543480393964942,0.8793229788336777,11.514150845131022,108168
balance_gate | Random Forest | class_weight,balance_gate,Random Forest,baseline_eda_onehot,class_weight,train_sample,without_anomaly_scores,validation,valid_global_5pct_fpr,0.6399207700174234,6032,6032,706,5326,744,101392,0.1170424403183023,0.8829575596816976,0.4868965517241379,0.0499072321445304,0.5131034482758621,0.9500927678554696,0.9500927678554696,0.0557651061312033,0.0134050735892315,8.731204609896642,8.731204609896642,7.543909348441926,0.1543480393964942,0.8793229788336777,11.514150845131022,108168
balance_gate | Random Forest | class_weight,balance_gate,Random Forest,baseline_eda_onehot,class_weight,train_sample,without_anomaly_scores,test,default_0_50,0.5,9791,9791,941,8850,487,86565,0.0961086712286794,0.9038913287713206,0.6589635854341737,0.0927527118377613,0.3410364145658263,0.9072472881622388,0.9072472881622388,0.1011017832987412,0.0147455159381679,6.517823562884454,6.517823562884454,9.404888416578109,0.175278063239611,0.8800466002048254,11.886872183693033,96843
balance_gate | Random Forest | class_weight,balance_gate,Random Forest,baseline_eda_onehot,class_weight,train_sample,without_anomaly_scores,test,valid_global_5pct_fpr,0.6399207700174234,4378,4378,662,3716,766,91699,0.1512105984467793,0.8487894015532207,0.4635854341736695,0.0389456584394487,0.5364145658263305,0.9610543415605513,0.9610543415605513,0.0452071910205177,0.0147455159381679,10.25468346315228,10.25468346315228,5.613293051359516,0.175278063239611,0.8800466002048254,11.886872183693033,96843
balance_gate | Random Forest | random_undersampling,balance_gate,Random Forest,baseline_eda_onehot,random_undersampling,train_sample,without_anomaly_scores,validation,default_0_50,0.5,22422,22422,1146,21276,304,85442,0.0511105164570511,0.9488894835429488,0.7903448275862069,0.1993665548454806,0.2096551724137931,0.8006334451545194,0.8006334451545194,0.207288662081207,0.0134050735892315,3.8127740304319344,3.8127740304319344,18.56544502617801,0.152394971401274,0.8757845071542079,11.368454666574491,108168
balance_gate | Random Forest | random_undersampling,balance_gate,Random Forest,baseline_eda_onehot,random_undersampling,train_sample,without_anomaly_scores,validation,valid_global_5pct_fpr,0.7112674965400215,6017,6017,716,5301,734,101417,0.1189961774970915,0.8810038225029084,0.4937931034482758,0.0496729698832436,0.5062068965517241,0.9503270301167565,0.9503270301167565,0.0556264329561422,0.0134050735892315,8.876950708624413,8.876950708624413,7.403631284916201,0.152394971401274,0.8757845071542079,11.368454666574491,108168
balance_gate | Random Forest | random_undersampling,balance_gate,Random Forest,baseline_eda_onehot,random_undersampling,train_sample,without_anomaly_scores,test,default_0_50,0.5,17633,17633,1107,16526,321,78889,0.0627800147450802,0.9372199852549198,0.7752100840336135,0.1732012786249541,0.2247899159663865,0.8267987213750458,0.8267987213750458,0.1820782090600249,0.0147455159381679,4.257566504172133,4.257566504172133,14.928635953026197,0.1690760661447761,0.8790468542916827,11.466269939536804,96843
balance_gate | Random Forest | random_undersampling,balance_gate,Random Forest,baseline_eda_onehot,random_undersampling,train_sample,without_anomaly_scores,test,valid_global_5pct_fpr,0.7112674965400215,4726,4726,688,4038,740,91377,0.1455776555226407,0.8544223444773593,0.4817927170868347,0.0423203898758056,0.5182072829131653,0.9576796101241944,0.9576796101241944,0.0488006360810796,0.0147455159381679,9.872672894803287,9.872672894803287,5.869186046511628,0.1690760661447761,0.8790468542916827,11.466269939536804,96843
balance_gate | Random Forest | random_oversampling,balance_gate,Random Forest,baseline_eda_onehot,random_oversampling,train_sample,without_anomaly_scores,validation,default_0_50,0.5,15354,15354,1015,14339,435,92379,0.0661065520385567,0.9338934479614432,0.7,0.1343634625836316,0.3,0.8656365374163684,0.8656365374163684,0.1419458619924561,0.0134050735892315,4.931457600625244,4.931457600625244,14.127093596059114,0.1556076634276531,0.8790782022358636,11.60811706044302,108168
balance_gate | Random Forest | random_oversampling,balance_gate,Random Forest,baseline_eda_onehot,random_oversampling,train_sample,without_anomaly_scores,validation,valid_global_5pct_fpr,0.6730301122720159,6025,6025,713,5312,737,101406,0.1183402489626556,0.8816597510373444,0.4917241379310345,0.0497760452782098,0.5082758620689655,0.95022395472179,0.95022395472179,0.0557003919828415,0.0134050735892315,8.828019344684504,8.828019344684504,7.450210378681627,0.1556076634276531,0.8790782022358636,11.60811706044302,108168
balance_gate | Random Forest | random_oversampling,balance_gate,Random Forest,baseline_eda_onehot,random_oversampling,train_sample,without_anomaly_scores,test,default_0_50,0.5,11988,11988,1003,10985,425,84430,0.083667000333667,0.916332999666333,0.7023809523809523,0.1151286485353456,0.2976190476190476,0.8848713514646545,0.8848713514646545,0.1237879867414268,0.0147455159381679,5.674063944897278,5.674063944897278,10.952143569292124,0.1766613298592025,0.8809270823562879,11.980681489884276,96843
balance_gate | Random Forest | random_oversampling,balance_gate,Random Forest,baseline_eda_onehot,random_oversampling,train_sample,without_anomaly_scores,test,valid_global_5pct_fpr,0.6730301122720159,4575,4575,684,3891,744,91524,0.1495081967213114,0.8504918032786886,0.4789915966386555,0.0407797516113818,0.5210084033613446,0.9592202483886182,0.9592202483886182,0.0472414113565255,0.0147455159381679,10.139231299077007,10.139231299077007,5.68859649122807,0.1766613298592025,0.8809270823562879,11.980681489884276,96843
balance_gate | Random Forest | smote,balance_gate,Random Forest,baseline_eda_onehot,smote,train_sample,without_anomaly_scores,validation,default_0_50,0.5,3726,3726,519,3207,931,103511,0.1392914653784219,0.8607085346215781,0.3579310344827586,0.030051162877865,0.6420689655172414,0.969948837122135,0.969948837122135,0.0344464166851564,0.0134050735892315,10.390951191071132,10.390951191071132,6.179190751445087,0.1306343616053286,0.8719918980800834,9.745143190431168,108168
balance_gate | Random Forest | smote,balance_gate,Random Forest,baseline_eda_onehot,smote,train_sample,without_anomaly_scores,validation,valid_global_5pct_fpr,0.4056764322138482,5986,5986,660,5326,790,101392,0.1102572669562312,0.8897427330437688,0.4551724137931034,0.0499072321445304,0.5448275862068965,0.9500927678554696,0.9500927678554696,0.0553398417276828,0.0134050735892315,8.225040035945943,8.225040035945943,8.06969696969697,0.1306343616053286,0.8719918980800834,9.745143190431168,108168
balance_gate | Random Forest | smote,balance_gate,Random Forest,baseline_eda_onehot,smote,train_sample,without_anomaly_scores,test,default_0_50,0.5,3075,3075,535,2540,893,92875,0.1739837398373983,0.8260162601626017,0.3746498599439776,0.026620552324058,0.6253501400560224,0.973379447675942,0.973379447675942,0.0317524240265171,0.0147455159381679,11.799094759855162,11.799094759855162,4.747663551401869,0.1523764869687469,0.8732518464599066,10.33375078957588,96843
balance_gate | Random Forest | smote,balance_gate,Random Forest,baseline_eda_onehot,smote,train_sample,without_anomaly_scores,test,valid_global_5pct_fpr,0.4056764322138482,4972,4972,670,4302,758,91113,0.1347546259050683,0.8652453740949316,0.469187675070028,0.0450872504323219,0.530812324929972,0.954912749567678,0.954912749567678,0.051340830003201,0.0147455159381679,9.13868503958301,9.13868503958301,6.42089552238806,0.1523764869687469,0.8732518464599066,10.33375078957588,96843
balance_gate | Logistic Regression | class_weight,balance_gate,Logistic Regression,baseline_eda_onehot,class_weight,train_sample,without_anomaly_scores,validation,default_0_50,0.5,20162,20162,1112,19050,338,87668,0.055153258605297,0.9448467413947028,0.766896551724138,0.1785078431005078,0.233103448275862,0.8214921568994921,0.8214921568994921,0.1863952370386805,0.0134050735892315,4.114357018495018,4.114357018495018,17.131294964028775,0.1491712175450459,0.8766576688416974,11.127967075456915,108168
balance_gate | Logistic Regression | class_weight,balance_gate,Logistic Regression,baseline_eda_onehot,class_weight,train_sample,without_anomaly_scores,validation,valid_global_5pct_fpr,0.7768670748835765,6049,6049,716,5333,734,101385,0.1183666721772193,0.8816333278227806,0.4937931034482758,0.0499728255776907,0.5062068965517241,0.9500271744223092,0.9500271744223092,0.0559222690629391,0.0134050735892315,8.829990480045147,8.829990480045147,7.448324022346369,0.1491712175450459,0.8766576688416974,11.127967075456915,108168
balance_gate | Logistic Regression | class_weight,balance_gate,Logistic Regression,baseline_eda_onehot,class_weight,train_sample,without_anomaly_scores,test,default_0_50,0.5,14192,14192,1058,13134,370,82281,0.0745490417136414,0.9254509582863584,0.7408963585434174,0.1376513126866844,0.2591036414565826,0.8623486873133155,0.8623486873133155,0.1465464721249858,0.0147455159381679,5.055709276382481,5.055709276382481,12.41398865784499,0.1798640383209565,0.8815050382150449,12.197880296299996,96843
balance_gate | Logistic Regression | class_weight,balance_gate,Logistic Regression,baseline_eda_onehot,class_weight,train_sample,without_anomaly_scores,test,valid_global_5pct_fpr,0.7768670748835765,3926,3926,628,3298,800,92117,0.1599592460519613,0.8400407539480387,0.4397759103641456,0.0345647958916312,0.5602240896358543,0.9654352041083688,0.9654352041083688,0.0405398428384085,0.0147455159381679,10.847992482780173,10.847992482780173,5.251592356687898,0.1798640383209565,0.8815050382150449,12.197880296299996,96843
balance_gate | Logistic Regression | random_undersampling,balance_gate,Logistic Regression,baseline_eda_onehot,random_undersampling,train_sample,without_anomaly_scores,validation,default_0_50,0.5,20092,20092,1112,18980,338,87738,0.055345411108899,0.9446545888911008,0.766896551724138,0.1778519087689049,0.233103448275862,0.822148091231095,0.822148091231095,0.1857480955550625,0.0134050735892315,4.128691330225789,4.128691330225789,17.068345323741006,0.1492711157560413,0.8765281298892149,11.13541934420654,108168
balance_gate | Logistic Regression | random_undersampling,balance_gate,Logistic Regression,baseline_eda_onehot,random_undersampling,train_sample,without_anomaly_scores,validation,valid_global_5pct_fpr,0.771672656107945,6045,6045,720,5325,730,101393,0.119106699751861,0.8808933002481389,0.496551724137931,0.0498978616540789,0.503448275862069,0.950102138345921,0.950102138345921,0.0558852895495895,0.0134050735892315,8.885195516385727,8.885195516385727,7.395833333333333,0.1492711157560413,0.8765281298892149,11.13541934420654,108168
balance_gate | Logistic Regression | random_undersampling,balance_gate,Logistic Regression,baseline_eda_onehot,random_undersampling,train_sample,without_anomaly_scores,test,default_0_50,0.5,14149,14149,1056,13093,372,82322,0.0746342497703018,0.9253657502296982,0.7394957983193278,0.1372216108578315,0.2605042016806723,0.8627783891421684,0.8627783891421684,0.1461024544881922,0.0147455159381679,5.061487850493934,5.061487850493934,12.398674242424242,0.1803282823801867,0.8812979449496091,12.229364040997496,96843
balance_gate | Logistic Regression | random_undersampling,balance_gate,Logistic Regression,baseline_eda_onehot,random_undersampling,train_sample,without_anomaly_scores,test,valid_global_5pct_fpr,0.771672656107945,3951,3951,630,3321,798,92094,0.1594533029612756,0.8405466970387243,0.4411764705882353,0.0348058481370853,0.5588235294117647,0.9651941518629148,0.9651941518629148,0.040797992627242,0.0147455159381679,10.813680825405331,10.813680825405331,5.271428571428571,0.1803282823801867,0.8812979449496091,12.229364040997496,96843
balance_gate | Logistic Regression | random_oversampling,balance_gate,Logistic Regression,baseline_eda_onehot,random_oversampling,train_sample,without_anomaly_scores,validation,default_0_50,0.5,20296,20296,1110,19186,340,87532,0.0546905794245171,0.9453094205754828,0.7655172413793103,0.1797822298019078,0.2344827586206896,0.8202177701980922,0.8202177701980922,0.1876340507358923,0.0134050735892315,4.079841789787015,4.079841789787015,17.284684684684684,0.148645877817354,0.8765210212412862,11.088777456377624,108168
balance_gate | Logistic Regression | random_oversampling,balance_gate,Logistic Regression,baseline_eda_onehot,random_oversampling,train_sample,without_anomaly_scores,validation,valid_global_5pct_fpr,0.7777463070948167,6049,6049,716,5333,734,101385,0.1183666721772193,0.8816333278227806,0.4937931034482758,0.0499728255776907,0.5062068965517241,0.9500271744223092,0.9500271744223092,0.0559222690629391,0.0134050735892315,8.829990480045147,8.829990480045147,7.448324022346369,0.148645877817354,0.8765210212412862,11.088777456377624,108168
balance_gate | Logistic Regression | random_oversampling,balance_gate,Logistic Regression,baseline_eda_onehot,random_oversampling,train_sample,without_anomaly_scores,test,default_0_50,0.5,14269,14269,1056,13213,372,82202,0.0740065877076179,0.925993412292382,0.7394957983193278,0.1384792747471571,0.2605042016806723,0.8615207252528428,0.8615207252528428,0.1473415734745929,0.0147455159381679,5.01892154997818,5.01892154997818,12.512310606060606,0.1794917462859498,0.8815038125505402,12.172632482892327,96843
balance_gate | Logistic Regression | random_oversampling,balance_gate,Logistic Regression,baseline_eda_onehot,random_oversampling,train_sample,without_anomaly_scores,test,valid_global_5pct_fpr,0.7777463070948167,3911,3911,630,3281,798,92134,0.161084121708003,0.838915878291997,0.4411764705882353,0.0343866268406435,0.5588235294117647,0.9656133731593564,0.9656133731593564,0.0403849529651084,0.0147455159381679,10.924278430369847,10.924278430369847,5.207936507936508,0.1794917462859498,0.8815038125505402,12.172632482892327,96843
balance_gate | Logistic Regression | smote,balance_gate,Logistic Regression,baseline_eda_onehot,smote,train_sample,without_anomaly_scores,validation,default_0_50,0.5,18973,18973,1076,17897,374,88821,0.0567121699256838,0.9432878300743162,0.7420689655172413,0.1677036676099627,0.2579310344827586,0.8322963323900373,0.8322963323900373,0.1754030766955107,0.0134050735892315,4.23064965277336,4.23064965277336,16.632899628252787,0.1444722855597812,0.8748300483840428,10.777433230641664,108168
balance_gate | Logistic Regression | smote,balance_gate,Logistic Regression,baseline_eda_onehot,smote,train_sample,without_anomaly_scores,validation,valid_global_5pct_fpr,0.7943308396838724,6022,6022,704,5318,746,101400,0.1169046828296247,0.8830953171703753,0.4855172413793103,0.0498322682209186,0.5144827586206897,0.9501677317790812,0.9501677317790812,0.0556726573478293,0.0134050735892315,8.720928091251617,8.720928091251617,7.553977272727272,0.1444722855597812,0.8748300483840428,10.777433230641664,108168
balance_gate | Logistic Regression | smote,balance_gate,Logistic Regression,baseline_eda_onehot,smote,train_sample,without_anomaly_scores,test,default_0_50,0.5,13501,13501,1028,12473,400,82942,0.0761425079623731,0.9238574920376268,0.7198879551820728,0.1307236807629827,0.2801120448179272,0.8692763192370172,0.8692763192370172,0.1394112119616286,0.0147455159381679,5.163773738515478,5.163773738515478,12.133268482490273,0.1768886714792243,0.8789342546220397,11.996099168111009,96843
balance_gate | Logistic Regression | smote,balance_gate,Logistic Regression,baseline_eda_onehot,smote,train_sample,without_anomaly_scores,test,valid_global_5pct_fpr,0.7943308396838724,3898,3898,616,3282,812,92133,0.1580297588506926,0.8419702411493073,0.4313725490196078,0.0343971073730545,0.5686274509803921,0.9656028926269454,0.9656028926269454,0.040250715074915,0.0147455159381679,10.71714001146893,10.71714001146893,5.327922077922078,0.1768886714792243,0.8789342546220397,11.996099168111009,96843
balance_gate | Decision Tree | class_weight,balance_gate,Decision Tree,baseline_eda_onehot,class_weight,train_sample,without_anomaly_scores,validation,default_0_50,0.5,28274,28274,1118,27156,332,79562,0.0395416283511353,0.9604583716488648,0.7710344827586207,0.2544650387001255,0.2289655172413793,0.7455349612998744,0.7455349612998744,0.2613896901116781,0.0134050735892315,2.9497509348176587,2.9497509348176587,24.28980322003578,0.0884634855621529,0.8310365733473526,6.599254004335831,108168
balance_gate | Decision Tree | class_weight,balance_gate,Decision Tree,baseline_eda_onehot,class_weight,train_sample,without_anomaly_scores,validation,valid_global_5pct_fpr,0.8371008459922289,5886,5886,596,5290,854,101428,0.1012572205232755,0.8987427794767244,0.4110344827586207,0.0495698944882775,0.5889655172413794,0.9504301055117224,0.9504301055117224,0.0544153538939427,0.0134050735892315,7.553648985904601,7.553648985904601,8.875838926174497,0.0884634855621529,0.8310365733473526,6.599254004335831,108168
balance_gate | Decision Tree | class_weight,balance_gate,Decision Tree,baseline_eda_onehot,class_weight,train_sample,without_anomaly_scores,test,default_0_50,0.5,22048,22048,1079,20969,349,74446,0.048938679245283,0.9510613207547168,0.7556022408963585,0.2197662841272336,0.2443977591036414,0.7802337158727664,0.7802337158727664,0.2276674617680162,0.0147455159381679,3.318885514111305,3.318885514111305,19.433734939759034,0.1105641379284176,0.8399135444147791,7.498153227872373,96843
balance_gate | Decision Tree | class_weight,balance_gate,Decision Tree,baseline_eda_onehot,class_weight,train_sample,without_anomaly_scores,test,valid_global_5pct_fpr,0.8371008459922289,4472,4472,580,3892,848,91523,0.129695885509839,0.870304114490161,0.4061624649859944,0.0407902321437929,0.5938375350140056,0.959209767856207,0.959209767856207,0.0461778342265316,0.0147455159381679,8.795615294418303,8.795615294418303,6.710344827586207,0.1105641379284176,0.8399135444147791,7.498153227872373,96843
balance_gate | Decision Tree | random_undersampling,balance_gate,Decision Tree,baseline_eda_onehot,random_undersampling,train_sample,without_anomaly_scores,validation,default_0_50,0.5,27972,27972,1145,26827,305,79891,0.0409337909337909,0.9590662090662092,0.7896551724137931,0.2513821473415918,0.2103448275862069,0.7486178526584082,0.7486178526584082,0.258597736853783,0.0134050735892315,3.0536043432595155,3.0536043432595155,23.429694323144105,0.0956435551367455,0.8431975215375878,7.134877291056197,108168
balance_gate | Decision Tree | random_undersampling,balance_gate,Decision Tree,baseline_eda_onehot,random_undersampling,train_sample,without_anomaly_scores,validation,valid_global_5pct_fpr,0.8401253918495298,5897,5897,584,5313,866,101405,0.0990334068170256,0.9009665931829745,0.4027586206896552,0.0497854157686613,0.5972413793103448,0.9502145842313386,0.9502145842313386,0.0545170475556541,0.0134050735892315,7.387755550747603,7.387755550747603,9.097602739726028,0.0956435551367455,0.8431975215375878,7.134877291056197,108168
balance_gate | Decision Tree | random_undersampling,balance_gate,Decision Tree,baseline_eda_onehot,random_undersampling,train_sample,without_anomaly_scores,test,default_0_50,0.5,22171,22171,1084,21087,344,74328,0.048892697668125,0.951107302331875,0.7591036414565826,0.2210029869517371,0.2408963585434173,0.7789970130482629,0.7789970130482629,0.2289375587290769,0.0147455159381679,3.3157671710603864,3.3157671710603864,19.452952029520294,0.1109637729978937,0.8409482988290427,7.5252553700525375,96843
balance_gate | Decision Tree | random_undersampling,balance_gate,Decision Tree,baseline_eda_onehot,random_undersampling,train_sample,without_anomaly_scores,test,valid_global_5pct_fpr,0.8401253918495298,4497,4497,546,3951,882,91464,0.1214142761841227,0.8785857238158773,0.3823529411764705,0.0414085835560446,0.6176470588235294,0.9585914164439554,0.9585914164439554,0.046435984015365,0.0147455159381679,8.233979515755601,8.233979515755601,7.236263736263736,0.1109637729978937,0.8409482988290427,7.5252553700525375,96843
balance_gate | Decision Tree | random_oversampling,balance_gate,Decision Tree,baseline_eda_onehot,random_oversampling,train_sample,without_anomaly_scores,validation,default_0_50,0.5,25035,25035,1076,23959,374,82759,0.0429798282404633,0.9570201717595368,0.7420689655172413,0.2245075807267752,0.2579310344827586,0.7754924192732248,0.7754924192732248,0.231445529176836,0.0134050735892315,3.2062359042168547,3.2062359042168547,22.266728624535315,0.0912637212746515,0.8290295467719953,6.8081477260941465,108168
balance_gate | Decision Tree | random_oversampling,balance_gate,Decision Tree,baseline_eda_onehot,random_oversampling,train_sample,without_anomaly_scores,validation,valid_global_5pct_fpr,0.8468932666206346,5495,5495,567,4928,883,101790,0.1031847133757961,0.8968152866242038,0.3910344827586207,0.0461777769448452,0.6089655172413793,0.9538222230551548,0.9538222230551548,0.0508006064640189,0.0134050735892315,7.697437294091808,7.697437294091808,8.691358024691358,0.0912637212746515,0.8290295467719953,6.8081477260941465,108168
balance_gate | Decision Tree | random_oversampling,balance_gate,Decision Tree,baseline_eda_onehot,random_oversampling,train_sample,without_anomaly_scores,test,default_0_50,0.5,18732,18732,1027,17705,401,77710,0.0548259662609438,0.9451740337390562,0.719187675070028,0.1855578263375779,0.280812324929972,0.814442173662422,0.814442173662422,0.1934264737771444,0.0147455159381679,3.7181449934233775,3.7181449934233775,17.239532619279455,0.1120455079784019,0.8328296219184629,7.5986156366613296,96843
balance_gate | Decision Tree | random_oversampling,balance_gate,Decision Tree,baseline_eda_onehot,random_oversampling,train_sample,without_anomaly_scores,test,valid_global_5pct_fpr,0.8468932666206346,4028,4028,529,3499,899,91916,0.1313306852035749,0.8686693147964251,0.3704481792717087,0.0366713829062516,0.6295518207282913,0.9633286170937484,0.9633286170937484,0.0415930939768491,0.0147455159381679,8.906482876169335,8.906482876169335,6.614366729678639,0.1120455079784019,0.8328296219184629,7.5986156366613296,96843
balance_gate | Decision Tree | smote,balance_gate,Decision Tree,baseline_eda_onehot,smote,train_sample,without_anomaly_scores,validation,default_0_50,0.5,6098,6098,560,5538,890,101180,0.0918333879960642,0.9081666120039356,0.3862068965517241,0.0518937761202421,0.6137931034482759,0.9481062238797578,0.9481062238797578,0.0563752681014717,0.0134050735892315,6.850644077764332,6.850644077764332,9.889285714285714,0.0736582184335605,0.822620561053269,5.494801497600948,108168
balance_gate | Decision Tree | smote,balance_gate,Decision Tree,baseline_eda_onehot,smote,train_sample,without_anomaly_scores,validation,valid_global_5pct_fpr,0.5426567408734464,5187,5187,488,4699,962,102019,0.0940813572392519,0.905918642760748,0.336551724137931,0.0440319346314586,0.663448275862069,0.9559680653685414,0.9559680653685414,0.0479531839360994,0.0134050735892315,7.018339482658901,7.018339482658901,9.629098360655735,0.0736582184335605,0.822620561053269,5.494801497600948,108168
balance_gate | Decision Tree | smote,balance_gate,Decision Tree,baseline_eda_onehot,smote,train_sample,without_anomaly_scores,test,default_0_50,0.5,5346,5346,616,4730,812,90685,0.1152263374485596,0.8847736625514403,0.4313725490196078,0.0495729183042498,0.5686274509803921,0.9504270816957502,0.9504270816957502,0.0552027508441498,0.0147455159381679,7.814330670539821,7.814330670539821,7.678571428571429,0.0991010579745312,0.8345094721848284,6.72075893377278,96843
balance_gate | Decision Tree | smote,balance_gate,Decision Tree,baseline_eda_onehot,smote,train_sample,without_anomaly_scores,test,valid_global_5pct_fpr,0.5426567408734464,4400,4400,544,3856,884,91559,0.1236363636363636,0.8763636363636363,0.3809523809523809,0.0404129329769952,0.6190476190476191,0.9595870670230048,0.9595870670230048,0.0454343628346912,0.0147455159381679,8.384675324675325,8.384675324675325,7.088235294117647,0.0991010579745312,0.8345094721848284,6.72075893377278,96843
advanced_gate | XGBoost,advanced_gate,XGBoost,ratios_interactions_target_frequency,model_default_weighting,full_0_5,without_anomaly_scores,validation,default_0_50,0.5,22669,22669,1196,21473,254,85245,0.0527592747805372,0.9472407252194628,0.8248275862068966,0.2012125414644202,0.1751724137931034,0.7987874585355798,0.7987874585355798,0.209572147030545,0.0134050735892315,3.935769127214592,3.935769127214592,17.954013377926422,0.1771672128672742,0.8904671254114129,13.216429711329182,108168
advanced_gate | XGBoost,advanced_gate,XGBoost,ratios_interactions_target_frequency,model_default_weighting,full_0_5,without_anomaly_scores,validation,valid_global_5pct_fpr,0.8010172247886658,6027,6027,747,5280,703,101438,0.1239422598307615,0.8760577401692384,0.5151724137931034,0.0494761895837628,0.4848275862068965,0.9505238104162372,0.9505238104162372,0.0557188817395163,0.0134050735892315,9.245921628533669,9.245921628533669,7.068273092369478,0.1771672128672742,0.8904671254114129,13.216429711329182,108168
advanced_gate | XGBoost,advanced_gate,XGBoost,ratios_interactions_target_frequency,model_default_weighting,full_0_5,without_anomaly_scores,test,default_0_50,0.5,17817,17817,1151,16666,277,78749,0.0646012235505416,0.9353987764494583,0.8060224089635855,0.1746685531625006,0.1939775910364145,0.8253314468374994,0.8253314468374994,0.1839781915058393,0.0147455159381679,4.38107583494755,4.38107583494755,14.47958297132928,0.2121165570311613,0.8947012248278237,14.385156675468318,96843
advanced_gate | XGBoost,advanced_gate,XGBoost,ratios_interactions_target_frequency,model_default_weighting,full_0_5,without_anomaly_scores,test,valid_global_5pct_fpr,0.8010172247886658,4683,4683,755,3928,673,91487,0.1612214392483451,0.8387785607516549,0.5287114845938375,0.0411675313105905,0.4712885154061624,0.9588324686894094,0.9588324686894094,0.0483566184442861,0.0147455159381679,10.933590925159304,10.933590925159304,5.202649006622517,0.2121165570311613,0.8947012248278237,14.385156675468318,96843
advanced_gate | CatBoost,advanced_gate,CatBoost,catboost_native_missing_log_ratio_interactions,model_default_weighting,full_0_5,without_anomaly_scores,validation,default_0_50,0.5,21920,21920,1190,20730,260,85988,0.0542883211678832,0.9457116788321168,0.8206896551724138,0.1942502670589778,0.1793103448275862,0.8057497329410221,0.8057497329410221,0.2026477331558316,0.0134050735892315,4.049833878681097,4.049833878681097,17.42016806722689,0.1821338134212881,0.8908670159382348,13.586931262175098,108168
advanced_gate | CatBoost,advanced_gate,CatBoost,catboost_native_missing_log_ratio_interactions,model_default_weighting,full_0_5,without_anomaly_scores,validation,valid_global_5pct_fpr,0.7883990677182775,5970,5970,758,5212,692,101506,0.1269681742043551,0.8730318257956449,0.5227586206896552,0.0488389962330628,0.4772413793103448,0.9511610037669372,0.9511610037669372,0.0551919236742844,0.0134050735892315,9.471650667128747,9.471650667128747,6.875989445910291,0.1821338134212881,0.8908670159382348,13.586931262175098,108168
advanced_gate | CatBoost,advanced_gate,CatBoost,catboost_native_missing_log_ratio_interactions,model_default_weighting,full_0_5,without_anomaly_scores,test,default_0_50,0.5,17179,17179,1145,16034,283,79381,0.0666511438384073,0.9333488561615928,0.8018207282913166,0.1680448566787192,0.1981792717086834,0.8319551433212807,0.8319551433212807,0.1773902088948091,0.0147455159381679,4.520095744217706,4.520095744217706,14.00349344978166,0.2184221131434463,0.8958681308293375,14.812782005007543,96843
advanced_gate | CatBoost,advanced_gate,CatBoost,catboost_native_missing_log_ratio_interactions,model_default_weighting,full_0_5,without_anomaly_scores,test,valid_global_5pct_fpr,0.7883990677182775,4580,4580,750,3830,678,91585,0.1637554585152838,0.8362445414847162,0.5252100840336135,0.040140439134308,0.4747899159663865,0.959859560865692,0.959859560865692,0.0472930413142922,0.0147455159381679,11.105441084730836,11.105441084730836,5.1066666666666665,0.2184221131434463,0.8958681308293375,14.812782005007543,96843
advanced_gate | LightGBM,advanced_gate,LightGBM,ratios_interactions_target_frequency,model_default_weighting,full_0_5,without_anomaly_scores,validation,default_0_50,0.5,22870,22870,1184,21686,266,85032,0.0517708788806296,0.9482291211193704,0.8165517241379311,0.2032084559305834,0.1834482758620689,0.7967915440694165,0.7967915440694165,0.2114303675763627,0.0134050735892315,3.8620361563861705,3.8620361563861705,18.31587837837838,0.165342903937904,0.8854995343835608,12.334352574589795,108168
advanced_gate | LightGBM,advanced_gate,LightGBM,ratios_interactions_target_frequency,model_default_weighting,full_0_5,without_anomaly_scores,validation,valid_global_5pct_fpr,0.8307763525608923,6066,6066,741,5325,709,101393,0.1221562809099901,0.8778437190900099,0.5110344827586207,0.0498978616540789,0.4889655172413793,0.950102138345921,0.950102138345921,0.0560794319946749,0.0134050735892315,9.112690064463315,9.112690064463315,7.186234817813765,0.165342903937904,0.8854995343835608,12.334352574589795,108168
advanced_gate | LightGBM,advanced_gate,LightGBM,ratios_interactions_target_frequency,model_default_weighting,full_0_5,without_anomaly_scores,test,default_0_50,0.5,18389,18389,1139,17250,289,78165,0.0619392027842732,0.9380607972157268,0.7976190476190477,0.1807891840905518,0.2023809523809523,0.8192108159094482,0.8192108159094482,0.1898846586743492,0.0147455159381679,4.20054496865362,4.20054496865362,15.14486391571554,0.2077283973454733,0.8876539401590956,14.087563854431147,96843
advanced_gate | LightGBM,advanced_gate,LightGBM,ratios_interactions_target_frequency,model_default_weighting,full_0_5,without_anomaly_scores,test,valid_global_5pct_fpr,0.8307763525608923,4863,4863,757,4106,671,91309,0.1556652272259922,0.8443347727740078,0.5301120448179272,0.0430330660797568,0.4698879551820728,0.9569669339202432,0.9569669339202432,0.0502152969238871,0.0147455159381679,10.556784033786249,10.556784033786249,5.424042272126816,0.2077283973454733,0.8876539401590956,14.087563854431147,96843
advanced_gate | Random Forest,advanced_gate,Random Forest,ratios_interactions_target_frequency,model_default_weighting,full_0_5,without_anomaly_scores,validation,default_0_50,0.5,11615,11615,908,10707,542,96011,0.078174773999139,0.9218252260008608,0.6262068965517241,0.1003298412638917,0.3737931034482759,0.8996701587361082,0.8996701587361082,0.1073792618889135,0.0134050735892315,5.83173031306129,5.83173031306129,11.791850220264315,0.1508167574698364,0.8758644212817409,11.250722084136047,108168
advanced_gate | Random Forest,advanced_gate,Random Forest,ratios_interactions_target_frequency,model_default_weighting,full_0_5,without_anomaly_scores,validation,valid_global_5pct_fpr,0.6338067206946842,6003,6003,695,5308,755,101410,0.115775445610528,0.8842245543894719,0.4793103448275862,0.0497385633164039,0.5206896551724138,0.950261436683596,0.950261436683596,0.0554970046594186,0.0134050735892315,8.636688552275585,8.636688552275585,7.637410071942446,0.1508167574698364,0.8758644212817409,11.250722084136047,108168
advanced_gate | Random Forest,advanced_gate,Random Forest,ratios_interactions_target_frequency,model_default_weighting,full_0_5,without_anomaly_scores,test,default_0_50,0.5,8814,8814,882,7932,546,87483,0.1000680735194009,0.899931926480599,0.6176470588235294,0.0831315830844206,0.3823529411764705,0.9168684169155792,0.9168684169155792,0.0910132895511291,0.0147455159381679,6.786339246386096,6.786339246386096,8.993197278911564,0.1735993410436421,0.8751938641620248,11.77302589964246,96843
advanced_gate | Random Forest,advanced_gate,Random Forest,ratios_interactions_target_frequency,model_default_weighting,full_0_5,without_anomaly_scores,test,valid_global_5pct_fpr,0.6338067206946842,4361,4361,654,3707,774,91708,0.1499656042192158,0.8500343957807842,0.4579831932773109,0.0388513336477493,0.542016806722689,0.9611486663522508,0.9611486663522508,0.0450316491641109,0.0147455159381679,10.170251407143915,10.170251407143915,5.6681957186544345,0.1735993410436421,0.8751938641620248,11.77302589964246,96843
advanced_gate | Logistic Regression,advanced_gate,Logistic Regression,ratios_interactions_target_frequency,model_default_weighting,full_0_5,without_anomaly_scores,validation,default_0_50,0.5,21857,21857,1166,20691,284,86027,0.0533467539003522,0.9466532460996476,0.8041379310344827,0.1938848179313705,0.1958620689655172,0.8061151820686294,0.8061151820686294,0.2020653058205754,0.0134050735892315,3.979594259236763,3.979594259236763,17.745283018867923,0.1622945310500045,0.8844870625838902,12.106948161804755,108168
advanced_gate | Logistic Regression,advanced_gate,Logistic Regression,ratios_interactions_target_frequency,model_default_weighting,full_0_5,without_anomaly_scores,validation,valid_global_5pct_fpr,0.8120249228561285,6065,6065,730,5335,720,101383,0.1203627370156636,0.8796372629843363,0.503448275862069,0.0499915665585936,0.496551724137931,0.9500084334414064,0.9500084334414064,0.0560701871163375,0.0134050735892315,8.978894163800211,8.978894163800211,7.308219178082192,0.1622945310500045,0.8844870625838902,12.106948161804755,108168
advanced_gate | Logistic Regression,advanced_gate,Logistic Regression,ratios_interactions_target_frequency,model_default_weighting,full_0_5,without_anomaly_scores,test,default_0_50,0.5,17406,17406,1127,16279,301,79136,0.0647477881190394,0.9352522118809604,0.7892156862745098,0.1706125871194256,0.2107843137254902,0.8293874128805744,0.8293874128805744,0.179734208977417,0.0147455159381679,4.391015437543511,4.391015437543511,14.444543034605148,0.1953336241037874,0.8877064602500855,13.24698470524026,96843
advanced_gate | Logistic Regression,advanced_gate,Logistic Regression,ratios_interactions_target_frequency,model_default_weighting,full_0_5,without_anomaly_scores,test,valid_global_5pct_fpr,0.8120249228561285,4739,4739,711,4028,717,91387,0.1500316522473095,0.8499683477526905,0.4978991596638655,0.0422155845516952,0.5021008403361344,0.9577844154483048,0.9577844154483048,0.048934873971273,0.0147455159381679,10.17473060125084,10.17473060125084,5.665260196905766,0.1953336241037874,0.8877064602500855,13.24698470524026,96843
advanced_gate | Decision Tree,advanced_gate,Decision Tree,ratios_interactions_target_frequency,model_default_weighting,full_0_5,without_anomaly_scores,validation,default_0_50,0.5,23584,23584,1052,22532,398,84186,0.0446065128900949,0.955393487109905,0.7255172413793104,0.2111358908525272,0.2744827586206896,0.7888641091474727,0.7888641091474727,0.218031210709267,0.0134050735892315,3.327584335376409,3.327584335376409,21.418250950570343,0.0996720655695778,0.8143729590910236,7.435398612779379,108168
advanced_gate | Decision Tree,advanced_gate,Decision Tree,ratios_interactions_target_frequency,model_default_weighting,full_0_5,without_anomaly_scores,validation,valid_global_5pct_fpr,0.8320181487406233,5889,5889,586,5303,864,101415,0.0995075564611988,0.9004924435388012,0.4041379310344827,0.0496917108641466,0.5958620689655172,0.9503082891358534,0.9503082891358534,0.0544430885289549,0.0134050735892315,7.4231264602034175,7.4231264602034175,9.049488054607508,0.0996720655695778,0.8143729590910236,7.435398612779379,108168
advanced_gate | Decision Tree,advanced_gate,Decision Tree,ratios_interactions_target_frequency,model_default_weighting,full_0_5,without_anomaly_scores,test,default_0_50,0.5,19349,19349,1046,18303,382,77112,0.054059641325133,0.9459403586748668,0.7324929971988795,0.1918251847193837,0.2675070028011204,0.8081748152806163,0.8081748152806163,0.1997976105655545,0.0147455159381679,3.666174961379456,3.666174961379456,17.498087954110897,0.115934669774673,0.8261237618770193,7.862367804613905,96843
advanced_gate | Decision Tree,advanced_gate,Decision Tree,ratios_interactions_target_frequency,model_default_weighting,full_0_5,without_anomaly_scores,test,valid_global_5pct_fpr,0.8320181487406233,4730,4730,580,4150,848,91265,0.1226215644820296,0.8773784355179703,0.4061624649859944,0.0434942095058428,0.5938375350140056,0.9565057904941572,0.9565057904941572,0.048841940047293,0.0147455159381679,8.315854460177306,8.315854460177306,7.155172413793103,0.115934669774673,0.8261237618770193,7.862367804613905,96843
anomaly_recency_gate | XGBoost | full_0_5 | without_anomaly_scores,anomaly_recency_gate,XGBoost,advanced_plus_optional_anomaly,model_default_weighting,full_0_5,without_anomaly_scores,validation,default_0_50,0.5,22669,22669,1196,21473,254,85245,0.0527592747805372,0.9472407252194628,0.8248275862068966,0.2012125414644202,0.1751724137931034,0.7987874585355798,0.7987874585355798,0.209572147030545,0.0134050735892315,3.935769127214592,3.935769127214592,17.954013377926422,0.1771672128672742,0.8904671254114129,13.216429711329182,108168
anomaly_recency_gate | XGBoost | full_0_5 | without_anomaly_scores,anomaly_recency_gate,XGBoost,advanced_plus_optional_anomaly,model_default_weighting,full_0_5,without_anomaly_scores,validation,valid_global_5pct_fpr,0.8010172247886658,6027,6027,747,5280,703,101438,0.1239422598307615,0.8760577401692384,0.5151724137931034,0.0494761895837628,0.4848275862068965,0.9505238104162372,0.9505238104162372,0.0557188817395163,0.0134050735892315,9.245921628533669,9.245921628533669,7.068273092369478,0.1771672128672742,0.8904671254114129,13.216429711329182,108168
anomaly_recency_gate | XGBoost | full_0_5 | without_anomaly_scores,anomaly_recency_gate,XGBoost,advanced_plus_optional_anomaly,model_default_weighting,full_0_5,without_anomaly_scores,test,default_0_50,0.5,17817,17817,1151,16666,277,78749,0.0646012235505416,0.9353987764494583,0.8060224089635855,0.1746685531625006,0.1939775910364145,0.8253314468374994,0.8253314468374994,0.1839781915058393,0.0147455159381679,4.38107583494755,4.38107583494755,14.47958297132928,0.2121165570311613,0.8947012248278237,14.385156675468318,96843
anomaly_recency_gate | XGBoost | full_0_5 | without_anomaly_scores,anomaly_recency_gate,XGBoost,advanced_plus_optional_anomaly,model_default_weighting,full_0_5,without_anomaly_scores,test,valid_global_5pct_fpr,0.8010172247886658,4683,4683,755,3928,673,91487,0.1612214392483451,0.8387785607516549,0.5287114845938375,0.0411675313105905,0.4712885154061624,0.9588324686894094,0.9588324686894094,0.0483566184442861,0.0147455159381679,10.933590925159304,10.933590925159304,5.202649006622517,0.2121165570311613,0.8947012248278237,14.385156675468318,96843
anomaly_recency_gate | LightGBM | full_0_5 | without_anomaly_scores,anomaly_recency_gate,LightGBM,advanced_plus_optional_anomaly,model_default_weighting,full_0_5,without_anomaly_scores,validation,default_0_50,0.5,22870,22870,1184,21686,266,85032,0.0517708788806296,0.9482291211193704,0.8165517241379311,0.2032084559305834,0.1834482758620689,0.7967915440694165,0.7967915440694165,0.2114303675763627,0.0134050735892315,3.8620361563861705,3.8620361563861705,18.31587837837838,0.165342903937904,0.8854995343835608,12.334352574589795,108168
anomaly_recency_gate | LightGBM | full_0_5 | without_anomaly_scores,anomaly_recency_gate,LightGBM,advanced_plus_optional_anomaly,model_default_weighting,full_0_5,without_anomaly_scores,validation,valid_global_5pct_fpr,0.8307763525608923,6066,6066,741,5325,709,101393,0.1221562809099901,0.8778437190900099,0.5110344827586207,0.0498978616540789,0.4889655172413793,0.950102138345921,0.950102138345921,0.0560794319946749,0.0134050735892315,9.112690064463315,9.112690064463315,7.186234817813765,0.165342903937904,0.8854995343835608,12.334352574589795,108168
anomaly_recency_gate | LightGBM | full_0_5 | without_anomaly_scores,anomaly_recency_gate,LightGBM,advanced_plus_optional_anomaly,model_default_weighting,full_0_5,without_anomaly_scores,test,default_0_50,0.5,18389,18389,1139,17250,289,78165,0.0619392027842732,0.9380607972157268,0.7976190476190477,0.1807891840905518,0.2023809523809523,0.8192108159094482,0.8192108159094482,0.1898846586743492,0.0147455159381679,4.20054496865362,4.20054496865362,15.14486391571554,0.2077283973454733,0.8876539401590956,14.087563854431147,96843
anomaly_recency_gate | LightGBM | full_0_5 | without_anomaly_scores,anomaly_recency_gate,LightGBM,advanced_plus_optional_anomaly,model_default_weighting,full_0_5,without_anomaly_scores,test,valid_global_5pct_fpr,0.8307763525608923,4863,4863,757,4106,671,91309,0.1556652272259922,0.8443347727740078,0.5301120448179272,0.0430330660797568,0.4698879551820728,0.9569669339202432,0.9569669339202432,0.0502152969238871,0.0147455159381679,10.556784033786249,10.556784033786249,5.424042272126816,0.2077283973454733,0.8876539401590956,14.087563854431147,96843
anomaly_recency_gate | Random Forest | full_0_5 | without_anomaly_scores,anomaly_recency_gate,Random Forest,advanced_plus_optional_anomaly,model_default_weighting,full_0_5,without_anomaly_scores,validation,default_0_50,0.5,11615,11615,908,10707,542,96011,0.078174773999139,0.9218252260008608,0.6262068965517241,0.1003298412638917,0.3737931034482759,0.8996701587361082,0.8996701587361082,0.1073792618889135,0.0134050735892315,5.83173031306129,5.83173031306129,11.791850220264315,0.1508167574698364,0.8758644212817409,11.250722084136047,108168
anomaly_recency_gate | Random Forest | full_0_5 | without_anomaly_scores,anomaly_recency_gate,Random Forest,advanced_plus_optional_anomaly,model_default_weighting,full_0_5,without_anomaly_scores,validation,valid_global_5pct_fpr,0.633806720694684,6003,6003,695,5308,755,101410,0.115775445610528,0.8842245543894719,0.4793103448275862,0.0497385633164039,0.5206896551724138,0.950261436683596,0.950261436683596,0.0554970046594186,0.0134050735892315,8.636688552275585,8.636688552275585,7.637410071942446,0.1508167574698364,0.8758644212817409,11.250722084136047,108168
anomaly_recency_gate | Random Forest | full_0_5 | without_anomaly_scores,anomaly_recency_gate,Random Forest,advanced_plus_optional_anomaly,model_default_weighting,full_0_5,without_anomaly_scores,test,default_0_50,0.5,8814,8814,882,7932,546,87483,0.1000680735194009,0.899931926480599,0.6176470588235294,0.0831315830844206,0.3823529411764705,0.9168684169155792,0.9168684169155792,0.0910132895511291,0.0147455159381679,6.786339246386096,6.786339246386096,8.993197278911564,0.1735993410436421,0.8751938641620248,11.77302589964246,96843
anomaly_recency_gate | Random Forest | full_0_5 | without_anomaly_scores,anomaly_recency_gate,Random Forest,advanced_plus_optional_anomaly,model_default_weighting,full_0_5,without_anomaly_scores,test,valid_global_5pct_fpr,0.633806720694684,4361,4361,654,3707,774,91708,0.1499656042192158,0.8500343957807842,0.4579831932773109,0.0388513336477493,0.542016806722689,0.9611486663522508,0.9611486663522508,0.0450316491641109,0.0147455159381679,10.170251407143915,10.170251407143915,5.6681957186544345,0.1735993410436421,0.8751938641620248,11.77302589964246,96843
anomaly_recency_gate | Logistic Regression | full_0_5 | without_anomaly_scores,anomaly_recency_gate,Logistic Regression,advanced_plus_optional_anomaly,model_default_weighting,full_0_5,without_anomaly_scores,validation,default_0_50,0.5,21857,21857,1166,20691,284,86027,0.0533467539003522,0.9466532460996476,0.8041379310344827,0.1938848179313705,0.1958620689655172,0.8061151820686294,0.8061151820686294,0.2020653058205754,0.0134050735892315,3.979594259236763,3.979594259236763,17.745283018867923,0.1622945310500045,0.8844870625838902,12.106948161804755,108168
anomaly_recency_gate | Logistic Regression | full_0_5 | without_anomaly_scores,anomaly_recency_gate,Logistic Regression,advanced_plus_optional_anomaly,model_default_weighting,full_0_5,without_anomaly_scores,validation,valid_global_5pct_fpr,0.8120249228561285,6065,6065,730,5335,720,101383,0.1203627370156636,0.8796372629843363,0.503448275862069,0.0499915665585936,0.496551724137931,0.9500084334414064,0.9500084334414064,0.0560701871163375,0.0134050735892315,8.978894163800211,8.978894163800211,7.308219178082192,0.1622945310500045,0.8844870625838902,12.106948161804755,108168
anomaly_recency_gate | Logistic Regression | full_0_5 | without_anomaly_scores,anomaly_recency_gate,Logistic Regression,advanced_plus_optional_anomaly,model_default_weighting,full_0_5,without_anomaly_scores,test,default_0_50,0.5,17406,17406,1127,16279,301,79136,0.0647477881190394,0.9352522118809604,0.7892156862745098,0.1706125871194256,0.2107843137254902,0.8293874128805744,0.8293874128805744,0.179734208977417,0.0147455159381679,4.391015437543511,4.391015437543511,14.444543034605148,0.1953336241037874,0.8877064602500855,13.24698470524026,96843
anomaly_recency_gate | Logistic Regression | full_0_5 | without_anomaly_scores,anomaly_recency_gate,Logistic Regression,advanced_plus_optional_anomaly,model_default_weighting,full_0_5,without_anomaly_scores,test,valid_global_5pct_fpr,0.8120249228561285,4739,4739,711,4028,717,91387,0.1500316522473095,0.8499683477526905,0.4978991596638655,0.0422155845516952,0.5021008403361344,0.9577844154483048,0.9577844154483048,0.048934873971273,0.0147455159381679,10.17473060125084,10.17473060125084,5.665260196905766,0.1953336241037874,0.8877064602500855,13.24698470524026,96843
anomaly_recency_gate | XGBoost | full_0_5 | with_isolation_forest_anomaly_score,anomaly_recency_gate,XGBoost,advanced_plus_optional_anomaly,model_default_weighting,full_0_5,with_isolation_forest_anomaly_score,validation,default_0_50,0.5,22781,22781,1202,21579,248,85139,0.0527632676353101,0.94723673236469,0.8289655172413793,0.2022058134522761,0.1710344827586206,0.7977941865477239,0.7977941865477239,0.210607573404334,0.0134050735892315,3.936066988673259,3.936066988673259,17.952579034941763,0.1777837877601653,0.8905983607457875,13.262425347890735,108168
anomaly_recency_gate | XGBoost | full_0_5 | with_isolation_forest_anomaly_score,anomaly_recency_gate,XGBoost,advanced_plus_optional_anomaly,model_default_weighting,full_0_5,with_isolation_forest_anomaly_score,validation,valid_global_5pct_fpr,0.8041242361068726,6030,6030,753,5277,697,101441,0.1248756218905472,0.8751243781094528,0.5193103448275862,0.0494480781124084,0.4806896551724138,0.9505519218875916,0.9505519218875916,0.0557466163745285,0.0134050735892315,9.315549150797736,9.315549150797736,7.00796812749004,0.1777837877601653,0.8905983607457875,13.262425347890735,108168
anomaly_recency_gate | XGBoost | full_0_5 | with_isolation_forest_anomaly_score,anomaly_recency_gate,XGBoost,advanced_plus_optional_anomaly,model_default_weighting,full_0_5,with_isolation_forest_anomaly_score,test,default_0_50,0.5,18545,18545,1161,17384,267,78031,0.0626044755998921,0.937395524400108,0.8130252100840336,0.182193575433632,0.1869747899159664,0.817806424566368,0.817806424566368,0.19149551335667,0.0147455159381679,4.245661926134703,4.245661926134703,14.973298880275625,0.2126527605305548,0.8947077898391972,14.4215205098463,96843
anomaly_recency_gate | XGBoost | full_0_5 | with_isolation_forest_anomaly_score,anomaly_recency_gate,XGBoost,advanced_plus_optional_anomaly,model_default_weighting,full_0_5,with_isolation_forest_anomaly_score,test,valid_global_5pct_fpr,0.8041242361068726,4924,4924,782,4142,646,91273,0.1588139723801787,0.8411860276198213,0.5476190476190477,0.0434103652465545,0.4523809523809524,0.9565896347534456,0.9565896347534456,0.0508451824086407,0.0147455159381679,10.770323198328883,10.770323198328883,5.296675191815857,0.2126527605305548,0.8947077898391972,14.4215205098463,96843
anomaly_recency_gate | LightGBM | full_0_5 | with_isolation_forest_anomaly_score,anomaly_recency_gate,LightGBM,advanced_plus_optional_anomaly,model_default_weighting,full_0_5,with_isolation_forest_anomaly_score,validation,default_0_50,0.5,23459,23459,1197,22262,253,84456,0.0510251928897224,0.9489748071102776,0.8255172413793104,0.2086058584306302,0.1744827586206896,0.7913941415693697,0.7913941415693697,0.2168756009170919,0.0134050735892315,3.8064090099968975,3.8064090099968975,18.59816207184628,0.1686906045849071,0.8876755238265722,12.584086425338093,108168
anomaly_recency_gate | LightGBM | full_0_5 | with_isolation_forest_anomaly_score,anomaly_recency_gate,LightGBM,advanced_plus_optional_anomaly,model_default_weighting,full_0_5,with_isolation_forest_anomaly_score,validation,valid_global_5pct_fpr,0.8383197342951421,6027,6027,744,5283,706,101435,0.1234444997511199,0.8765555002488801,0.5131034482758621,0.0495043010551172,0.4868965517241379,0.9504956989448828,0.9504956989448828,0.0557188817395163,0.0134050735892315,9.20878941315803,9.20878941315803,7.100806451612903,0.1686906045849071,0.8876755238265722,12.584086425338093,108168
anomaly_recency_gate | LightGBM | full_0_5 | with_isolation_forest_anomaly_score,anomaly_recency_gate,LightGBM,advanced_plus_optional_anomaly,model_default_weighting,full_0_5,with_isolation_forest_anomaly_score,test,default_0_50,0.5,19376,19376,1156,18220,272,77195,0.0596614368290668,0.9403385631709332,0.8095238095238095,0.1909553005292668,0.1904761904761904,0.8090446994707331,0.8090446994707331,0.2000764123374947,0.0147455159381679,4.046073198065353,4.046073198065353,15.761245674740485,0.2055023547809331,0.8889820026947005,13.93659982076324,96843
anomaly_recency_gate | LightGBM | full_0_5 | with_isolation_forest_anomaly_score,anomaly_recency_gate,LightGBM,advanced_plus_optional_anomaly,model_default_weighting,full_0_5,with_isolation_forest_anomaly_score,test,valid_global_5pct_fpr,0.8383197342951421,5172,5172,777,4395,651,91020,0.1502320185614849,0.8497679814385151,0.5441176470588235,0.0460619399465492,0.4558823529411764,0.9539380600534508,0.9539380600534508,0.0534060283138688,0.0147455159381679,10.188318889040534,10.188318889040534,5.656370656370656,0.2055023547809331,0.8889820026947005,13.93659982076324,96843
anomaly_recency_gate | Random Forest | full_0_5 | with_isolation_forest_anomaly_score,anomaly_recency_gate,Random Forest,advanced_plus_optional_anomaly,model_default_weighting,full_0_5,with_isolation_forest_anomaly_score,validation,default_0_50,0.5,11578,11578,909,10669,541,96049,0.0785109690792883,0.9214890309207115,0.6268965517241379,0.0999737626267358,0.373103448275862,0.9000262373732641,0.9000262373732641,0.1070372013904297,0.0134050735892315,5.8568100023230745,5.8568100023230745,11.737073707370737,0.1508685636862065,0.8757293763583174,11.254586756420402,108168
anomaly_recency_gate | Random Forest | full_0_5 | with_isolation_forest_anomaly_score,anomaly_recency_gate,Random Forest,advanced_plus_optional_anomaly,model_default_weighting,full_0_5,with_isolation_forest_anomaly_score,validation,valid_global_5pct_fpr,0.6334813209992586,6007,6007,679,5328,771,101390,0.1130347927418012,0.8869652072581988,0.4682758620689655,0.0499259731254333,0.5317241379310345,0.9500740268745668,0.9500740268745668,0.0555339841727682,0.0134050735892315,8.432239628479417,8.432239628479417,7.846833578792341,0.1508685636862065,0.8757293763583174,11.254586756420402,108168
anomaly_recency_gate | Random Forest | full_0_5 | with_isolation_forest_anomaly_score,anomaly_recency_gate,Random Forest,advanced_plus_optional_anomaly,model_default_weighting,full_0_5,with_isolation_forest_anomaly_score,test,default_0_50,0.5,8999,8999,887,8112,541,87303,0.0985665073897099,0.90143349261029,0.6211484593837535,0.085018078918409,0.3788515406162465,0.9149819210815908,0.9149819210815908,0.0929235979884968,0.0147455159381679,6.6845071954773685,6.6845071954773685,9.14543404735062,0.1740326613243754,0.8745885547008198,11.80241247943732,96843
anomaly_recency_gate | Random Forest | full_0_5 | with_isolation_forest_anomaly_score,anomaly_recency_gate,Random Forest,advanced_plus_optional_anomaly,model_default_weighting,full_0_5,with_isolation_forest_anomaly_score,test,valid_global_5pct_fpr,0.6334813209992586,4452,4452,650,3802,778,91613,0.1460017969451931,0.8539982030548068,0.4551820728291316,0.0398469842267987,0.5448179271708683,0.9601530157732012,0.9601530157732012,0.0459713143954648,0.0147455159381679,9.901436989890296,9.901436989890296,5.849230769230769,0.1740326613243754,0.8745885547008198,11.80241247943732,96843
anomaly_recency_gate | Logistic Regression | full_0_5 | with_isolation_forest_anomaly_score,anomaly_recency_gate,Logistic Regression,advanced_plus_optional_anomaly,model_default_weighting,full_0_5,with_isolation_forest_anomaly_score,validation,default_0_50,0.5,24407,24407,1202,23205,248,83513,0.0492481665096079,0.950751833490392,0.8289655172413793,0.2174422309263667,0.1710344827586206,0.7825577690736333,0.7825577690736333,0.2256397455809481,0.0134050735892315,3.673845293111219,3.673845293111219,19.30532445923461,0.1682899031327555,0.8857490996251158,12.554194649699236,108168
anomaly_recency_gate | Logistic Regression | full_0_5 | with_isolation_forest_anomaly_score,anomaly_recency_gate,Logistic Regression,advanced_plus_optional_anomaly,model_default_weighting,full_0_5,with_isolation_forest_anomaly_score,validation,valid_global_5pct_fpr,0.8378833443398142,6027,6027,734,5293,716,101425,0.1217852994856479,0.8782147005143521,0.5062068965517241,0.0495980059596319,0.4937931034482758,0.950401994040368,0.950401994040368,0.0557188817395163,0.0134050735892315,9.085015361905906,9.085015361905906,7.2111716621253406,0.1682899031327555,0.8857490996251158,12.554194649699236,108168
anomaly_recency_gate | Logistic Regression | full_0_5 | with_isolation_forest_anomaly_score,anomaly_recency_gate,Logistic Regression,advanced_plus_optional_anomaly,model_default_weighting,full_0_5,with_isolation_forest_anomaly_score,test,default_0_50,0.5,23637,23637,1224,22413,204,73002,0.0517832212209671,0.9482167787790328,0.8571428571428571,0.2349001729287848,0.1428571428571428,0.7650998270712153,0.7650998270712153,0.2440754623462718,0.0147455159381679,3.5117944626765545,3.5117944626765545,18.311274509803923,0.2002496731782002,0.888064508410921,13.580377520725804,96843
anomaly_recency_gate | Logistic Regression | full_0_5 | with_isolation_forest_anomaly_score,anomaly_recency_gate,Logistic Regression,advanced_plus_optional_anomaly,model_default_weighting,full_0_5,with_isolation_forest_anomaly_score,test,valid_global_5pct_fpr,0.8378833443398142,6202,6202,809,5393,619,90022,0.1304417929700096,0.8695582070299903,0.5665266106442577,0.0565215112927736,0.4334733893557423,0.9434784887072264,0.9434784887072264,0.0640417996138079,0.0147455159381679,8.846200669884208,8.846200669884208,6.666254635352287,0.2002496731782002,0.888064508410921,13.580377520725804,96843
anomaly_recency_gate | XGBoost | full_0_5_recency_weighted | without_anomaly_scores,anomaly_recency_gate,XGBoost,advanced_plus_optional_anomaly,model_default_weighting,full_0_5_recency_weighted,without_anomaly_scores,validation,default_0_50,0.5,23090,23090,1198,21892,252,84826,0.0518839324382849,0.9481160675617152,0.8262068965517242,0.2051387769635862,0.1737931034482758,0.7948612230364137,0.7948612230364137,0.2134642408105909,0.0134050735892315,3.870469795851316,3.870469795851316,18.273789649415694,0.175668999084514,0.8897823816684773,13.104665029637047,108168
anomaly_recency_gate | XGBoost | full_0_5_recency_weighted | without_anomaly_scores,anomaly_recency_gate,XGBoost,advanced_plus_optional_anomaly,model_default_weighting,full_0_5_recency_weighted,without_anomaly_scores,validation,valid_global_5pct_fpr,0.8050779700279236,6048,6048,755,5293,695,101425,0.124834656084656,0.875165343915344,0.5206896551724138,0.0495980059596319,0.4793103448275862,0.950401994040368,0.950401994040368,0.0559130241846017,0.0134050735892315,9.312493158182813,9.312493158182813,7.010596026490067,0.175668999084514,0.8897823816684773,13.104665029637047,108168
anomaly_recency_gate | XGBoost | full_0_5_recency_weighted | without_anomaly_scores,anomaly_recency_gate,XGBoost,advanced_plus_optional_anomaly,model_default_weighting,full_0_5_recency_weighted,without_anomaly_scores,test,default_0_50,0.5,18295,18295,1156,17139,272,78276,0.0631866630226837,0.9368133369773162,0.8095238095238095,0.1796258449929256,0.1904761904761904,0.8203741550070743,0.8203741550070743,0.1889140154683353,0.0147455159381679,4.285144262679108,4.285144262679108,14.826124567474048,0.2099447160107624,0.894423905389856,14.237868440217271,96843
anomaly_recency_gate | XGBoost | full_0_5_recency_weighted | without_anomaly_scores,anomaly_recency_gate,XGBoost,advanced_plus_optional_anomaly,model_default_weighting,full_0_5_recency_weighted,without_anomaly_scores,test,valid_global_5pct_fpr,0.8050779700279236,4703,4703,762,3941,666,91474,0.1620242398469062,0.8379757601530937,0.5336134453781513,0.0413037782319341,0.4663865546218487,0.9586962217680658,0.9586962217680658,0.0485631382753528,0.0147455159381679,10.988034635499956,10.988034635499956,5.171916010498688,0.2099447160107624,0.894423905389856,14.237868440217271,96843
anomaly_recency_gate | LightGBM | full_0_5_recency_weighted | without_anomaly_scores,anomaly_recency_gate,LightGBM,advanced_plus_optional_anomaly,model_default_weighting,full_0_5_recency_weighted,without_anomaly_scores,validation,default_0_50,0.5,22844,22844,1181,21663,269,85055,0.0516984766240588,0.9483015233759412,0.8144827586206896,0.2029929346501996,0.1855172413793103,0.7970070653498004,0.7970070653498004,0.2111900007395902,0.0134050735892315,3.8566350479111695,3.8566350479111695,18.342929720575786,0.1690006281256955,0.8840915438755442,12.607213753862233,108168
anomaly_recency_gate | LightGBM | full_0_5_recency_weighted | without_anomaly_scores,anomaly_recency_gate,LightGBM,advanced_plus_optional_anomaly,model_default_weighting,full_0_5_recency_weighted,without_anomaly_scores,validation,valid_global_5pct_fpr,0.830408820165483,5964,5964,723,5241,727,101477,0.1212273641851106,0.8787726358148893,0.4986206896551724,0.0491107404561554,0.5013793103448276,0.9508892595438444,0.9508892595438444,0.05513645440426,0.0134050735892315,9.04339415805176,9.04339415805176,7.24896265560166,0.1690006281256955,0.8840915438755442,12.607213753862233,108168
anomaly_recency_gate | LightGBM | full_0_5_recency_weighted | without_anomaly_scores,anomaly_recency_gate,LightGBM,advanced_plus_optional_anomaly,model_default_weighting,full_0_5_recency_weighted,without_anomaly_scores,test,default_0_50,0.5,18358,18358,1133,17225,295,78190,0.061716962632095,0.938283037367905,0.7934173669467787,0.1805271707802756,0.2065826330532212,0.8194728292197243,0.8194728292197243,0.1895645529361957,0.0147455159381679,4.185473257829115,4.185473257829115,15.203000882612534,0.2060000938631349,0.8870992939438522,13.97035510503332,96843
anomaly_recency_gate | LightGBM | full_0_5_recency_weighted | without_anomaly_scores,anomaly_recency_gate,LightGBM,advanced_plus_optional_anomaly,model_default_weighting,full_0_5_recency_weighted,without_anomaly_scores,test,valid_global_5pct_fpr,0.830408820165483,4723,4723,758,3965,670,91450,0.1604912132119415,0.8395087867880584,0.530812324929972,0.0415553110097993,0.469187675070028,0.9584446889902009,0.9584446889902009,0.0487696581064196,0.0147455159381679,10.884069020366988,10.884069020366988,5.230870712401056,0.2060000938631349,0.8870992939438522,13.97035510503332,96843
anomaly_recency_gate | Random Forest | full_0_5_recency_weighted | without_anomaly_scores,anomaly_recency_gate,Random Forest,advanced_plus_optional_anomaly,model_default_weighting,full_0_5_recency_weighted,without_anomaly_scores,validation,default_0_50,0.5,11127,11127,898,10229,552,96489,0.080704592432821,0.919295407567179,0.6193103448275862,0.0958507468280889,0.3806896551724137,0.904149253171911,0.904149253171911,0.1028677612602618,0.0134050735892315,6.020451278809233,6.020451278809233,11.39086859688196,0.1479442068989545,0.874218071346268,11.036433773686973,108168
anomaly_recency_gate | Random Forest | full_0_5_recency_weighted | without_anomaly_scores,anomaly_recency_gate,Random Forest,advanced_plus_optional_anomaly,model_default_weighting,full_0_5_recency_weighted,without_anomaly_scores,validation,valid_global_5pct_fpr,0.6255552021253651,5996,5996,682,5314,768,101404,0.1137424949966644,0.8862575050033356,0.4703448275862069,0.0497947862591128,0.5296551724137931,0.9502052137408872,0.9502052137408872,0.0554322905110568,0.0134050735892315,8.485033240551171,8.485033240551171,7.7917888563049855,0.1479442068989545,0.874218071346268,11.036433773686973,108168
anomaly_recency_gate | Random Forest | full_0_5_recency_weighted | without_anomaly_scores,anomaly_recency_gate,Random Forest,advanced_plus_optional_anomaly,model_default_weighting,full_0_5_recency_weighted,without_anomaly_scores,test,default_0_50,0.5,8435,8435,868,7567,560,87848,0.1029045643153526,0.8970954356846473,0.6078431372549019,0.0793061887543887,0.392156862745098,0.9206938112456112,0.9206938112456112,0.0870997387524137,0.0147455159381679,6.978702186268698,6.978702186268698,8.71774193548387,0.1718708693466127,0.8756327621443168,11.655805742390768,96843
anomaly_recency_gate | Random Forest | full_0_5_recency_weighted | without_anomaly_scores,anomaly_recency_gate,Random Forest,advanced_plus_optional_anomaly,model_default_weighting,full_0_5_recency_weighted,without_anomaly_scores,test,valid_global_5pct_fpr,0.6255552021253651,4435,4435,652,3783,776,91632,0.1470124013528748,0.8529875986471251,0.4565826330532213,0.0396478541109888,0.5434173669467787,0.9603521458890112,0.9603521458890112,0.045795772539058,0.0147455159381679,9.969973378302845,9.969973378302845,5.802147239263804,0.1718708693466127,0.8756327621443168,11.655805742390768,96843
anomaly_recency_gate | Logistic Regression | full_0_5_recency_weighted | without_anomaly_scores,anomaly_recency_gate,Logistic Regression,advanced_plus_optional_anomaly,model_default_weighting,full_0_5_recency_weighted,without_anomaly_scores,validation,default_0_50,0.5,22560,22560,1176,21384,274,85334,0.052127659574468,0.947872340425532,0.8110344827586207,0.2003785678142394,0.1889655172413793,0.7996214321857606,0.7996214321857606,0.2085644552917683,0.0134050735892315,3.888651504035216,3.888651504035216,18.18367346938776,0.1629368912836477,0.8847238581088024,12.15486734922042,108168
anomaly_recency_gate | Logistic Regression | full_0_5_recency_weighted | without_anomaly_scores,anomaly_recency_gate,Logistic Regression,advanced_plus_optional_anomaly,model_default_weighting,full_0_5_recency_weighted,without_anomaly_scores,validation,valid_global_5pct_fpr,0.8187476838737613,6067,6067,738,5329,712,101389,0.1216416680402175,0.8783583319597824,0.5089655172413793,0.0499353436158848,0.4910344827586207,0.9500646563841152,0.9500646563841152,0.0560886768730123,0.0134050735892315,9.07430065418914,9.07430065418914,7.220867208672087,0.1629368912836477,0.8847238581088024,12.15486734922042,108168
anomaly_recency_gate | Logistic Regression | full_0_5_recency_weighted | without_anomaly_scores,anomaly_recency_gate,Logistic Regression,advanced_plus_optional_anomaly,model_default_weighting,full_0_5_recency_weighted,without_anomaly_scores,test,default_0_50,0.5,18506,18506,1157,17349,271,78066,0.06252026369826,0.93747973630174,0.8102240896358543,0.1818267567992454,0.1897759103641456,0.8181732432007546,0.8181732432007546,0.1910927996860898,0.0147455159381679,4.239950908494815,4.239950908494815,14.994814174589456,0.1955454778010644,0.887712485822291,13.261352035496136,96843
anomaly_recency_gate | Logistic Regression | full_0_5_recency_weighted | without_anomaly_scores,anomaly_recency_gate,Logistic Regression,advanced_plus_optional_anomaly,model_default_weighting,full_0_5_recency_weighted,without_anomaly_scores,test,valid_global_5pct_fpr,0.8187476838737613,4906,4906,722,4184,706,91231,0.1471667346106808,0.8528332653893191,0.5056022408963585,0.0438505476078184,0.4943977591036415,0.9561494523921816,0.9561494523921816,0.0506593145606806,0.0147455159381679,9.980439831864258,9.980439831864258,5.795013850415512,0.1955454778010644,0.887712485822291,13.261352035496136,96843
anomaly_recency_gate | XGBoost | full_0_5_recency_weighted | with_isolation_forest_anomaly_score,anomaly_recency_gate,XGBoost,advanced_plus_optional_anomaly,model_default_weighting,full_0_5_recency_weighted,with_isolation_forest_anomaly_score,validation,default_0_50,0.5,23081,23081,1199,21882,251,84836,0.0519474892768944,0.9480525107231056,0.8268965517241379,0.2050450720590715,0.173103448275862,0.7949549279409285,0.7949549279409285,0.2133810369055543,0.0134050735892315,3.875211048346976,3.875211048346976,18.25020850708924,0.1744878790232999,0.8903924070592751,13.016555102201592,108168
anomaly_recency_gate | XGBoost | full_0_5_recency_weighted | with_isolation_forest_anomaly_score,anomaly_recency_gate,XGBoost,advanced_plus_optional_anomaly,model_default_weighting,full_0_5_recency_weighted,with_isolation_forest_anomaly_score,validation,valid_global_5pct_fpr,0.807304859161377,6065,6065,740,5325,710,101393,0.1220115416323165,0.8779884583676835,0.5103448275862069,0.0498978616540789,0.4896551724137931,0.950102138345921,0.950102138345921,0.0560701871163375,0.0134050735892315,9.101892713989256,9.101892713989256,7.195945945945946,0.1744878790232999,0.8903924070592751,13.016555102201592,108168
anomaly_recency_gate | XGBoost | full_0_5_recency_weighted | with_isolation_forest_anomaly_score,anomaly_recency_gate,XGBoost,advanced_plus_optional_anomaly,model_default_weighting,full_0_5_recency_weighted,with_isolation_forest_anomaly_score,test,default_0_50,0.5,19446,19446,1175,18271,253,77144,0.060423737529569,0.9395762624704308,0.822829131652661,0.1914898076822302,0.1771708683473389,0.8085101923177698,0.8085101923177698,0.2007992317462284,0.0147455159381679,4.097770317630292,4.097770317630292,15.549787234042553,0.2096095979189137,0.8943246889491006,14.215141660547172,96843
anomaly_recency_gate | XGBoost | full_0_5_recency_weighted | with_isolation_forest_anomaly_score,anomaly_recency_gate,XGBoost,advanced_plus_optional_anomaly,model_default_weighting,full_0_5_recency_weighted,with_isolation_forest_anomaly_score,test,valid_global_5pct_fpr,0.807304859161377,5212,5212,788,4424,640,90991,0.1511895625479662,0.8488104374520338,0.5518207282913166,0.0463658753864696,0.4481792717086835,0.9536341246135304,0.9536341246135304,0.0538190679760023,0.0147455159381679,10.253256866829616,10.253256866829616,5.614213197969543,0.2096095979189137,0.8943246889491006,14.215141660547172,96843
anomaly_recency_gate | LightGBM | full_0_5_recency_weighted | with_isolation_forest_anomaly_score,anomaly_recency_gate,LightGBM,advanced_plus_optional_anomaly,model_default_weighting,full_0_5_recency_weighted,with_isolation_forest_anomaly_score,validation,default_0_50,0.5,22664,22664,1185,21479,265,85239,0.0522855630074126,0.9477144369925874,0.8172413793103448,0.201268764407129,0.1827586206896551,0.798731235592871,0.798731235592871,0.209525922638858,0.0134050735892315,3.9004308823350415,3.9004308823350415,18.125738396624477,0.1674279862214664,0.8871626930401811,12.48989683696799,108168
anomaly_recency_gate | LightGBM | full_0_5_recency_weighted | with_isolation_forest_anomaly_score,anomaly_recency_gate,LightGBM,advanced_plus_optional_anomaly,model_default_weighting,full_0_5_recency_weighted,with_isolation_forest_anomaly_score,validation,valid_global_5pct_fpr,0.8296030808770752,6069,6069,735,5334,715,101384,0.1211072664359861,0.8788927335640139,0.506896551724138,0.0499821960681422,0.493103448275862,0.9500178039318578,0.9500178039318578,0.0561071666296871,0.0134050735892315,9.034435031619138,9.034435031619138,7.257142857142857,0.1674279862214664,0.8871626930401811,12.48989683696799,108168
anomaly_recency_gate | LightGBM | full_0_5_recency_weighted | with_isolation_forest_anomaly_score,anomaly_recency_gate,LightGBM,advanced_plus_optional_anomaly,model_default_weighting,full_0_5_recency_weighted,with_isolation_forest_anomaly_score,test,default_0_50,0.5,18576,18576,1137,17439,291,77976,0.0612080103359173,0.9387919896640828,0.7962184873949579,0.1827700047162395,0.203781512605042,0.8172299952837604,0.8172299952837604,0.1918156190948236,0.0147455159381679,4.150957524482662,4.150957524482662,15.3377308707124,0.2005139032445228,0.8870788246126938,13.59829687108496,96843
anomaly_recency_gate | LightGBM | full_0_5_recency_weighted | with_isolation_forest_anomaly_score,anomaly_recency_gate,LightGBM,advanced_plus_optional_anomaly,model_default_weighting,full_0_5_recency_weighted,with_isolation_forest_anomaly_score,test,valid_global_5pct_fpr,0.8296030808770752,5204,5204,778,4426,650,90989,0.149500384319754,0.850499615680246,0.5448179271708683,0.0463868364512917,0.4551820728291316,0.9536131635487084,0.9536131635487084,0.0537364600435756,0.0147455159381679,10.138701483668026,10.138701483668026,5.688946015424165,0.2005139032445228,0.8870788246126938,13.59829687108496,96843
anomaly_recency_gate | Random Forest | full_0_5_recency_weighted | with_isolation_forest_anomaly_score,anomaly_recency_gate,Random Forest,advanced_plus_optional_anomaly,model_default_weighting,full_0_5_recency_weighted,with_isolation_forest_anomaly_score,validation,default_0_50,0.5,11154,11154,898,10256,552,96462,0.0805092343553882,0.919490765644612,0.6193103448275862,0.0961037500702786,0.3806896551724137,0.9038962499297212,0.9038962499297212,0.1031173729753716,0.0134050735892315,6.005877835692159,6.005877835692159,11.420935412026726,0.1462614539738564,0.8765646941891971,10.910902726513177,108168
anomaly_recency_gate | Random Forest | full_0_5_recency_weighted | with_isolation_forest_anomaly_score,anomaly_recency_gate,Random Forest,advanced_plus_optional_anomaly,model_default_weighting,full_0_5_recency_weighted,with_isolation_forest_anomaly_score,validation,valid_global_5pct_fpr,0.6293767473067431,6014,6014,685,5329,765,101389,0.1139008979048886,0.8860991020951114,0.4724137931034483,0.0499353436158848,0.5275862068965518,0.9500646563841152,0.9500646563841152,0.0555986983211301,0.0134050735892315,8.496849879017924,8.496849879017924,7.779562043795621,0.1462614539738564,0.8765646941891971,10.910902726513177,108168
anomaly_recency_gate | Random Forest | full_0_5_recency_weighted | with_isolation_forest_anomaly_score,anomaly_recency_gate,Random Forest,advanced_plus_optional_anomaly,model_default_weighting,full_0_5_recency_weighted,with_isolation_forest_anomaly_score,test,default_0_50,0.5,8752,8752,883,7869,545,87546,0.1008912248628884,0.8991087751371115,0.6183473389355743,0.0824713095425247,0.3816526610644257,0.9175286904574752,0.9175286904574752,0.0903730780748221,0.0147455159381679,6.842163087812822,6.842163087812822,8.911664779161947,0.1730069825037992,0.8754666442377401,11.732853786145258,96843
anomaly_recency_gate | Random Forest | full_0_5_recency_weighted | with_isolation_forest_anomaly_score,anomaly_recency_gate,Random Forest,advanced_plus_optional_anomaly,model_default_weighting,full_0_5_recency_weighted,with_isolation_forest_anomaly_score,test,valid_global_5pct_fpr,0.6293767473067431,4528,4528,667,3861,761,91554,0.1473056537102473,0.8526943462897527,0.4670868347338935,0.0404653356390504,0.5329131652661064,0.9595346643609496,0.9595346643609496,0.0467560897535185,0.0147455159381679,9.989860939959025,9.989860939959025,5.788605697151424,0.1730069825037992,0.8754666442377401,11.732853786145258,96843
anomaly_recency_gate | Logistic Regression | full_0_5_recency_weighted | with_isolation_forest_anomaly_score,anomaly_recency_gate,Logistic Regression,advanced_plus_optional_anomaly,model_default_weighting,full_0_5_recency_weighted,with_isolation_forest_anomaly_score,validation,default_0_50,0.5,25086,25086,1209,23877,241,82841,0.048194211911026,0.951805788088974,0.8337931034482758,0.2237392005097546,0.1662068965517241,0.7762607994902453,0.7762607994902453,0.2319170179720434,0.0134050735892315,3.5952217337874948,3.5952217337874948,19.74937965260546,0.1686899450869972,0.885913470952449,12.584037227703666,108168
anomaly_recency_gate | Logistic Regression | full_0_5_recency_weighted | with_isolation_forest_anomaly_score,anomaly_recency_gate,Logistic Regression,advanced_plus_optional_anomaly,model_default_weighting,full_0_5_recency_weighted,with_isolation_forest_anomaly_score,validation,valid_global_5pct_fpr,0.8448844059681906,6055,6055,731,5324,719,101394,0.1207266721717588,0.8792733278282411,0.5041379310344828,0.0498884911636275,0.4958620689655172,0.9501115088363724,0.9501115088363724,0.0559777383329635,0.0134050735892315,9.006043224465389,9.006043224465389,7.2831737346101235,0.1686899450869972,0.885913470952449,12.584037227703666,108168
anomaly_recency_gate | Logistic Regression | full_0_5_recency_weighted | with_isolation_forest_anomaly_score,anomaly_recency_gate,Logistic Regression,advanced_plus_optional_anomaly,model_default_weighting,full_0_5_recency_weighted,with_isolation_forest_anomaly_score,test,default_0_50,0.5,25353,25353,1235,24118,193,71297,0.0487121839624502,0.9512878160375496,0.8648459383753502,0.252769480689619,0.1351540616246498,0.747230519310381,0.747230519310381,0.2617948638518014,0.0147455159381679,3.303525232125746,3.303525232125746,19.528744939271256,0.1995411461366101,0.8878330339629432,13.532327181588048,96843
anomaly_recency_gate | Logistic Regression | full_0_5_recency_weighted | with_isolation_forest_anomaly_score,anomaly_recency_gate,Logistic Regression,advanced_plus_optional_anomaly,model_default_weighting,full_0_5_recency_weighted,with_isolation_forest_anomaly_score,test,valid_global_5pct_fpr,0.8448844059681906,6586,6586,823,5763,605,89652,0.1249620406923777,0.8750379593076222,0.5763305322128851,0.0603993082848608,0.4236694677871148,0.9396006917151392,0.9396006917151392,0.06800698037029,0.0147455159381679,8.474579066366905,8.474579066366905,7.002430133657351,0.1995411461366101,0.8878330339629432,13.532327181588048,96843
anomaly_recency_gate | XGBoost | recent_3_5 | without_anomaly_scores,anomaly_recency_gate,XGBoost,advanced_plus_optional_anomaly,model_default_weighting,recent_3_5,without_anomaly_scores,validation,default_0_50,0.5,22588,22588,1195,21393,255,85325,0.0529041969187179,0.947095803081282,0.8241379310344827,0.2004629022283026,0.1758620689655172,0.7995370977716973,0.7995370977716973,0.2088233118852155,0.0134050735892315,3.94658011883026,3.94658011883026,17.902092050209205,0.1765854559768777,0.8880417484430446,13.173031449728905,108168
anomaly_recency_gate | XGBoost | recent_3_5 | without_anomaly_scores,anomaly_recency_gate,XGBoost,advanced_plus_optional_anomaly,model_default_weighting,recent_3_5,without_anomaly_scores,validation,valid_global_5pct_fpr,0.8031774759292603,6078,6078,756,5322,694,101396,0.1243830207305034,0.8756169792694966,0.5213793103448275,0.0498697501827245,0.4786206896551724,0.9501302498172756,0.9501302498172756,0.0561903705347237,0.0134050735892315,9.278801783708344,9.278801783708344,7.03968253968254,0.1765854559768777,0.8880417484430446,13.173031449728905,108168
anomaly_recency_gate | XGBoost | recent_3_5 | without_anomaly_scores,anomaly_recency_gate,XGBoost,advanced_plus_optional_anomaly,model_default_weighting,recent_3_5,without_anomaly_scores,test,default_0_50,0.5,17917,17917,1139,16778,289,78637,0.0635709103086454,0.9364290896913544,0.7976190476190477,0.1758423727925378,0.2023809523809523,0.8241576272074621,0.8241576272074621,0.1850107906611732,0.0147455159381679,4.311202848053325,4.311202848053325,14.73046532045654,0.2007280753081849,0.8916114053439854,13.612821426519998,96843
anomaly_recency_gate | XGBoost | recent_3_5 | without_anomaly_scores,anomaly_recency_gate,XGBoost,advanced_plus_optional_anomaly,model_default_weighting,recent_3_5,without_anomaly_scores,test,valid_global_5pct_fpr,0.8031774759292603,4657,4657,743,3914,685,91501,0.1595447713120034,0.8404552286879966,0.5203081232492998,0.0410208038568359,0.4796918767507003,0.958979196143164,0.958979196143164,0.0480881426638993,0.0147455159381679,10.819883955299964,10.819883955299964,5.267833109017497,0.2007280753081849,0.8916114053439854,13.612821426519998,96843
anomaly_recency_gate | LightGBM | recent_3_5 | without_anomaly_scores,anomaly_recency_gate,LightGBM,advanced_plus_optional_anomaly,model_default_weighting,recent_3_5,without_anomaly_scores,validation,default_0_50,0.5,22869,22869,1156,21713,294,85005,0.050548777821505,0.9494512221784948,0.7972413793103448,0.2034614591727731,0.2027586206896551,0.7965385408272269,0.7965385408272269,0.2114211226980253,0.0134050735892315,3.770869103032112,3.770869103032112,18.78287197231834,0.1559225493065011,0.8819603324520765,11.631607112679736,108168
anomaly_recency_gate | LightGBM | recent_3_5 | without_anomaly_scores,anomaly_recency_gate,LightGBM,advanced_plus_optional_anomaly,model_default_weighting,recent_3_5,without_anomaly_scores,validation,valid_global_5pct_fpr,0.8342239318322594,6064,6064,734,5330,716,101388,0.121042216358839,0.878957783641161,0.5062068965517241,0.0499447141063363,0.4937931034482758,0.9500552858936636,0.9500552858936636,0.0560609422380001,0.0134050735892315,9.029582385588208,9.029582385588208,7.26158038147139,0.1559225493065011,0.8819603324520765,11.631607112679736,108168
anomaly_recency_gate | LightGBM | recent_3_5 | without_anomaly_scores,anomaly_recency_gate,LightGBM,advanced_plus_optional_anomaly,model_default_weighting,recent_3_5,without_anomaly_scores,test,default_0_50,0.5,18020,18020,1132,16888,296,78527,0.062819089900111,0.937180910099889,0.7927170868347339,0.1769952313577529,0.2072829131652661,0.823004768642247,0.823004768642247,0.1860743677911671,0.0147455159381679,4.260216472826645,4.260216472826645,14.918727915194346,0.1962486232968745,0.8830899325091877,13.309037413122702,96843
anomaly_recency_gate | LightGBM | recent_3_5 | without_anomaly_scores,anomaly_recency_gate,LightGBM,advanced_plus_optional_anomaly,model_default_weighting,recent_3_5,without_anomaly_scores,test,valid_global_5pct_fpr,0.8342239318322594,4602,4602,710,3892,718,91523,0.1542807475010864,0.8457192524989136,0.4971988795518207,0.0407902321437929,0.5028011204481793,0.959209767856207,0.959209767856207,0.0475202131284656,0.0147455159381679,10.462892458156665,10.462892458156665,5.48169014084507,0.1962486232968745,0.8830899325091877,13.309037413122702,96843
anomaly_recency_gate | Random Forest | recent_3_5 | without_anomaly_scores,anomaly_recency_gate,Random Forest,advanced_plus_optional_anomaly,model_default_weighting,recent_3_5,without_anomaly_scores,validation,default_0_50,0.5,9966,9966,868,9098,582,97620,0.0870961268312261,0.912903873168774,0.5986206896551725,0.0852527221274761,0.4013793103448276,0.914747277872524,0.914747277872524,0.0921344575105391,0.0134050735892315,6.497250929020739,6.497250929020739,10.481566820276498,0.1482143748124379,0.8779581313561813,11.05658792738744,108168
anomaly_recency_gate | Random Forest | recent_3_5 | without_anomaly_scores,anomaly_recency_gate,Random Forest,advanced_plus_optional_anomaly,model_default_weighting,recent_3_5,without_anomaly_scores,validation,valid_global_5pct_fpr,0.5940478512280815,6029,6029,694,5335,756,101383,0.1151103002156244,0.8848896997843755,0.4786206896551724,0.0499915665585936,0.5213793103448275,0.9500084334414064,0.9500084334414064,0.0557373714961911,0.0134050735892315,8.587069623257701,8.587069623257701,7.687319884726225,0.1482143748124379,0.8779581313561813,11.05658792738744,108168
anomaly_recency_gate | Random Forest | recent_3_5 | without_anomaly_scores,anomaly_recency_gate,Random Forest,advanced_plus_optional_anomaly,model_default_weighting,recent_3_5,without_anomaly_scores,test,default_0_50,0.5,7591,7591,852,6739,576,88676,0.1122381767883019,0.887761823211698,0.5966386554621849,0.0706283079180422,0.4033613445378151,0.9293716920819578,0.9293716920819578,0.0783846018813956,0.0147455159381679,7.61168190105709,7.61168190105709,7.90962441314554,0.1751598657078017,0.8783578987325162,11.878856354860396,96843
anomaly_recency_gate | Random Forest | recent_3_5 | without_anomaly_scores,anomaly_recency_gate,Random Forest,advanced_plus_optional_anomaly,model_default_weighting,recent_3_5,without_anomaly_scores,test,valid_global_5pct_fpr,0.5940478512280815,4502,4502,673,3829,755,91586,0.1494891159484673,0.8505108840515326,0.4712885154061624,0.0401299586018969,0.5287114845938375,0.9598700413981032,0.9598700413981032,0.0464876139731317,0.0147455159381679,10.137937293975789,10.137937293975789,5.689450222882615,0.1751598657078017,0.8783578987325162,11.878856354860396,96843
anomaly_recency_gate | Logistic Regression | recent_3_5 | without_anomaly_scores,anomaly_recency_gate,Logistic Regression,advanced_plus_optional_anomaly,model_default_weighting,recent_3_5,without_anomaly_scores,validation,default_0_50,0.5,28849,28849,1248,27601,202,79117,0.0432597317064716,0.9567402682935284,0.8606896551724138,0.2586349069510298,0.1393103448275862,0.7413650930489701,0.7413650930489701,0.2667054951556837,0.0134050735892315,3.2271163167073262,3.2271163167073262,22.116185897435894,0.1628996399229399,0.883098691944157,12.152088449092805,108168
anomaly_recency_gate | Logistic Regression | recent_3_5 | without_anomaly_scores,anomaly_recency_gate,Logistic Regression,advanced_plus_optional_anomaly,model_default_weighting,recent_3_5,without_anomaly_scores,validation,valid_global_5pct_fpr,0.8865081004929057,6030,6030,734,5296,716,101422,0.1217247097844112,0.8782752902155887,0.5062068965517241,0.0496261174309863,0.4937931034482758,0.9503738825690136,0.9503738825690136,0.0557466163745285,0.0134050735892315,9.080495453765652,9.080495453765652,7.215258855585831,0.1628996399229399,0.883098691944157,12.152088449092805,108168
anomaly_recency_gate | Logistic Regression | recent_3_5 | without_anomaly_scores,anomaly_recency_gate,Logistic Regression,advanced_plus_optional_anomaly,model_default_weighting,recent_3_5,without_anomaly_scores,test,default_0_50,0.5,21239,21239,1192,20047,236,75368,0.0561231696407552,0.9438768303592447,0.834733893557423,0.2101032332442488,0.165266106442577,0.7898967667557512,0.7898967667557512,0.2193137346013651,0.0147455159381679,3.806117729355502,3.806117729355502,16.81795302013423,0.1898742276857998,0.8874130787356602,12.876743579675008,96843
anomaly_recency_gate | Logistic Regression | recent_3_5 | without_anomaly_scores,anomaly_recency_gate,Logistic Regression,advanced_plus_optional_anomaly,model_default_weighting,recent_3_5,without_anomaly_scores,test,valid_global_5pct_fpr,0.8865081004929057,4126,4126,658,3468,770,91947,0.159476490547746,0.840523509452254,0.4607843137254901,0.0363464864015092,0.5392156862745098,0.9636535135984908,0.9636535135984908,0.0426050411490763,0.0147455159381679,10.815253343218044,10.815253343218044,5.270516717325228,0.1898742276857998,0.8874130787356602,12.876743579675008,96843
anomaly_recency_gate | XGBoost | recent_3_5 | with_isolation_forest_anomaly_score,anomaly_recency_gate,XGBoost,advanced_plus_optional_anomaly,model_default_weighting,recent_3_5,with_isolation_forest_anomaly_score,validation,default_0_50,0.5,23582,23582,1201,22381,249,84337,0.0509286744126876,0.9490713255873124,0.8282758620689655,0.2097209467943552,0.1717241379310344,0.7902790532056447,0.7902790532056447,0.2180127209525922,0.0134050735892315,3.799208864739032,3.799208864739032,18.63530391340549,0.1767159486674875,0.8882694319737937,13.18276602445848,108168
anomaly_recency_gate | XGBoost | recent_3_5 | with_isolation_forest_anomaly_score,anomaly_recency_gate,XGBoost,advanced_plus_optional_anomaly,model_default_weighting,recent_3_5,with_isolation_forest_anomaly_score,validation,valid_global_5pct_fpr,0.8065626621246338,6091,6091,765,5326,685,101392,0.1255951403710392,0.8744048596289608,0.5275862068965518,0.0499072321445304,0.4724137931034483,0.9500927678554696,0.9500927678554696,0.0563105539531099,0.0134050735892315,9.369224237003154,9.369224237003154,6.962091503267974,0.1767159486674875,0.8882694319737937,13.18276602445848,108168
anomaly_recency_gate | XGBoost | recent_3_5 | with_isolation_forest_anomaly_score,anomaly_recency_gate,XGBoost,advanced_plus_optional_anomaly,model_default_weighting,recent_3_5,with_isolation_forest_anomaly_score,test,default_0_50,0.5,20265,20265,1169,19096,259,76319,0.0576856649395509,0.942314335060449,0.8186274509803921,0.2001362469213436,0.1813725490196078,0.7998637530786564,0.7998637530786564,0.209256218828413,0.0147455159381679,3.912081827549673,3.912081827549673,16.335329341317365,0.2103897432182166,0.8923553910376182,14.268048951317752,96843
anomaly_recency_gate | XGBoost | recent_3_5 | with_isolation_forest_anomaly_score,anomaly_recency_gate,XGBoost,advanced_plus_optional_anomaly,model_default_weighting,recent_3_5,with_isolation_forest_anomaly_score,test,valid_global_5pct_fpr,0.8065626621246338,5270,5270,784,4486,644,90929,0.1487666034155597,0.8512333965844402,0.5490196078431373,0.0470156683959545,0.4509803921568627,0.9529843316040456,0.9529843316040456,0.054417975486096,0.0147455159381679,10.08893849760018,10.08893849760018,5.721938775510204,0.2103897432182166,0.8923553910376182,14.268048951317752,96843
anomaly_recency_gate | LightGBM | recent_3_5 | with_isolation_forest_anomaly_score,anomaly_recency_gate,LightGBM,advanced_plus_optional_anomaly,model_default_weighting,recent_3_5,with_isolation_forest_anomaly_score,validation,default_0_50,0.5,23173,23173,1162,22011,288,84707,0.0501445647952358,0.949855435204764,0.8013793103448276,0.2062538653273112,0.1986206896551724,0.7937461346726887,0.7937461346726887,0.2142315657125952,0.0134050735892315,3.7407153688076336,3.7407153688076336,18.94234079173838,0.1558703618796071,0.8821781608118334,11.627714002616102,108168
anomaly_recency_gate | LightGBM | recent_3_5 | with_isolation_forest_anomaly_score,anomaly_recency_gate,LightGBM,advanced_plus_optional_anomaly,model_default_weighting,recent_3_5,with_isolation_forest_anomaly_score,validation,valid_global_5pct_fpr,0.8428845095763257,6026,6026,719,5307,731,101411,0.119316296050448,0.880683703949552,0.4958620689655172,0.0497291928259525,0.5041379310344828,0.9502708071740474,0.9502708071740474,0.0557096368611789,0.0134050735892315,8.900831111161976,8.900831111161976,7.381084840055633,0.1558703618796071,0.8821781608118334,11.627714002616102,108168
anomaly_recency_gate | LightGBM | recent_3_5 | with_isolation_forest_anomaly_score,anomaly_recency_gate,LightGBM,advanced_plus_optional_anomaly,model_default_weighting,recent_3_5,with_isolation_forest_anomaly_score,test,default_0_50,0.5,19922,19922,1150,18772,278,76643,0.0577251279991968,0.9422748720008032,0.8053221288515406,0.1967405544201645,0.1946778711484593,0.8032594455798354,0.8032594455798354,0.2057144037256177,0.0147455159381679,3.914758102819483,3.914758102819483,16.323478260869564,0.201067670730807,0.8847257762823203,13.63585184634702,96843
anomaly_recency_gate | LightGBM | recent_3_5 | with_isolation_forest_anomaly_score,anomaly_recency_gate,LightGBM,advanced_plus_optional_anomaly,model_default_weighting,recent_3_5,with_isolation_forest_anomaly_score,test,valid_global_5pct_fpr,0.8428845095763257,5263,5263,751,4512,677,90903,0.1426942808284248,0.8573057191715752,0.5259103641456583,0.0472881622386417,0.4740896358543417,0.9527118377613584,0.9527118377613584,0.0543456935452226,0.0147455159381679,9.677130418954588,9.677130418954588,6.0079893475366175,0.201067670730807,0.8847257762823203,13.63585184634702,96843
anomaly_recency_gate | Random Forest | recent_3_5 | with_isolation_forest_anomaly_score,anomaly_recency_gate,Random Forest,advanced_plus_optional_anomaly,model_default_weighting,recent_3_5,with_isolation_forest_anomaly_score,validation,default_0_50,0.5,10016,10016,874,9142,576,97576,0.0872603833865814,0.9127396166134184,0.6027586206896551,0.0856650237073408,0.3972413793103448,0.9143349762926593,0.9143349762926593,0.0925967014274092,0.0134050735892315,6.509504241489479,6.509504241489479,10.459954233409611,0.1491480314696188,0.878371828816003,11.126237426210846,108168
anomaly_recency_gate | Random Forest | recent_3_5 | with_isolation_forest_anomaly_score,anomaly_recency_gate,Random Forest,advanced_plus_optional_anomaly,model_default_weighting,recent_3_5,with_isolation_forest_anomaly_score,validation,valid_global_5pct_fpr,0.5945611442627325,6023,6023,705,5318,745,101400,0.1170513033372073,0.8829486966627926,0.4862068965517241,0.0498322682209186,0.5137931034482759,0.9501677317790812,0.9501677317790812,0.0556819022261667,0.0134050735892315,8.731865778882101,8.731865778882101,7.543262411347517,0.1491480314696188,0.878371828816003,11.126237426210846,108168
anomaly_recency_gate | Random Forest | recent_3_5 | with_isolation_forest_anomaly_score,anomaly_recency_gate,Random Forest,advanced_plus_optional_anomaly,model_default_weighting,recent_3_5,with_isolation_forest_anomaly_score,test,default_0_50,0.5,7773,7773,845,6928,583,88487,0.1087096359192075,0.8912903640807925,0.5917366946778712,0.07260912854373,0.4082633053221288,0.92739087145627,0.92739087145627,0.0802639323441033,0.0147455159381679,7.372386044344407,7.372386044344407,8.198816568047338,0.1766452186607721,0.8785513115270738,11.979588873084843,96843
anomaly_recency_gate | Random Forest | recent_3_5 | with_isolation_forest_anomaly_score,anomaly_recency_gate,Random Forest,advanced_plus_optional_anomaly,model_default_weighting,recent_3_5,with_isolation_forest_anomaly_score,test,valid_global_5pct_fpr,0.5945611442627325,4565,4565,683,3882,745,91533,0.1496166484118291,0.8503833515881709,0.4782913165266106,0.0406854268196824,0.5217086834733894,0.9593145731803177,0.9593145731803177,0.0471381514409921,0.0147455159381679,10.14658619197953,10.14658619197953,5.683748169838946,0.1766452186607721,0.8785513115270738,11.979588873084843,96843
anomaly_recency_gate | Logistic Regression | recent_3_5 | with_isolation_forest_anomaly_score,anomaly_recency_gate,Logistic Regression,advanced_plus_optional_anomaly,model_default_weighting,recent_3_5,with_isolation_forest_anomaly_score,validation,default_0_50,0.5,29121,29121,1251,27870,199,78848,0.0429586896054393,0.9570413103945606,0.8627586206896551,0.2611555688824753,0.1372413793103448,0.7388444311175247,0.7388444311175247,0.2692201020634568,0.0134050735892315,3.204658991200804,3.204658991200804,22.27817745803357,0.1704532098343499,0.8854805284439622,12.715574345766871,108168
anomaly_recency_gate | Logistic Regression | recent_3_5 | with_isolation_forest_anomaly_score,anomaly_recency_gate,Logistic Regression,advanced_plus_optional_anomaly,model_default_weighting,recent_3_5,with_isolation_forest_anomaly_score,validation,valid_global_5pct_fpr,0.8895374137097527,6066,6066,741,5325,709,101393,0.1221562809099901,0.8778437190900099,0.5110344827586207,0.0498978616540789,0.4889655172413793,0.950102138345921,0.950102138345921,0.0560794319946749,0.0134050735892315,9.112690064463315,9.112690064463315,7.186234817813765,0.1704532098343499,0.8854805284439622,12.715574345766871,108168
anomaly_recency_gate | Logistic Regression | recent_3_5 | with_isolation_forest_anomaly_score,anomaly_recency_gate,Logistic Regression,advanced_plus_optional_anomaly,model_default_weighting,recent_3_5,with_isolation_forest_anomaly_score,test,default_0_50,0.5,26818,26818,1248,25570,180,69845,0.0465359087180252,0.9534640912819748,0.8739495798319328,0.2679872137504585,0.1260504201680672,0.7320127862495415,0.7320127862495415,0.2769224414774429,0.0147455159381679,3.15593628009784,3.15593628009784,20.48878205128205,0.1967557411939709,0.8881068562204529,13.343428742610456,96843
anomaly_recency_gate | Logistic Regression | recent_3_5 | with_isolation_forest_anomaly_score,anomaly_recency_gate,Logistic Regression,advanced_plus_optional_anomaly,model_default_weighting,recent_3_5,with_isolation_forest_anomaly_score,test,valid_global_5pct_fpr,0.8895374137097527,5765,5765,782,4983,646,90432,0.1356461405030355,0.8643538594969644,0.5476190476190477,0.0522244930042446,0.4523809523809524,0.9477755069957554,0.9477755069957554,0.0595293413049988,0.0147455159381679,9.19914508734977,9.19914508734977,6.372122762148337,0.1967557411939709,0.8881068562204529,13.343428742610456,96843
imbalance_ensemble_gate | EasyEnsemble | default,imbalance_ensemble_gate,EasyEnsemble,baseline_eda_onehot,default,train_sample_default,without_anomaly_scores,validation,default_0_50,0.5,26230,26230,1153,25077,297,81641,0.0439573008006099,0.95604269919939,0.7951724137931034,0.2349837890515189,0.2048275862068965,0.765016210948481,0.765016210948481,0.2424931587900303,0.0134050735892315,3.27915400896578,3.27915400896578,21.74934952298352,0.116683083109963,0.8537636316402042,8.704397057819643,108168
imbalance_ensemble_gate | EasyEnsemble | default,imbalance_ensemble_gate,EasyEnsemble,baseline_eda_onehot,default,train_sample_default,without_anomaly_scores,validation,valid_global_5pct_fpr,0.7899912468083704,5956,5956,629,5327,821,101391,0.1056077904633982,0.8943922095366017,0.4337931034482759,0.0499166026349819,0.5662068965517242,0.950083397365018,0.950083397365018,0.0550624953775608,0.0134050735892315,7.878195502651629,7.878195502651629,8.468998410174882,0.116683083109963,0.8537636316402042,8.704397057819643,108168
imbalance_ensemble_gate | EasyEnsemble | default,imbalance_ensemble_gate,EasyEnsemble,baseline_eda_onehot,default,train_sample_default,without_anomaly_scores,test,default_0_50,0.5,19782,19782,1102,18680,326,76735,0.0557072085734506,0.9442927914265494,0.7717086834733894,0.1957763454383482,0.2282913165266106,0.8042236545616517,0.8042236545616517,0.2042687649081503,0.0147455159381679,3.777908403276385,3.777908403276385,16.950998185117967,0.133520196787268,0.8586042015192075,9.054969480020588,96843
imbalance_ensemble_gate | EasyEnsemble | default,imbalance_ensemble_gate,EasyEnsemble,baseline_eda_onehot,default,train_sample_default,without_anomaly_scores,test,valid_global_5pct_fpr,0.7899912468083704,5029,5029,618,4411,810,91004,0.1228872539272221,0.8771127460727779,0.4327731092436975,0.046229628465126,0.5672268907563025,0.953770371534874,0.953770371534874,0.0519294115217413,0.0147455159381679,8.333872781564406,8.333872781564406,7.1375404530744335,0.133520196787268,0.8586042015192075,9.054969480020588,96843
imbalance_ensemble_gate | EasyEnsemble | validation_selected,imbalance_ensemble_gate,EasyEnsemble,baseline_eda_onehot,search_max_samples_0_5_max_features_0_5,train_sample_temporal_validation_selected,without_anomaly_scores,validation,default_0_50,0.5,24301,24301,1146,23155,304,83563,0.047158553145961,0.9528414468540388,0.7903448275862069,0.2169737064037931,0.2096551724137931,0.7830262935962068,0.7830262935962068,0.2246597884771836,0.0134050735892315,3.5179630184084942,3.5179630184084942,20.205061082024432,0.1285225797814798,0.8637468293814636,9.587607179174558,108168
imbalance_ensemble_gate | EasyEnsemble | validation_selected,imbalance_ensemble_gate,EasyEnsemble,baseline_eda_onehot,search_max_samples_0_5_max_features_0_5,train_sample_temporal_validation_selected,without_anomaly_scores,validation,valid_global_5pct_fpr,0.6997146023667044,5990,5990,655,5335,795,101383,0.1093489148580968,0.8906510851419032,0.4517241379310345,0.0499915665585936,0.5482758620689655,0.9500084334414064,0.9500084334414064,0.0553768212410324,0.0134050735892315,8.157278222324564,8.157278222324564,8.145038167938932,0.1285225797814798,0.8637468293814636,9.587607179174558,108168
imbalance_ensemble_gate | EasyEnsemble | validation_selected,imbalance_ensemble_gate,EasyEnsemble,baseline_eda_onehot,search_max_samples_0_5_max_features_0_5,train_sample_temporal_validation_selected,without_anomaly_scores,test,default_0_50,0.5,18955,18955,1111,17844,317,77571,0.058612503297283,0.9413874967027168,0.7780112044817927,0.1870146203427134,0.2219887955182072,0.8129853796572866,0.8129853796572866,0.195729169893539,0.0147455159381679,3.974937434747046,3.974937434747046,16.061206120612063,0.1448461791906538,0.8687931578856979,9.823066198431718,96843
imbalance_ensemble_gate | EasyEnsemble | validation_selected,imbalance_ensemble_gate,EasyEnsemble,baseline_eda_onehot,search_max_samples_0_5_max_features_0_5,train_sample_temporal_validation_selected,without_anomaly_scores,test,valid_global_5pct_fpr,0.6997146023667044,4994,4994,650,4344,778,91071,0.1301561874249099,0.8698438125750901,0.4551820728291316,0.0455274327935859,0.5448179271708683,0.954472567206414,0.954472567206414,0.0515680018173745,0.0147455159381679,8.826831693830917,8.826831693830917,6.683076923076923,0.1448461791906538,0.8687931578856979,9.823066198431718,96843
imbalance_ensemble_gate | Balance Cascade | default,imbalance_ensemble_gate,Balance Cascade,baseline_eda_onehot,default,train_sample_default,without_anomaly_scores,validation,default_0_50,0.5,88360,88360,1173,87187,277,19531,0.0132752376641014,0.9867247623358986,0.8089655172413793,0.8169849509923349,0.1910344827586207,0.183015049007665,0.183015049007665,0.8168774498927595,0.0134050735892315,0.9903144190693244,0.9903144190693244,74.32821824381926,0.0161032272573849,0.4561799386200563,1.201278542052975,108168
imbalance_ensemble_gate | Balance Cascade | default,imbalance_ensemble_gate,Balance Cascade,baseline_eda_onehot,default,train_sample_default,without_anomaly_scores,validation,valid_global_5pct_fpr,0.6579119809738087,5417,5417,118,5299,1332,101419,0.0217832748753922,0.9782167251246076,0.0813793103448275,0.0496542289023407,0.9186206896551724,0.9503457710976592,0.9503457710976592,0.0500795059537016,0.0134050735892315,1.6250022598078846,1.6250022598078846,44.90677966101695,0.0161032272573849,0.4561799386200563,1.201278542052975,108168
imbalance_ensemble_gate | Balance Cascade | default,imbalance_ensemble_gate,Balance Cascade,baseline_eda_onehot,default,train_sample_default,without_anomaly_scores,test,default_0_50,0.5,77044,77044,1145,75899,283,19516,0.0148616375058408,0.9851383624941592,0.8018207282913166,0.7954619294660169,0.1981792717086834,0.2045380705339831,0.2045380705339831,0.795555693235443,0.0147455159381679,1.0078750427017804,1.0078750427017804,66.28733624454148,0.0187881393538334,0.4532983475840685,1.2741595094140696,96843
imbalance_ensemble_gate | Balance Cascade | default,imbalance_ensemble_gate,Balance Cascade,baseline_eda_onehot,default,train_sample_default,without_anomaly_scores,test,valid_global_5pct_fpr,0.6579119809738087,4476,4476,104,4372,1324,91043,0.0232350312779267,0.9767649687220732,0.072829131652661,0.0458208877010952,0.927170868347339,0.9541791122989048,0.9541791122989048,0.0462191381927449,0.0147455159381679,1.5757353879889755,1.5757353879889755,42.03846153846154,0.0187881393538334,0.4532983475840685,1.2741595094140696,96843
imbalance_ensemble_gate | Balance Cascade | validation_selected,imbalance_ensemble_gate,Balance Cascade,baseline_eda_onehot,search_replacement_false,train_sample_temporal_validation_selected,without_anomaly_scores,validation,default_0_50,0.5,87696,87696,1157,86539,293,20179,0.01319330414158,0.98680669585842,0.7979310344827586,0.8109128731797822,0.2020689655172413,0.1890871268202177,0.1890871268202177,0.8107388506767251,0.0134050735892315,0.9842022913009834,0.9842022913009834,74.79602420051859,0.0211388885722175,0.4595041911941947,1.5769319303997458,108168
imbalance_ensemble_gate | Balance Cascade | validation_selected,imbalance_ensemble_gate,Balance Cascade,baseline_eda_onehot,search_replacement_false,train_sample_temporal_validation_selected,without_anomaly_scores,validation,valid_global_5pct_fpr,0.6469931123133273,5484,5484,152,5332,1298,101386,0.0277169948942377,0.9722830051057624,0.1048275862068965,0.0499634550872392,0.8951724137931034,0.9500365449127608,0.9500365449127608,0.0506989128023075,0.0134050735892315,2.0676495887723534,2.0676495887723534,35.078947368421055,0.0211388885722175,0.4595041911941947,1.5769319303997458,108168
imbalance_ensemble_gate | Balance Cascade | validation_selected,imbalance_ensemble_gate,Balance Cascade,baseline_eda_onehot,search_replacement_false,train_sample_temporal_validation_selected,without_anomaly_scores,test,default_0_50,0.5,76499,76499,1080,75419,348,19996,0.0141178316056419,0.985882168394358,0.7563025210084033,0.7904312739087146,0.2436974789915966,0.2095687260912854,0.2095687260912854,0.7899280278388733,0.0147455159381679,0.9574321892053074,0.9574321892053074,69.8324074074074,0.0337216582511715,0.4746365831350618,2.286909348752245,96843
imbalance_ensemble_gate | Balance Cascade | validation_selected,imbalance_ensemble_gate,Balance Cascade,baseline_eda_onehot,search_replacement_false,train_sample_temporal_validation_selected,without_anomaly_scores,test,valid_global_5pct_fpr,0.6469931123133273,3090,3090,132,2958,1296,92457,0.0427184466019417,0.9572815533980582,0.0924369747899159,0.0310014148718754,0.907563025210084,0.9689985851281244,0.9689985851281244,0.0319073138998172,0.0147455159381679,2.897046585624541,2.897046585624541,22.40909090909091,0.0337216582511715,0.4746365831350618,2.286909348752245,96843
imbalance_ensemble_gate | Self-paced Ensemble | default,imbalance_ensemble_gate,Self-paced Ensemble,baseline_eda_onehot,default,train_sample_default,without_anomaly_scores,validation,default_0_50,0.5,28135,28135,1196,26939,254,79779,0.0425093300159943,0.9574906699840056,0.8248275862068966,0.2524316422721565,0.1751724137931034,0.7475683577278435,0.7475683577278435,0.2601046520227794,0.0134050735892315,3.171137385634533,3.171137385634533,22.5242474916388,0.1541500130650607,0.8640104503586958,11.499378353945856,108168
imbalance_ensemble_gate | Self-paced Ensemble | default,imbalance_ensemble_gate,Self-paced Ensemble,baseline_eda_onehot,default,train_sample_default,without_anomaly_scores,validation,valid_global_5pct_fpr,0.6393060393297898,6019,6019,699,5320,751,101398,0.1161322478817079,0.883867752118292,0.4820689655172414,0.0498510092018216,0.5179310344827586,0.9501489907981784,0.9501489907981784,0.055644922712817,0.0134050735892315,8.66330550956454,8.66330550956454,7.610872675250357,0.1541500130650607,0.8640104503586958,11.499378353945856,108168
imbalance_ensemble_gate | Self-paced Ensemble | default,imbalance_ensemble_gate,Self-paced Ensemble,baseline_eda_onehot,default,train_sample_default,without_anomaly_scores,test,default_0_50,0.5,22159,22159,1145,21014,283,74401,0.0516720068595153,0.9483279931404848,0.8018207282913166,0.2202379080857307,0.1981792717086834,0.7797620919142693,0.7797620919142693,0.2288136468304369,0.0147455159381679,3.5042522130924665,3.5042522130924665,18.3528384279476,0.1841674366330106,0.8687082494266899,12.489724836029868,96843
imbalance_ensemble_gate | Self-paced Ensemble | default,imbalance_ensemble_gate,Self-paced Ensemble,baseline_eda_onehot,default,train_sample_default,without_anomaly_scores,test,valid_global_5pct_fpr,0.6393060393297898,4329,4329,684,3645,744,91770,0.158004158004158,0.841995841995842,0.4789915966386555,0.0382015406382644,0.5210084033613446,0.9617984593617356,0.9617984593617356,0.0447012174344041,0.0147455159381679,10.715403833050893,10.715403833050893,5.328947368421052,0.1841674366330106,0.8687082494266899,12.489724836029868,96843
imbalance_ensemble_gate | Self-paced Ensemble | validation_selected,imbalance_ensemble_gate,Self-paced Ensemble,baseline_eda_onehot,search_k_bins_10,train_sample_temporal_validation_selected,without_anomaly_scores,validation,default_0_50,0.5,27763,27763,1171,26592,279,80126,0.0421784389295105,0.9578215610704895,0.8075862068965517,0.2491800820854963,0.1924137931034482,0.7508199179145036,0.7508199179145036,0.2566655572812661,0.0134050735892315,3.146453366984339,3.146453366984339,22.708795900939368,0.1559508261613684,0.8616947275158313,11.633716527050272,108168
imbalance_ensemble_gate | Self-paced Ensemble | validation_selected,imbalance_ensemble_gate,Self-paced Ensemble,baseline_eda_onehot,search_k_bins_10,train_sample_temporal_validation_selected,without_anomaly_scores,validation,valid_global_5pct_fpr,0.6558210290246687,6027,6027,705,5322,745,101396,0.1169736187157789,0.883026381284221,0.4862068965517241,0.0498697501827245,0.5137931034482759,0.9501302498172756,0.9501302498172756,0.0557188817395163,0.0134050735892315,8.726070613274747,8.726070613274747,7.548936170212766,0.1559508261613684,0.8616947275158313,11.633716527050272,108168
imbalance_ensemble_gate | Self-paced Ensemble | validation_selected,imbalance_ensemble_gate,Self-paced Ensemble,baseline_eda_onehot,search_k_bins_10,train_sample_temporal_validation_selected,without_anomaly_scores,test,default_0_50,0.5,23020,23020,1145,21875,283,73540,0.0497393570807993,0.9502606429192006,0.8018207282913166,0.2292616464916417,0.1981792717086834,0.7707383535083582,0.7707383535083582,0.2377043255578617,0.0147455159381679,3.3731852645489124,3.3731852645489124,19.104803493449783,0.1620572325350373,0.8662543736773649,10.990272108116676,96843
imbalance_ensemble_gate | Self-paced Ensemble | validation_selected,imbalance_ensemble_gate,Self-paced Ensemble,baseline_eda_onehot,search_k_bins_10,train_sample_temporal_validation_selected,without_anomaly_scores,test,valid_global_5pct_fpr,0.6558210290246687,4876,4876,691,4185,737,91230,0.1417145200984413,0.8582854799015587,0.4838935574229692,0.0438610281402295,0.5161064425770309,0.9561389718597704,0.9561389718597704,0.0503495348140805,0.0147455159381679,9.61068576323064,9.61068576323064,6.05643994211288,0.1620572325350373,0.8662543736773649,10.990272108116676,96843
hyperparameter_tuned | CatBoost,hyperparameter-tuning-gate,CatBoost,catboost_native_advanced_features,validation_selected_class_weight_or_scale_pos_weight,full_0_5_after_inner_temporal_tuning,without_anomaly_scores,validation,default_0_50,0.5,21633,21633,1153,20480,297,86238,0.0532982018212915,0.9467017981787084,0.7951724137931034,0.1919076444461103,0.2048275862068965,0.8080923555538897,0.8080923555538897,0.1999944530729975,0.0134050735892315,3.975972341107216,3.975972341107216,17.762359063313095,0.1768102684908024,0.884682130345461,13.189802153181455,108168
hyperparameter_tuned | CatBoost,hyperparameter-tuning-gate,CatBoost,catboost_native_advanced_features,validation_selected_class_weight_or_scale_pos_weight,full_0_5_after_inner_temporal_tuning,without_anomaly_scores,validation,valid_global_5pct_fpr,0.7830256588352915,6070,6070,743,5327,707,101391,0.1224052718286655,0.8775947281713344,0.5124137931034483,0.0499166026349819,0.4875862068965517,0.950083397365018,0.950083397365018,0.0561164115080245,0.0134050735892315,9.131264443560756,9.131264443560756,7.169582772543742,0.1768102684908024,0.884682130345461,13.189802153181455,108168
hyperparameter_tuned | CatBoost,hyperparameter-tuning-gate,CatBoost,catboost_native_advanced_features,validation_selected_class_weight_or_scale_pos_weight,full_0_5_after_inner_temporal_tuning,without_anomaly_scores,test,default_0_50,0.5,16691,16691,1118,15573,310,79842,0.0669822059792702,0.9330177940207296,0.7829131652661064,0.1632133312372268,0.2170868347338935,0.8367866687627732,0.8367866687627732,0.1723511250167797,0.0147455159381679,4.542547460539545,4.542547460539545,13.929338103756708,0.2085167977397625,0.8906960027631028,14.141030982851415,96843
hyperparameter_tuned | CatBoost,hyperparameter-tuning-gate,CatBoost,catboost_native_advanced_features,validation_selected_class_weight_or_scale_pos_weight,full_0_5_after_inner_temporal_tuning,without_anomaly_scores,test,valid_global_5pct_fpr,0.7830256588352915,4596,4596,734,3862,694,91553,0.15970409051349,0.84029590948651,0.5140056022408963,0.0404758161714615,0.4859943977591036,0.9595241838285384,0.9595241838285384,0.0474582571791456,0.0147455159381679,10.830688541735231,10.830688541735231,5.26158038147139,0.2085167977397625,0.8906960027631028,14.141030982851415,96843
hyperparameter_tuned | XGBoost,hyperparameter-tuning-gate,XGBoost,baseline_eda_onehot,validation_selected_class_weight_or_scale_pos_weight,full_0_5_after_inner_temporal_tuning,without_anomaly_scores,validation,default_0_50,0.5,29268,29268,1272,27996,178,78722,0.043460434604346,0.956539565395654,0.8772413793103448,0.2623362506793605,0.1227586206896551,0.7376637493206395,0.7376637493206395,0.2705790991790548,0.0134050735892315,3.2420884760571744,3.2420884760571744,22.00943396226415,0.1821581073934377,0.8932808251977012,13.588743558988533,108168
hyperparameter_tuned | XGBoost,hyperparameter-tuning-gate,XGBoost,baseline_eda_onehot,validation_selected_class_weight_or_scale_pos_weight,full_0_5_after_inner_temporal_tuning,without_anomaly_scores,validation,valid_global_5pct_fpr,0.8851956725120544,6048,6048,755,5293,695,101425,0.124834656084656,0.875165343915344,0.5206896551724138,0.0495980059596319,0.4793103448275862,0.950401994040368,0.950401994040368,0.0559130241846017,0.0134050735892315,9.312493158182813,9.312493158182813,7.010596026490067,0.1821581073934377,0.8932808251977012,13.588743558988533,108168
hyperparameter_tuned | XGBoost,hyperparameter-tuning-gate,XGBoost,baseline_eda_onehot,validation_selected_class_weight_or_scale_pos_weight,full_0_5_after_inner_temporal_tuning,without_anomaly_scores,test,default_0_50,0.5,24910,24910,1237,23673,191,71742,0.0496587715776796,0.9503412284223204,0.8662464985994398,0.2481056437667033,0.1337535014005602,0.7518943562332967,0.7518943562332967,0.2572204495936722,0.0147455159381679,3.3677201791997406,3.3677201791997406,19.137429264349237,0.2158883374343947,0.8951811422048251,14.640948362856504,96843
hyperparameter_tuned | XGBoost,hyperparameter-tuning-gate,XGBoost,baseline_eda_onehot,validation_selected_class_weight_or_scale_pos_weight,full_0_5_after_inner_temporal_tuning,without_anomaly_scores,test,valid_global_5pct_fpr,0.8851956725120544,5056,5056,790,4266,638,91149,0.15625,0.84375,0.5532212885154062,0.0447099512655242,0.4467787114845938,0.9552900487344758,0.9552900487344758,0.0522082132936815,0.0147455159381679,10.596441701680671,10.596441701680671,5.4,0.2158883374343947,0.8951811422048251,14.640948362856504,96843
hyperparameter_tuned | LightGBM,hyperparameter-tuning-gate,LightGBM,baseline_eda_onehot,validation_selected_class_weight_or_scale_pos_weight,full_0_5_after_inner_temporal_tuning,without_anomaly_scores,validation,default_0_50,0.5,29758,29758,1247,28511,203,78207,0.041904697896364,0.958095302103636,0.86,0.2671620532618677,0.14,0.7328379467381323,0.7328379467381323,0.2751090895643813,0.0134050735892315,3.126032663485449,3.126032663485449,22.86367281475541,0.1662435822541403,0.8801193735859444,12.401541934666108,108168
hyperparameter_tuned | LightGBM,hyperparameter-tuning-gate,LightGBM,baseline_eda_onehot,validation_selected_class_weight_or_scale_pos_weight,full_0_5_after_inner_temporal_tuning,without_anomaly_scores,validation,valid_global_5pct_fpr,0.9111625673693504,6058,6058,732,5326,718,101392,0.1208319577418289,0.879168042258171,0.5048275862068966,0.0499072321445304,0.4951724137931034,0.9500927678554696,0.9500927678554696,0.0560054729679757,0.0134050735892315,9.013897382771145,9.013897382771145,7.275956284153006,0.1662435822541403,0.8801193735859444,12.401541934666108,108168
hyperparameter_tuned | LightGBM,hyperparameter-tuning-gate,LightGBM,baseline_eda_onehot,validation_selected_class_weight_or_scale_pos_weight,full_0_5_after_inner_temporal_tuning,without_anomaly_scores,test,default_0_50,0.5,23830,23830,1179,22651,249,72764,0.0494754511120436,0.9505245488879565,0.8256302521008403,0.2373945396426138,0.1743697478991596,0.7626054603573862,0.7626054603573862,0.2460683787160662,0.0147455159381679,3.355287893587985,3.355287893587985,19.21204410517388,0.1928512839933402,0.875402799593872,13.078639282750034,96843
hyperparameter_tuned | LightGBM,hyperparameter-tuning-gate,LightGBM,baseline_eda_onehot,validation_selected_class_weight_or_scale_pos_weight,full_0_5_after_inner_temporal_tuning,without_anomaly_scores,test,valid_global_5pct_fpr,0.9111625673693504,4739,4739,712,4027,716,91388,0.1502426672293733,0.8497573327706267,0.4985994397759103,0.0422051040192841,0.5014005602240896,0.9577948959807158,0.9577948959807158,0.048934873971273,0.0147455159381679,10.189041052166806,10.189041052166806,5.655898876404494,0.1928512839933402,0.875402799593872,13.078639282750034,96843
hyperparameter_tuned | Logistic Regression,hyperparameter-tuning-gate,Logistic Regression,baseline_eda_onehot,validation_selected_class_weight_or_scale_pos_weight,full_0_5_after_inner_temporal_tuning,without_anomaly_scores,validation,default_0_50,0.5,11,11,5,6,1445,106712,0.4545454545454545,0.5454545454545454,0.0034482758620689,5.622294270882138e-05,0.996551724137931,0.9999437770572912,0.9999437770572912,0.0001016936617114,0.0134050735892315,33.90846394984326,33.90846394984326,1.2,0.1519659735772999,0.8764678550171867,11.336452020627158,108168
hyperparameter_tuned | Logistic Regression,hyperparameter-tuning-gate,Logistic Regression,baseline_eda_onehot,validation_selected_class_weight_or_scale_pos_weight,full_0_5_after_inner_temporal_tuning,without_anomaly_scores,validation,valid_global_5pct_fpr,0.036975466485959,6054,6054,722,5332,728,101386,0.1192599933927981,0.8807400066072019,0.4979310344827586,0.0499634550872392,0.5020689655172413,0.9500365449127608,0.9500365449127608,0.0559684934546261,0.0134050735892315,8.896631010560132,8.896631010560132,7.3850415512465375,0.1519659735772999,0.8764678550171867,11.336452020627158,108168
hyperparameter_tuned | Logistic Regression,hyperparameter-tuning-gate,Logistic Regression,baseline_eda_onehot,validation_selected_class_weight_or_scale_pos_weight,full_0_5_after_inner_temporal_tuning,without_anomaly_scores,test,default_0_50,0.5,5,5,5,0,1423,95415,1.0,0.0,0.003501400560224,0.0,0.996498599439776,1.0,1.0,5.162995776669455e-05,0.0147455159381679,67.8172268907563,67.8172268907563,0.0,0.183884137462742,0.879595768507057,12.470512271921796,96843
hyperparameter_tuned | Logistic Regression,hyperparameter-tuning-gate,Logistic Regression,baseline_eda_onehot,validation_selected_class_weight_or_scale_pos_weight,full_0_5_after_inner_temporal_tuning,without_anomaly_scores,test,valid_global_5pct_fpr,0.036975466485959,4275,4275,654,3621,774,91794,0.1529824561403509,0.8470175438596491,0.4579831932773109,0.0379500078603993,0.542016806722689,0.9620499921396009,0.9620499921396009,0.0441436138905238,0.0147455159381679,10.374845938375351,10.374845938375351,5.536697247706422,0.183884137462742,0.879595768507057,12.470512271921796,96843
