model,group_attribute,group,feature,mean_abs_shap,mean_shap,n_rows
hyperparameter_tuned | CatBoost,housing_status,BA,device_os,0.46997053837726216,0.07314284824136208,278
hyperparameter_tuned | CatBoost,housing_status,BA,has_other_cards,0.4043132676455751,-0.034019081694945545,278
hyperparameter_tuned | CatBoost,housing_status,BA,housing_status,0.39366399771731175,0.39366399771731175,278
hyperparameter_tuned | CatBoost,housing_status,BA,phone_home_valid,0.358453575374615,-0.028373643562023907,278
hyperparameter_tuned | CatBoost,housing_status,BA,income,0.35111305202103554,0.20039081662424738,278
hyperparameter_tuned | CatBoost,housing_status,BA,name_email_similarity,0.3477114292026067,0.08350021938369832,278
hyperparameter_tuned | CatBoost,housing_status,BA,keep_alive_session,0.3330926753431007,0.03831026766745657,278
hyperparameter_tuned | CatBoost,housing_status,BA,current_address_months_count,0.2830280775842071,0.12884725388225385,278
hyperparameter_tuned | CatBoost,housing_status,BA,prev_address_months_count,0.26080038176241704,0.09074770339294035,278
hyperparameter_tuned | CatBoost,housing_status,BA,customer_age,0.24968418353193628,0.15072398705097895,278
hyperparameter_tuned | CatBoost,housing_status,BA,credit_risk_score,0.2448276078339858,0.17854522623967473,278
hyperparameter_tuned | CatBoost,housing_status,BA,intended_balcon_amount,0.23193576013028416,0.004860140824808311,278
hyperparameter_tuned | CatBoost,housing_status,BA,bank_branch_count_8w,0.2194604161219114,0.011571504342989135,278
hyperparameter_tuned | CatBoost,housing_status,BA,employment_status,0.16013403419344377,0.04935250109714853,278
hyperparameter_tuned | CatBoost,housing_status,BA,email_is_free,0.13164723683156618,-0.024306514412899913,278
hyperparameter_tuned | CatBoost,housing_status,BA,date_of_birth_distinct_emails_4w,0.1260791970877651,0.08651563477555635,278
hyperparameter_tuned | CatBoost,housing_status,BA,email_free__source,0.12127056532621655,-0.022259642720531148,278
hyperparameter_tuned | CatBoost,housing_status,BA,velocity_4w,0.11235165215762945,0.04020692955833343,278
hyperparameter_tuned | CatBoost,housing_status,BA,days_since_request,0.08636861113798254,-0.006666336803613462,278
hyperparameter_tuned | CatBoost,housing_status,BA,velocity_24h,0.08215942807267662,-0.0615080902517612,278
hyperparameter_tuned | CatBoost,housing_status,BB,device_os,0.4260693487869418,-0.10631770208384375,460
hyperparameter_tuned | CatBoost,housing_status,BB,has_other_cards,0.4033573551013031,-0.0033472728798430835,460
hyperparameter_tuned | CatBoost,housing_status,BB,phone_home_valid,0.36654978250762266,-0.06359465678200334,460
hyperparameter_tuned | CatBoost,housing_status,BB,current_address_months_count,0.33652749244627833,0.05828847449007982,460
hyperparameter_tuned | CatBoost,housing_status,BB,keep_alive_session,0.3200954034578583,-0.028589388438988183,460
hyperparameter_tuned | CatBoost,housing_status,BB,name_email_similarity,0.31997792905138467,0.06521839430052666,460
hyperparameter_tuned | CatBoost,housing_status,BB,prev_address_months_count,0.3164865562828334,0.037514217602838934,460
hyperparameter_tuned | CatBoost,housing_status,BB,income,0.29676372568031567,0.07532816700408751,460
hyperparameter_tuned | CatBoost,housing_status,BB,bank_branch_count_8w,0.20990377685295858,0.022595558596070847,460
hyperparameter_tuned | CatBoost,housing_status,BB,intended_balcon_amount,0.20279938295341718,0.07371835131979378,460
hyperparameter_tuned | CatBoost,housing_status,BB,employment_status,0.20197791877468474,-0.013388558836130599,460
hyperparameter_tuned | CatBoost,housing_status,BB,housing_status,0.19988296594774918,-0.19988296594774918,460
hyperparameter_tuned | CatBoost,housing_status,BB,customer_age,0.18646650704784531,0.06083701438899215,460
hyperparameter_tuned | CatBoost,housing_status,BB,email_is_free,0.13676520272561216,-0.023536399159959132,460
hyperparameter_tuned | CatBoost,housing_status,BB,credit_risk_score,0.12958600267153966,0.01697650482857689,460
hyperparameter_tuned | CatBoost,housing_status,BB,email_free__source,0.12429595603895452,-0.025315205241678955,460
hyperparameter_tuned | CatBoost,housing_status,BB,date_of_birth_distinct_emails_4w,0.11410834075124988,0.05913798304833257,460
hyperparameter_tuned | CatBoost,housing_status,BB,velocity_4w,0.11164867430516565,0.015840127436781516,460
hyperparameter_tuned | CatBoost,housing_status,BB,days_since_request,0.09251255484683023,-0.03275402281152575,460
hyperparameter_tuned | CatBoost,housing_status,BB,velocity_24h,0.08639023204462445,-0.06565254796861987,460
hyperparameter_tuned | CatBoost,housing_status,BC,device_os,0.44018105569787547,-0.035177950643581146,450
hyperparameter_tuned | CatBoost,housing_status,BC,has_other_cards,0.4087567809036548,0.006724785821672858,450
hyperparameter_tuned | CatBoost,housing_status,BC,prev_address_months_count,0.3648331264902909,-0.0864228705670977,450
hyperparameter_tuned | CatBoost,housing_status,BC,current_address_months_count,0.36001534342862473,-0.13676085631284235,450
hyperparameter_tuned | CatBoost,housing_status,BC,phone_home_valid,0.3585042466768095,0.00425204072238273,450
hyperparameter_tuned | CatBoost,housing_status,BC,name_email_similarity,0.3406201281266972,0.06379054126959878,450
hyperparameter_tuned | CatBoost,housing_status,BC,keep_alive_session,0.31865974797697194,-0.023506393512224496,450
hyperparameter_tuned | CatBoost,housing_status,BC,income,0.30616670445139604,0.1165000342254378,450
hyperparameter_tuned | CatBoost,housing_status,BC,intended_balcon_amount,0.263643320467939,-0.04847710607206632,450
hyperparameter_tuned | CatBoost,housing_status,BC,customer_age,0.1877502906833221,-0.014221613275045512,450
hyperparameter_tuned | CatBoost,housing_status,BC,employment_status,0.18522076405032492,0.029569443326107846,450
hyperparameter_tuned | CatBoost,housing_status,BC,bank_branch_count_8w,0.18431134493312587,-0.013059683572289305,450
hyperparameter_tuned | CatBoost,housing_status,BC,housing_status,0.18369737738070846,-0.18369737738070846,450
hyperparameter_tuned | CatBoost,housing_status,BC,email_is_free,0.13309935226019795,-0.0017054340578147688,450
hyperparameter_tuned | CatBoost,housing_status,BC,credit_risk_score,0.1220679518071674,0.0027866338928663327,450
hyperparameter_tuned | CatBoost,housing_status,BC,email_free__source,0.12124117719160388,-0.0024213244737128453,450
hyperparameter_tuned | CatBoost,housing_status,BC,velocity_4w,0.11401478691510614,0.02927571943417536,450
hyperparameter_tuned | CatBoost,housing_status,BC,velocity_24h,0.09333421224437703,-0.06830485578366675,450
hyperparameter_tuned | CatBoost,housing_status,BC,days_since_request,0.08926432126749656,-0.002003906913428752,450
hyperparameter_tuned | CatBoost,housing_status,BC,date_of_birth_distinct_emails_4w,0.08026275702557598,0.01860202662624091,450
hyperparameter_tuned | CatBoost,housing_status,BD,device_os,0.4590764447304118,0.035262848960922466,47
hyperparameter_tuned | CatBoost,housing_status,BD,has_other_cards,0.4292554075019402,-0.014794789157778541,47
hyperparameter_tuned | CatBoost,housing_status,BD,phone_home_valid,0.34968824194653586,0.015401130462243959,47
hyperparameter_tuned | CatBoost,housing_status,BD,current_address_months_count,0.3356909271627016,0.07312139923849074,47
hyperparameter_tuned | CatBoost,housing_status,BD,keep_alive_session,0.33181563784556384,0.02296585683582353,47
hyperparameter_tuned | CatBoost,housing_status,BD,name_email_similarity,0.32925872183669325,0.16537160550394167,47
hyperparameter_tuned | CatBoost,housing_status,BD,prev_address_months_count,0.3192007733345246,0.016337531077701032,47
hyperparameter_tuned | CatBoost,housing_status,BD,income,0.30606484693955327,0.054561343919062234,47
hyperparameter_tuned | CatBoost,housing_status,BD,intended_balcon_amount,0.2638731738057097,0.014784572317846984,47
hyperparameter_tuned | CatBoost,housing_status,BD,customer_age,0.20970724155178266,0.07447203549547853,47
hyperparameter_tuned | CatBoost,housing_status,BD,bank_branch_count_8w,0.19534427641602017,-0.03404194728514086,47
hyperparameter_tuned | CatBoost,housing_status,BD,employment_status,0.16441235357644227,0.06969190124451304,47
hyperparameter_tuned | CatBoost,housing_status,BD,email_is_free,0.12720816809786714,0.008127079469093275,47
hyperparameter_tuned | CatBoost,housing_status,BD,credit_risk_score,0.12642011777674364,0.015606220134669552,47
hyperparameter_tuned | CatBoost,housing_status,BD,velocity_4w,0.1202343457173317,0.03616825800181744,47
hyperparameter_tuned | CatBoost,housing_status,BD,email_free__source,0.11897769126649461,0.009648349784997592,47
hyperparameter_tuned | CatBoost,housing_status,BD,date_of_birth_distinct_emails_4w,0.10960046023119766,0.09048655730546197,47
hyperparameter_tuned | CatBoost,housing_status,BD,housing_status,0.10837072649725843,0.08453143667497498,47
hyperparameter_tuned | CatBoost,housing_status,BD,days_since_request,0.10141581443184969,-0.008630489651321856,47
hyperparameter_tuned | CatBoost,housing_status,BD,velocity_24h,0.07908220064040092,-0.05527133324312643,47
hyperparameter_tuned | CatBoost,housing_status,BE,device_os,0.4174726250566044,-0.03203093419693167,260
hyperparameter_tuned | CatBoost,housing_status,BE,phone_home_valid,0.3470484883233015,0.03317956939716438,260
hyperparameter_tuned | CatBoost,housing_status,BE,has_other_cards,0.3295114677357517,0.08974173918957712,260
hyperparameter_tuned | CatBoost,housing_status,BE,keep_alive_session,0.32077839089380733,-0.010340507803306113,260
hyperparameter_tuned | CatBoost,housing_status,BE,housing_status,0.32075662355205986,0.32075662355205986,260
hyperparameter_tuned | CatBoost,housing_status,BE,name_email_similarity,0.3182797986559788,0.014369430963498998,260
hyperparameter_tuned | CatBoost,housing_status,BE,customer_age,0.306724189702454,-0.23406853933798255,260
hyperparameter_tuned | CatBoost,housing_status,BE,income,0.2961876524473353,-0.019726104038335763,260
hyperparameter_tuned | CatBoost,housing_status,BE,current_address_months_count,0.26693616896958705,0.09417925241154428,260
hyperparameter_tuned | CatBoost,housing_status,BE,prev_address_months_count,0.2590630643486989,0.11823429020930783,260
hyperparameter_tuned | CatBoost,housing_status,BE,intended_balcon_amount,0.24027656243564896,-0.030682032499820468,260
hyperparameter_tuned | CatBoost,housing_status,BE,bank_branch_count_8w,0.2006988543389055,-0.004926644604909632,260
hyperparameter_tuned | CatBoost,housing_status,BE,employment_status,0.17081535708115894,0.06521126684757908,260
hyperparameter_tuned | CatBoost,housing_status,BE,email_is_free,0.1300200153728962,-0.027520483772283565,260
hyperparameter_tuned | CatBoost,housing_status,BE,email_free__source,0.12245994247846441,-0.02360052224012847,260
hyperparameter_tuned | CatBoost,housing_status,BE,credit_risk_score,0.11584548109251551,-0.016163721804674683,260
hyperparameter_tuned | CatBoost,housing_status,BE,velocity_4w,0.11205614737862336,0.015746823729452665,260
hyperparameter_tuned | CatBoost,housing_status,BE,days_since_request,0.08847296254508799,-0.009504238105387587,260
hyperparameter_tuned | CatBoost,housing_status,BE,velocity_24h,0.08161962143365828,-0.05616143955591351,260
hyperparameter_tuned | CatBoost,housing_status,BE,date_of_birth_distinct_emails_4w,0.05737048450959258,-0.014026006577376834,260
hyperparameter_tuned | CatBoost,housing_status,BF,name_email_similarity,0.4669695741429235,0.3751688202564605,4
hyperparameter_tuned | CatBoost,housing_status,BF,income,0.39810697357444436,0.23520849524066867,4
hyperparameter_tuned | CatBoost,housing_status,BF,phone_home_valid,0.37487694020512696,-0.2299069909579755,4
hyperparameter_tuned | CatBoost,housing_status,BF,intended_balcon_amount,0.3508158453043726,-0.21742891484457616,4
hyperparameter_tuned | CatBoost,housing_status,BF,device_os,0.32714791312187197,-0.32714791312187197,4
hyperparameter_tuned | CatBoost,housing_status,BF,keep_alive_session,0.2912508741893648,-0.11266842828433923,4
hyperparameter_tuned | CatBoost,housing_status,BF,has_other_cards,0.25418106575818905,0.25418106575818905,4
hyperparameter_tuned | CatBoost,housing_status,BF,prev_address_months_count,0.23172141436486696,0.23172141436486696,4
hyperparameter_tuned | CatBoost,housing_status,BF,current_address_months_count,0.22139233081698592,0.03158988921017555,4
hyperparameter_tuned | CatBoost,housing_status,BF,employment_status,0.17086069873070045,0.0014445610570329726,4
hyperparameter_tuned | CatBoost,housing_status,BF,bank_branch_count_8w,0.14316518159761543,-0.029094222964249242,4
hyperparameter_tuned | CatBoost,housing_status,BF,customer_age,0.13889452048676093,0.1313242022439272,4
hyperparameter_tuned | CatBoost,housing_status,BF,email_is_free,0.13841150342635633,-0.06662577380460763,4
hyperparameter_tuned | CatBoost,housing_status,BF,days_since_request,0.1363989686596782,0.017587998570927972,4
hyperparameter_tuned | CatBoost,housing_status,BF,email_free__source,0.12573182444311895,-0.07340300178696488,4
hyperparameter_tuned | CatBoost,housing_status,BF,velocity_4w,0.1250822823348884,0.05347573584876084,4
hyperparameter_tuned | CatBoost,housing_status,BF,housing_status,0.12428670507289488,0.12428670507289488,4
hyperparameter_tuned | CatBoost,housing_status,BF,date_of_birth_distinct_emails_4w,0.1122755039328821,0.04932117305986928,4
hyperparameter_tuned | CatBoost,housing_status,BF,velocity_24h,0.09082141335058276,-0.09082141335058276,4
hyperparameter_tuned | CatBoost,housing_status,BF,credit_risk_score,0.058463452297597654,-0.039223755527958905,4
hyperparameter_tuned | CatBoost,housing_status,BG,has_other_cards,0.8516354353361519,-0.8516354353361519,1
hyperparameter_tuned | CatBoost,housing_status,BG,customer_age,0.42746333509367024,0.42746333509367024,1
hyperparameter_tuned | CatBoost,housing_status,BG,phone_home_valid,0.422903117466798,-0.422903117466798,1
hyperparameter_tuned | CatBoost,housing_status,BG,current_address_months_count,0.40708035856415076,0.40708035856415076,1
hyperparameter_tuned | CatBoost,housing_status,BG,intended_balcon_amount,0.3889418986163046,-0.3889418986163046,1
hyperparameter_tuned | CatBoost,housing_status,BG,bank_branch_count_8w,0.3487451892641233,0.3487451892641233,1
hyperparameter_tuned | CatBoost,housing_status,BG,keep_alive_session,0.3442540763082573,-0.3442540763082573,1
hyperparameter_tuned | CatBoost,housing_status,BG,income,0.2984573677622648,-0.2984573677622648,1
hyperparameter_tuned | CatBoost,housing_status,BG,device_os,0.27465312335210806,-0.27465312335210806,1
hyperparameter_tuned | CatBoost,housing_status,BG,name_email_similarity,0.22397392143233433,-0.22397392143233433,1
hyperparameter_tuned | CatBoost,housing_status,BG,prev_address_months_count,0.20947528360115858,0.20947528360115858,1
hyperparameter_tuned | CatBoost,housing_status,BG,housing_status,0.18576303102474323,0.18576303102474323,1
hyperparameter_tuned | CatBoost,housing_status,BG,employment_status,0.1272135190598924,0.1272135190598924,1
hyperparameter_tuned | CatBoost,housing_status,BG,email_is_free,0.11760208593272412,-0.11760208593272412,1
hyperparameter_tuned | CatBoost,housing_status,BG,velocity_4w,0.10874180274603708,0.10874180274603708,1
hyperparameter_tuned | CatBoost,housing_status,BG,email_free__source,0.10527615808340976,-0.10527615808340976,1
hyperparameter_tuned | CatBoost,housing_status,BG,credit_risk_score,0.0942800288160659,-0.0942800288160659,1
hyperparameter_tuned | CatBoost,housing_status,BG,days_since_request,0.04917744711134671,-0.04917744711134671,1
hyperparameter_tuned | CatBoost,housing_status,BG,velocity_24h,0.04566514568502233,0.04566514568502233,1
hyperparameter_tuned | CatBoost,housing_status,BG,date_of_birth_distinct_emails_4w,0.01040890262649073,0.01040890262649073,1
hyperparameter_tuned | CatBoost,device_os,linux,has_other_cards,0.40662869209756103,-0.01231732552296145,434
hyperparameter_tuned | CatBoost,device_os,linux,phone_home_valid,0.36660083800096754,-0.04685144310947029,434
hyperparameter_tuned | CatBoost,device_os,linux,name_email_similarity,0.34487487380827353,0.08277568562760844,434
hyperparameter_tuned | CatBoost,device_os,linux,device_os,0.34172512929269566,-0.34172512929269566,434
hyperparameter_tuned | CatBoost,device_os,linux,prev_address_months_count,0.332658813195577,-0.0019350152508392352,434
hyperparameter_tuned | CatBoost,device_os,linux,current_address_months_count,0.3311567233079273,-0.01764985537929259,434
hyperparameter_tuned | CatBoost,device_os,linux,keep_alive_session,0.3214443772663747,-0.03821501049451528,434
hyperparameter_tuned | CatBoost,device_os,linux,income,0.31456201513086884,0.06473532824896105,434
hyperparameter_tuned | CatBoost,device_os,linux,housing_status,0.2417998081588677,-0.02513157799259523,434
hyperparameter_tuned | CatBoost,device_os,linux,intended_balcon_amount,0.2332787063584788,0.022281333918383262,434
hyperparameter_tuned | CatBoost,device_os,linux,customer_age,0.19387516619503573,0.005607220910345843,434
hyperparameter_tuned | CatBoost,device_os,linux,bank_branch_count_8w,0.193632662526029,0.009618552328069846,434
hyperparameter_tuned | CatBoost,device_os,linux,employment_status,0.19129675524327536,0.01777089796119616,434
hyperparameter_tuned | CatBoost,device_os,linux,email_is_free,0.13145702758414798,0.015250497554862656,434
hyperparameter_tuned | CatBoost,device_os,linux,credit_risk_score,0.13035922657897644,0.01633942142382598,434
hyperparameter_tuned | CatBoost,device_os,linux,email_free__source,0.12055787732766496,0.015706914143878484,434
hyperparameter_tuned | CatBoost,device_os,linux,velocity_4w,0.11340517219919552,0.01231360868353509,434
hyperparameter_tuned | CatBoost,device_os,linux,date_of_birth_distinct_emails_4w,0.09699029976280851,0.04391194039674922,434
hyperparameter_tuned | CatBoost,device_os,linux,velocity_24h,0.08965797434468915,-0.06857664056228463,434
hyperparameter_tuned | CatBoost,device_os,linux,days_since_request,0.08875500013817418,-0.009053833903828051,434
hyperparameter_tuned | CatBoost,device_os,macintosh,device_os,0.44619233391752894,0.44619233391752894,95
hyperparameter_tuned | CatBoost,device_os,macintosh,has_other_cards,0.35427081360807605,0.07899110476505519,95
hyperparameter_tuned | CatBoost,device_os,macintosh,keep_alive_session,0.34593564589609727,0.01198873137565076,95
hyperparameter_tuned | CatBoost,device_os,macintosh,phone_home_valid,0.3426522661030382,0.048878920596861324,95
hyperparameter_tuned | CatBoost,device_os,macintosh,name_email_similarity,0.3272442757999347,0.03685966381066836,95
hyperparameter_tuned | CatBoost,device_os,macintosh,prev_address_months_count,0.3184163324690788,-0.02550387715576395,95
hyperparameter_tuned | CatBoost,device_os,macintosh,current_address_months_count,0.31800578782496636,-0.08106150184659713,95
hyperparameter_tuned | CatBoost,device_os,macintosh,income,0.30316388677344414,0.09194196332252537,95
hyperparameter_tuned | CatBoost,device_os,macintosh,intended_balcon_amount,0.24611595131038216,-0.046421974904669754,95
hyperparameter_tuned | CatBoost,device_os,macintosh,customer_age,0.2418578823148914,-0.09744899946021718,95
hyperparameter_tuned | CatBoost,device_os,macintosh,housing_status,0.23116464309696638,0.06400629181816937,95
hyperparameter_tuned | CatBoost,device_os,macintosh,bank_branch_count_8w,0.21007922286283026,0.0060990003620248635,95
hyperparameter_tuned | CatBoost,device_os,macintosh,employment_status,0.1935904791888225,-0.006407578900904867,95
hyperparameter_tuned | CatBoost,device_os,macintosh,email_is_free,0.13780352727924236,-0.027066107469727943,95
hyperparameter_tuned | CatBoost,device_os,macintosh,email_free__source,0.12142149227884312,-0.026733508777920325,95
hyperparameter_tuned | CatBoost,device_os,macintosh,credit_risk_score,0.11874100615857888,0.02224415860206682,95
hyperparameter_tuned | CatBoost,device_os,macintosh,velocity_4w,0.1056073250949088,0.009900797144402437,95
hyperparameter_tuned | CatBoost,device_os,macintosh,date_of_birth_distinct_emails_4w,0.08862097851062725,0.03349027998584322,95
hyperparameter_tuned | CatBoost,device_os,macintosh,velocity_24h,0.08600705708921975,-0.059821150515384905,95
hyperparameter_tuned | CatBoost,device_os,macintosh,days_since_request,0.06913245459353855,-0.006714709309697285,95
hyperparameter_tuned | CatBoost,device_os,other,has_other_cards,0.39396205569644266,0.006259705985136895,611
hyperparameter_tuned | CatBoost,device_os,other,phone_home_valid,0.35784264932015625,-0.004656271513213044,611
hyperparameter_tuned | CatBoost,device_os,other,device_os,0.33753431738518963,-0.33753431738518963,611
hyperparameter_tuned | CatBoost,device_os,other,name_email_similarity,0.3302659630142378,0.07559078689891487,611
hyperparameter_tuned | CatBoost,device_os,other,keep_alive_session,0.32233657657965376,-0.003374253813018566,611
hyperparameter_tuned | CatBoost,device_os,other,current_address_months_count,0.31642814717144124,0.047397740845221754,611
hyperparameter_tuned | CatBoost,device_os,other,income,0.31115337380147756,0.09263785375110403,611
hyperparameter_tuned | CatBoost,device_os,other,prev_address_months_count,0.30829506357804515,0.04363926841651983,611
hyperparameter_tuned | CatBoost,device_os,other,housing_status,0.25429193871504646,0.016526439619937456,611
hyperparameter_tuned | CatBoost,device_os,other,intended_balcon_amount,0.2423254974780041,-0.01745404838947303,611
hyperparameter_tuned | CatBoost,device_os,other,customer_age,0.22619399325504416,-0.017402457432804736,611
hyperparameter_tuned | CatBoost,device_os,other,bank_branch_count_8w,0.20365079641238512,0.007442401398851022,611
hyperparameter_tuned | CatBoost,device_os,other,employment_status,0.1849650363526241,0.033001742945182176,611
hyperparameter_tuned | CatBoost,device_os,other,email_is_free,0.13394724972915836,-0.03892055936720087,611
hyperparameter_tuned | CatBoost,device_os,other,credit_risk_score,0.12834341653094547,0.014129933473652845,611
hyperparameter_tuned | CatBoost,device_os,other,email_free__source,0.1248027405130489,-0.039730693939106346,611
hyperparameter_tuned | CatBoost,device_os,other,velocity_4w,0.11378098977975296,0.033172104987705474,611
hyperparameter_tuned | CatBoost,device_os,other,date_of_birth_distinct_emails_4w,0.09582876375903605,0.03430939385872539,611
hyperparameter_tuned | CatBoost,device_os,other,days_since_request,0.09492127939710959,-0.02239601611434092,611
hyperparameter_tuned | CatBoost,device_os,other,velocity_24h,0.08890169261491958,-0.06351310292578873,611
hyperparameter_tuned | CatBoost,device_os,windows,device_os,0.7256978895390335,0.7256978895390335,354
hyperparameter_tuned | CatBoost,device_os,windows,has_other_cards,0.3877999862928899,0.020827105926882142,354
hyperparameter_tuned | CatBoost,device_os,windows,phone_home_valid,0.3548801091708061,-0.02338202338260742,354
hyperparameter_tuned | CatBoost,device_os,windows,name_email_similarity,0.3188252134888745,0.026196159013035708,354
hyperparameter_tuned | CatBoost,device_os,windows,current_address_months_count,0.3177599013822075,0.04613815674627065,354
hyperparameter_tuned | CatBoost,device_os,windows,keep_alive_session,0.3172855289022589,0.004813032558355197,354
hyperparameter_tuned | CatBoost,device_os,windows,income,0.3050231707254471,0.1309691598364136,354
hyperparameter_tuned | CatBoost,device_os,windows,prev_address_months_count,0.2850608266135087,0.03714401328009797,354
hyperparameter_tuned | CatBoost,device_os,windows,housing_status,0.25323323064626657,0.049839354804793706,354
hyperparameter_tuned | CatBoost,device_os,windows,customer_age,0.2363008173234234,0.06993005025515683,354
hyperparameter_tuned | CatBoost,device_os,windows,intended_balcon_amount,0.22204932074520603,0.031334679394638715,354
hyperparameter_tuned | CatBoost,device_os,windows,bank_branch_count_8w,0.20786262720774673,-0.009741650407666442,354
hyperparameter_tuned | CatBoost,device_os,windows,credit_risk_score,0.20354258389108346,0.10584779871962466,354
hyperparameter_tuned | CatBoost,device_os,windows,employment_status,0.16457088886433402,0.03887212168742406,354
hyperparameter_tuned | CatBoost,device_os,windows,email_is_free,0.1327546246786122,-0.016122492676748524,354
hyperparameter_tuned | CatBoost,device_os,windows,email_free__source,0.12042454417324047,-0.014090355073029569,354
hyperparameter_tuned | CatBoost,device_os,windows,velocity_4w,0.11206073005973372,0.029233572046168353,354
hyperparameter_tuned | CatBoost,device_os,windows,date_of_birth_distinct_emails_4w,0.09872620037370856,0.04913160562197885,354
hyperparameter_tuned | CatBoost,device_os,windows,days_since_request,0.08999951185373962,-0.0064343895780326855,354
hyperparameter_tuned | CatBoost,device_os,windows,velocity_24h,0.07884766782342872,-0.058706691858159195,354
hyperparameter_tuned | CatBoost,device_os,x11,device_os,0.43340111890636773,0.43340111890636773,6
hyperparameter_tuned | CatBoost,device_os,x11,phone_home_valid,0.3756872954595234,-0.0679565977296616,6
hyperparameter_tuned | CatBoost,device_os,x11,current_address_months_count,0.367952176181013,-0.06424107067182337,6
hyperparameter_tuned | CatBoost,device_os,x11,keep_alive_session,0.3516730824212184,0.053572455020874765,6
hyperparameter_tuned | CatBoost,device_os,x11,name_email_similarity,0.33865195388551994,-0.030206983871473057,6
hyperparameter_tuned | CatBoost,device_os,x11,prev_address_months_count,0.30885499672010414,-0.051776418917422,6
hyperparameter_tuned | CatBoost,device_os,x11,intended_balcon_amount,0.2968649884007901,-0.13038538823431836,6
hyperparameter_tuned | CatBoost,device_os,x11,income,0.2945140571103783,0.17802696209884586,6
hyperparameter_tuned | CatBoost,device_os,x11,has_other_cards,0.2459629632752118,0.2459629632752118,6
hyperparameter_tuned | CatBoost,device_os,x11,housing_status,0.21715593401449929,-0.005510395985594355,6
hyperparameter_tuned | CatBoost,device_os,x11,customer_age,0.21477633401842974,-0.03608676590530599,6
hyperparameter_tuned | CatBoost,device_os,x11,employment_status,0.17347642833469498,0.0337170838098076,6
hyperparameter_tuned | CatBoost,device_os,x11,email_is_free,0.14654630390737525,-0.01141162025650846,6
hyperparameter_tuned | CatBoost,device_os,x11,velocity_4w,0.14221054603253203,0.14221054603253203,6
hyperparameter_tuned | CatBoost,device_os,x11,bank_branch_count_8w,0.13033649028446567,-0.1278621705693909,6
hyperparameter_tuned | CatBoost,device_os,x11,email_free__source,0.1242838411857005,-0.0030000533858223163,6
hyperparameter_tuned | CatBoost,device_os,x11,credit_risk_score,0.11061947655951454,-0.05491901175581566,6
hyperparameter_tuned | CatBoost,device_os,x11,velocity_24h,0.10231652839295903,-0.08666793407469975,6
hyperparameter_tuned | CatBoost,device_os,x11,date_of_birth_distinct_emails_4w,0.028653345761477895,-0.02590933982587112,6
hyperparameter_tuned | CatBoost,device_os,x11,days_since_request,0.02591640063880805,-0.02473492573689584,6
hyperparameter_tuned | CatBoost,employment_status,CA,device_os,0.4380298198270945,-0.03145362980839687,1170
hyperparameter_tuned | CatBoost,employment_status,CA,has_other_cards,0.3962089955319993,0.0057975328481138285,1170
hyperparameter_tuned | CatBoost,employment_status,CA,phone_home_valid,0.36172774071300823,-0.00648697679016265,1170
hyperparameter_tuned | CatBoost,employment_status,CA,name_email_similarity,0.3272088486017429,0.051694553954833536,1170
hyperparameter_tuned | CatBoost,employment_status,CA,current_address_months_count,0.32510767303863675,0.013069762397104001,1170
hyperparameter_tuned | CatBoost,employment_status,CA,keep_alive_session,0.3211741485127403,-0.015348320886640796,1170
hyperparameter_tuned | CatBoost,employment_status,CA,prev_address_months_count,0.31139411811962275,0.0071871792163387465,1170
hyperparameter_tuned | CatBoost,employment_status,CA,income,0.30224160847017356,0.09830006694409889,1170
hyperparameter_tuned | CatBoost,employment_status,CA,housing_status,0.252174671510052,0.0302928533126527,1170
hyperparameter_tuned | CatBoost,employment_status,CA,intended_balcon_amount,0.23565128026373258,0.005142691207651037,1170
hyperparameter_tuned | CatBoost,employment_status,CA,customer_age,0.2131705492231733,-0.01468882091346651,1170
hyperparameter_tuned | CatBoost,employment_status,CA,bank_branch_count_8w,0.20530528798144096,0.008756616008956846,1170
hyperparameter_tuned | CatBoost,employment_status,CA,credit_risk_score,0.15296106684962416,0.045888506850130364,1170
hyperparameter_tuned | CatBoost,employment_status,CA,employment_status,0.13459719058856487,0.13459719058856487,1170
hyperparameter_tuned | CatBoost,employment_status,CA,email_is_free,0.13316027970721198,-0.018675083227070736,1170
hyperparameter_tuned | CatBoost,employment_status,CA,email_free__source,0.12149180145782554,-0.017483419961179674,1170
hyperparameter_tuned | CatBoost,employment_status,CA,velocity_4w,0.11469607668900365,0.026046053276185737,1170
hyperparameter_tuned | CatBoost,employment_status,CA,days_since_request,0.09010822795285275,-0.013134833186738425,1170
hyperparameter_tuned | CatBoost,employment_status,CA,velocity_24h,0.08660775225111282,-0.06388552842761362,1170
hyperparameter_tuned | CatBoost,employment_status,CA,date_of_birth_distinct_emails_4w,0.08504178244971206,0.03097435904852734,1170
hyperparameter_tuned | CatBoost,employment_status,CB,device_os,0.4331974397749603,-0.040787786424116304,166
hyperparameter_tuned | CatBoost,employment_status,CB,has_other_cards,0.38114649783834725,0.023176968894612394,166
hyperparameter_tuned | CatBoost,employment_status,CB,name_email_similarity,0.35337822248782197,0.1405229516869111,166
hyperparameter_tuned | CatBoost,employment_status,CB,income,0.3508962833959519,0.15851964945748007,166
hyperparameter_tuned | CatBoost,employment_status,CB,phone_home_valid,0.3435489225150773,-0.030477358876791757,166
hyperparameter_tuned | CatBoost,employment_status,CB,employment_status,0.32829029008615906,-0.32829029008615906,166
hyperparameter_tuned | CatBoost,employment_status,CB,keep_alive_session,0.3252321811100525,0.01869738585389596,166
hyperparameter_tuned | CatBoost,employment_status,CB,prev_address_months_count,0.3011772249850471,0.10205728015449131,166
hyperparameter_tuned | CatBoost,employment_status,CB,current_address_months_count,0.2982855840771994,0.04955949457075912,166
hyperparameter_tuned | CatBoost,employment_status,CB,intended_balcon_amount,0.24586001068549346,-0.02398160560796387,166
hyperparameter_tuned | CatBoost,employment_status,CB,housing_status,0.24083839667356494,-0.0037128357142985017,166
hyperparameter_tuned | CatBoost,employment_status,CB,bank_branch_count_8w,0.1820172607648102,-0.04469679651780042,166
hyperparameter_tuned | CatBoost,employment_status,CB,customer_age,0.17624050251148926,0.020498284863121507,166
hyperparameter_tuned | CatBoost,employment_status,CB,email_is_free,0.13300664996681463,-0.012748516499406885,166
hyperparameter_tuned | CatBoost,employment_status,CB,credit_risk_score,0.1254642974372783,0.011941987839942944,166
hyperparameter_tuned | CatBoost,employment_status,CB,email_free__source,0.12379070625293948,-0.014614013362197337,166
hyperparameter_tuned | CatBoost,employment_status,CB,velocity_4w,0.11192061771718202,0.032083992745677865,166
hyperparameter_tuned | CatBoost,employment_status,CB,date_of_birth_distinct_emails_4w,0.10871396893960968,0.03571415011699808,166
hyperparameter_tuned | CatBoost,employment_status,CB,days_since_request,0.08778319056972396,-0.007144494102013575,166
hyperparameter_tuned | CatBoost,employment_status,CB,velocity_24h,0.08241120178077947,-0.061928862610646125,166
hyperparameter_tuned | CatBoost,employment_status,CC,device_os,0.4955825082550442,0.06392524346250827,51
hyperparameter_tuned | CatBoost,employment_status,CC,customer_age,0.4912006922164549,0.4702408617435855,51
hyperparameter_tuned | CatBoost,employment_status,CC,has_other_cards,0.41500675630501227,-0.027965555390922887,51
hyperparameter_tuned | CatBoost,employment_status,CC,phone_home_valid,0.3748798570847332,-0.20724278755460848,51
hyperparameter_tuned | CatBoost,employment_status,CC,date_of_birth_distinct_emails_4w,0.36165344970802615,0.3550888892937091,51
hyperparameter_tuned | CatBoost,employment_status,CC,keep_alive_session,0.33505505941827185,0.021360045557620444,51
hyperparameter_tuned | CatBoost,employment_status,CC,income,0.31788227883619924,0.06629881596295194,51
hyperparameter_tuned | CatBoost,employment_status,CC,name_email_similarity,0.3131063676472793,0.0688159966420681,51
hyperparameter_tuned | CatBoost,employment_status,CC,employment_status,0.3090180587024425,-0.3090180587024425,51
hyperparameter_tuned | CatBoost,employment_status,CC,current_address_months_count,0.2880841287789929,0.12864510664946074,51
hyperparameter_tuned | CatBoost,employment_status,CC,prev_address_months_count,0.2620929942802686,0.13680479965081763,51
hyperparameter_tuned | CatBoost,employment_status,CC,housing_status,0.26049711405771725,-0.058585508794071185,51
hyperparameter_tuned | CatBoost,employment_status,CC,intended_balcon_amount,0.21040150122028003,0.03740529058149151,51
hyperparameter_tuned | CatBoost,employment_status,CC,bank_branch_count_8w,0.19818407761269607,0.03390642915776204,51
hyperparameter_tuned | CatBoost,employment_status,CC,credit_risk_score,0.14287432303254546,0.031052506005291997,51
hyperparameter_tuned | CatBoost,employment_status,CC,email_is_free,0.13364848401604598,-0.023719795777307685,51
hyperparameter_tuned | CatBoost,employment_status,CC,email_free__source,0.13280795746064977,-0.02935072880013944,51
hyperparameter_tuned | CatBoost,employment_status,CC,days_since_request,0.11480456757101712,-0.010215339490572852,51
hyperparameter_tuned | CatBoost,employment_status,CC,velocity_4w,0.10185957508114697,0.008808995698976706,51
hyperparameter_tuned | CatBoost,employment_status,CC,velocity_24h,0.07928801063244087,-0.050202585045353264,51
hyperparameter_tuned | CatBoost,employment_status,CD,device_os,0.4289510868017346,-0.1089359488028298,27
hyperparameter_tuned | CatBoost,employment_status,CD,employment_status,0.4002059108715262,-0.4002059108715262,27
hyperparameter_tuned | CatBoost,employment_status,CD,has_other_cards,0.3859482473002099,0.03647297072335293,27
hyperparameter_tuned | CatBoost,employment_status,CD,income,0.3629111305930015,-0.05600223653703624,27
hyperparameter_tuned | CatBoost,employment_status,CD,name_email_similarity,0.3319011999963645,0.02588323891304192,27
hyperparameter_tuned | CatBoost,employment_status,CD,phone_home_valid,0.3258325342515552,0.023519351711481427,27
hyperparameter_tuned | CatBoost,employment_status,CD,keep_alive_session,0.32412939257792034,-0.035889113134280407,27
hyperparameter_tuned | CatBoost,employment_status,CD,current_address_months_count,0.3238951213642609,-0.02447826736429637,27
hyperparameter_tuned | CatBoost,employment_status,CD,prev_address_months_count,0.32033341097551715,0.07979641900477387,27
hyperparameter_tuned | CatBoost,employment_status,CD,customer_age,0.25968505197831765,0.062304569805229304,27
hyperparameter_tuned | CatBoost,employment_status,CD,intended_balcon_amount,0.21859388662296378,-0.008345345937937758,27
hyperparameter_tuned | CatBoost,employment_status,CD,bank_branch_count_8w,0.214441558761342,0.021340404758413516,27
hyperparameter_tuned | CatBoost,employment_status,CD,housing_status,0.21441612954127218,-0.1342128913794246,27
hyperparameter_tuned | CatBoost,employment_status,CD,email_is_free,0.13380582035448252,-0.02392785338965717,27
hyperparameter_tuned | CatBoost,employment_status,CD,email_free__source,0.12976285671383309,-0.026174254477475255,27
hyperparameter_tuned | CatBoost,employment_status,CD,velocity_24h,0.09817628681303454,-0.06250942798127303,27
hyperparameter_tuned | CatBoost,employment_status,CD,credit_risk_score,0.09380324443660157,-0.03869495156961495,27
hyperparameter_tuned | CatBoost,employment_status,CD,velocity_4w,0.09295929573900209,0.015044321247649504,27
hyperparameter_tuned | CatBoost,employment_status,CD,days_since_request,0.08246247381168857,-0.01063526733892736,27
hyperparameter_tuned | CatBoost,employment_status,CD,date_of_birth_distinct_emails_4w,0.07322115670703111,0.03001960863848309,27
hyperparameter_tuned | CatBoost,employment_status,CE,employment_status,0.44705735865488655,-0.44705735865488655,32
hyperparameter_tuned | CatBoost,employment_status,CE,device_os,0.4239615579186327,-0.011077106218611283,32
hyperparameter_tuned | CatBoost,employment_status,CE,prev_address_months_count,0.40069665203583665,-0.10419599414566305,32
hyperparameter_tuned | CatBoost,employment_status,CE,name_email_similarity,0.3563919802137324,0.05393483627899852,32
hyperparameter_tuned | CatBoost,employment_status,CE,income,0.35244634899100474,-0.15113077042930445,32
hyperparameter_tuned | CatBoost,employment_status,CE,has_other_cards,0.34559360771021747,0.07673801357774805,32
hyperparameter_tuned | CatBoost,employment_status,CE,keep_alive_session,0.3440901320550604,0.03221399413058898,32
hyperparameter_tuned | CatBoost,employment_status,CE,phone_home_valid,0.3416845571591576,0.0020823647284139504,32
hyperparameter_tuned | CatBoost,employment_status,CE,current_address_months_count,0.33449016661872805,-0.035243731754923194,32
hyperparameter_tuned | CatBoost,employment_status,CE,customer_age,0.27057454032076766,-0.15394273226848876,32
hyperparameter_tuned | CatBoost,employment_status,CE,intended_balcon_amount,0.26568653954020766,-0.09197948963175662,32
hyperparameter_tuned | CatBoost,employment_status,CE,housing_status,0.2455264759948077,0.05940799501858854,32
hyperparameter_tuned | CatBoost,employment_status,CE,bank_branch_count_8w,0.19114161703499177,0.025499004220698035,32
hyperparameter_tuned | CatBoost,employment_status,CE,email_is_free,0.12985470423652978,0.04301268001967205,32
hyperparameter_tuned | CatBoost,employment_status,CE,email_free__source,0.11998072202659686,0.03747432512057153,32
hyperparameter_tuned | CatBoost,employment_status,CE,velocity_4w,0.10250722045848883,0.018686157288947045,32
hyperparameter_tuned | CatBoost,employment_status,CE,credit_risk_score,0.0968952738152294,-0.02699619305614756,32
hyperparameter_tuned | CatBoost,employment_status,CE,days_since_request,0.09142837662102447,-0.019243706576066107,32
hyperparameter_tuned | CatBoost,employment_status,CE,velocity_24h,0.08492271124734474,-0.05113187472566057,32
hyperparameter_tuned | CatBoost,employment_status,CE,date_of_birth_distinct_emails_4w,0.04662577227942824,-0.0318409349271591,32
hyperparameter_tuned | CatBoost,employment_status,CF,device_os,0.4003571631071514,-0.16357015614941398,53
hyperparameter_tuned | CatBoost,employment_status,CF,employment_status,0.3881560419120698,-0.3881560419120698,53
hyperparameter_tuned | CatBoost,employment_status,CF,name_email_similarity,0.36618367279065045,0.09765920418290942,53
hyperparameter_tuned | CatBoost,employment_status,CF,has_other_cards,0.36148438289224505,0.05941445172091341,53
hyperparameter_tuned | CatBoost,employment_status,CF,phone_home_valid,0.3538064607762652,-0.08255783447968568,53
hyperparameter_tuned | CatBoost,employment_status,CF,current_address_months_count,0.33424903916166226,0.01959922150667505,53
hyperparameter_tuned | CatBoost,employment_status,CF,keep_alive_session,0.3162943112967834,-0.02658133324610928,53
hyperparameter_tuned | CatBoost,employment_status,CF,prev_address_months_count,0.3089997439243809,0.09201140483354062,53
hyperparameter_tuned | CatBoost,employment_status,CF,income,0.2907811693821295,0.0357645684319365,53
hyperparameter_tuned | CatBoost,employment_status,CF,intended_balcon_amount,0.21278972681367703,0.07540267026996522,53
hyperparameter_tuned | CatBoost,employment_status,CF,housing_status,0.2078156368244651,-0.13173792330414702,53
hyperparameter_tuned | CatBoost,employment_status,CF,customer_age,0.19799241505466753,-0.004816174549702382,53
hyperparameter_tuned | CatBoost,employment_status,CF,bank_branch_count_8w,0.19111122069211803,-0.02050662839621519,53
hyperparameter_tuned | CatBoost,employment_status,CF,email_is_free,0.13689590618583095,-0.017355210107036063,53
hyperparameter_tuned | CatBoost,employment_status,CF,email_free__source,0.12311831465113496,-0.01824295135916482,53
hyperparameter_tuned | CatBoost,employment_status,CF,credit_risk_score,0.11559373667882332,-0.009857763147419301,53
hyperparameter_tuned | CatBoost,employment_status,CF,velocity_24h,0.1019724948040248,-0.08573765506963446,53
hyperparameter_tuned | CatBoost,employment_status,CF,velocity_4w,0.10108909779685253,0.0061129422046130545,53
hyperparameter_tuned | CatBoost,employment_status,CF,date_of_birth_distinct_emails_4w,0.08420478455341887,0.0020048284040026392,53
hyperparameter_tuned | CatBoost,employment_status,CF,days_since_request,0.07393692137743856,-0.04763730231791088,53
hyperparameter_tuned | CatBoost,employment_status,CG,has_other_cards,0.961910218687477,-0.961910218687477,1
hyperparameter_tuned | CatBoost,employment_status,CG,income,0.6087351369942162,0.6087351369942162,1
hyperparameter_tuned | CatBoost,employment_status,CG,customer_age,0.3818171613589272,0.3818171613589272,1
hyperparameter_tuned | CatBoost,employment_status,CG,device_os,0.380154404728841,-0.380154404728841,1
hyperparameter_tuned | CatBoost,employment_status,CG,keep_alive_session,0.3714299312292823,-0.3714299312292823,1
hyperparameter_tuned | CatBoost,employment_status,CG,phone_home_valid,0.3276929679755842,-0.3276929679755842,1
hyperparameter_tuned | CatBoost,employment_status,CG,employment_status,0.3079903093802138,-0.3079903093802138,1
hyperparameter_tuned | CatBoost,employment_status,CG,date_of_birth_distinct_emails_4w,0.2635729485908387,0.2635729485908387,1
hyperparameter_tuned | CatBoost,employment_status,CG,housing_status,0.25242783025810556,-0.25242783025810556,1
hyperparameter_tuned | CatBoost,employment_status,CG,bank_branch_count_8w,0.22533857763177928,0.22533857763177928,1
hyperparameter_tuned | CatBoost,employment_status,CG,current_address_months_count,0.21715616319922118,0.21715616319922118,1
hyperparameter_tuned | CatBoost,employment_status,CG,name_email_similarity,0.2152691621838837,-0.2152691621838837,1
hyperparameter_tuned | CatBoost,employment_status,CG,prev_address_months_count,0.21486131388304452,0.21486131388304452,1
hyperparameter_tuned | CatBoost,employment_status,CG,velocity_4w,0.1775622720543192,0.1775622720543192,1
hyperparameter_tuned | CatBoost,employment_status,CG,days_since_request,0.17495959471800956,-0.17495959471800956,1
hyperparameter_tuned | CatBoost,employment_status,CG,credit_risk_score,0.15400250838754606,0.15400250838754606,1
hyperparameter_tuned | CatBoost,employment_status,CG,email_free__source,0.15150497783917868,-0.15150497783917868,1
hyperparameter_tuned | CatBoost,employment_status,CG,email_is_free,0.14357505750037597,-0.14357505750037597,1
hyperparameter_tuned | CatBoost,employment_status,CG,intended_balcon_amount,0.13440639750947395,0.13440639750947395,1
hyperparameter_tuned | CatBoost,employment_status,CG,velocity_24h,0.09929215649220607,-0.09929215649220607,1
hyperparameter_tuned | CatBoost,payment_type,AA,has_other_cards,0.45021862510020105,-0.09032280313157603,415
hyperparameter_tuned | CatBoost,payment_type,AA,device_os,0.4211071883626227,-0.05316437039444061,415
hyperparameter_tuned | CatBoost,payment_type,AA,intended_balcon_amount,0.40726932720821596,-0.3848033812873492,415
hyperparameter_tuned | CatBoost,payment_type,AA,phone_home_valid,0.36842114739438137,-0.04968047754491553,415
hyperparameter_tuned | CatBoost,payment_type,AA,name_email_similarity,0.33325941210891025,0.054539000188190564,415
hyperparameter_tuned | CatBoost,payment_type,AA,keep_alive_session,0.3234456260236825,-0.020851675631556613,415
hyperparameter_tuned | CatBoost,payment_type,AA,current_address_months_count,0.31878534653509993,0.02419393650478709,415
hyperparameter_tuned | CatBoost,payment_type,AA,prev_address_months_count,0.3131080779627352,0.02756568351406377,415
hyperparameter_tuned | CatBoost,payment_type,AA,income,0.3030390338330876,0.09995680237978631,415
hyperparameter_tuned | CatBoost,payment_type,AA,housing_status,0.24696776851982138,0.034901404721357,415
hyperparameter_tuned | CatBoost,payment_type,AA,customer_age,0.23317427793524467,0.00892183347776295,415
hyperparameter_tuned | CatBoost,payment_type,AA,bank_branch_count_8w,0.1930323824309681,-0.06754493840358992,415
hyperparameter_tuned | CatBoost,payment_type,AA,employment_status,0.17972708435741758,0.013025942714439503,415
hyperparameter_tuned | CatBoost,payment_type,AA,email_is_free,0.1253940761614314,-0.008407281532977684,415
hyperparameter_tuned | CatBoost,payment_type,AA,credit_risk_score,0.11985179127352591,-0.0013464998062378073,415
hyperparameter_tuned | CatBoost,payment_type,AA,email_free__source,0.11678037423265325,-0.007729688962449295,415
hyperparameter_tuned | CatBoost,payment_type,AA,velocity_4w,0.11223565680691978,0.001691213857483756,415
hyperparameter_tuned | CatBoost,payment_type,AA,date_of_birth_distinct_emails_4w,0.0985254903842915,0.04233711720446923,415
hyperparameter_tuned | CatBoost,payment_type,AA,days_since_request,0.09161581726757326,0.006648230743286437,415
hyperparameter_tuned | CatBoost,payment_type,AA,velocity_24h,0.08813412314336304,-0.05446344496358934,415
hyperparameter_tuned | CatBoost,payment_type,AB,device_os,0.4497103334362236,-0.005054803613695799,575
hyperparameter_tuned | CatBoost,payment_type,AB,has_other_cards,0.3815857169807699,0.042217155913135705,575
hyperparameter_tuned | CatBoost,payment_type,AB,phone_home_valid,0.3606130228386707,-0.04503888372666728,575
hyperparameter_tuned | CatBoost,payment_type,AB,name_email_similarity,0.35023784314026196,0.09702555877970281,575
hyperparameter_tuned | CatBoost,payment_type,AB,current_address_months_count,0.319607198227201,0.026589100167566194,575
hyperparameter_tuned | CatBoost,payment_type,AB,keep_alive_session,0.3191888180312249,-0.013013192436926236,575
hyperparameter_tuned | CatBoost,payment_type,AB,income,0.3050368662078827,0.08830032819583293,575
hyperparameter_tuned | CatBoost,payment_type,AB,prev_address_months_count,0.30227114235062336,0.03158691405658703,575
hyperparameter_tuned | CatBoost,payment_type,AB,housing_status,0.24293306448744123,0.008910326281873172,575
hyperparameter_tuned | CatBoost,payment_type,AB,customer_age,0.2120968573011489,0.02339913477588067,575
hyperparameter_tuned | CatBoost,payment_type,AB,intended_balcon_amount,0.1855128777507272,0.1695090613046196,575
hyperparameter_tuned | CatBoost,payment_type,AB,employment_status,0.18170981303793673,0.03171459606561023,575
hyperparameter_tuned | CatBoost,payment_type,AB,bank_branch_count_8w,0.1640632937018555,-0.10133357982751082,575
hyperparameter_tuned | CatBoost,payment_type,AB,credit_risk_score,0.15229345828850316,0.05541586990832152,575
hyperparameter_tuned | CatBoost,payment_type,AB,email_is_free,0.13598113900755074,-0.02116328416695795,575
hyperparameter_tuned | CatBoost,payment_type,AB,email_free__source,0.12421607241075978,-0.020326595189964887,575
hyperparameter_tuned | CatBoost,payment_type,AB,velocity_4w,0.1138570373666118,0.03793421305784468,575
hyperparameter_tuned | CatBoost,payment_type,AB,date_of_birth_distinct_emails_4w,0.09827278864043897,0.03878285888731508,575
hyperparameter_tuned | CatBoost,payment_type,AB,days_since_request,0.09120670993619283,-0.03553649489138247,575
hyperparameter_tuned | CatBoost,payment_type,AB,velocity_24h,0.08932786725792914,-0.07209498038596408,575
hyperparameter_tuned | CatBoost,payment_type,AC,device_os,0.4408925971714435,-0.05604416379870947,381
hyperparameter_tuned | CatBoost,payment_type,AC,has_other_cards,0.3556001986249025,0.05384075683663441,381
hyperparameter_tuned | CatBoost,payment_type,AC,phone_home_valid,0.35208300930382486,0.032834021652475544,381
hyperparameter_tuned | CatBoost,payment_type,AC,current_address_months_count,0.3314989535563048,0.020653725847270953,381
hyperparameter_tuned | CatBoost,payment_type,AC,keep_alive_session,0.32965016019769616,0.017573384998212583,381
hyperparameter_tuned | CatBoost,payment_type,AC,prev_address_months_count,0.31882144466390566,0.009282696820307697,381
hyperparameter_tuned | CatBoost,payment_type,AC,income,0.3147714793118255,0.07273791930178249,381
hyperparameter_tuned | CatBoost,payment_type,AC,name_email_similarity,0.30393149825566906,0.02658324530259476,381
hyperparameter_tuned | CatBoost,payment_type,AC,bank_branch_count_8w,0.2804638185841753,0.2674607406015862,381
hyperparameter_tuned | CatBoost,payment_type,AC,housing_status,0.2581081973573618,-0.01080679357468771,381
hyperparameter_tuned | CatBoost,payment_type,AC,customer_age,0.22038323755013303,-0.013614262691820063,381
hyperparameter_tuned | CatBoost,payment_type,AC,employment_status,0.18381553107151063,0.03780166081947312,381
hyperparameter_tuned | CatBoost,payment_type,AC,credit_risk_score,0.1552378193527857,0.042899377160245764,381
hyperparameter_tuned | CatBoost,payment_type,AC,intended_balcon_amount,0.145462082740865,0.13161494143414018,381
hyperparameter_tuned | CatBoost,payment_type,AC,email_is_free,0.13751202387931563,-0.024671828007047616,381
hyperparameter_tuned | CatBoost,payment_type,AC,email_free__source,0.12709728281024982,-0.025461706065966528,381
hyperparameter_tuned | CatBoost,payment_type,AC,velocity_4w,0.11166624971121088,0.02849663371084547,381
hyperparameter_tuned | CatBoost,payment_type,AC,date_of_birth_distinct_emails_4w,0.09467996355554682,0.052217269842605794,381
hyperparameter_tuned | CatBoost,payment_type,AC,days_since_request,0.09106375216469444,0.0024908693353411096,381
hyperparameter_tuned | CatBoost,payment_type,AC,velocity_24h,0.07914329620288878,-0.05887120911344961,381
hyperparameter_tuned | CatBoost,payment_type,AD,device_os,0.4275644207883307,-0.04654090168612736,128
hyperparameter_tuned | CatBoost,payment_type,AD,has_other_cards,0.3666530930035065,0.0660940622273533,128
hyperparameter_tuned | CatBoost,payment_type,AD,income,0.34424379489521495,0.16348928535854143,128
hyperparameter_tuned | CatBoost,payment_type,AD,phone_home_valid,0.3396946953587835,0.05059804053685088,128
hyperparameter_tuned | CatBoost,payment_type,AD,name_email_similarity,0.32589990121051765,0.05002207096058919,128
hyperparameter_tuned | CatBoost,payment_type,AD,keep_alive_session,0.3132932290406061,-0.049437461979871325,128
hyperparameter_tuned | CatBoost,payment_type,AD,prev_address_months_count,0.3108269649009099,0.03011054953745186,128
hyperparameter_tuned | CatBoost,payment_type,AD,current_address_months_count,0.30475828850712866,-0.023961102988508426,128
hyperparameter_tuned | CatBoost,payment_type,AD,housing_status,0.2536633475565488,0.05958162838861153,128
hyperparameter_tuned | CatBoost,payment_type,AD,customer_age,0.2123774565661853,-0.03515377147160199,128
hyperparameter_tuned | CatBoost,payment_type,AD,employment_status,0.19119168513664267,0.023722768013838186,128
hyperparameter_tuned | CatBoost,payment_type,AD,credit_risk_score,0.1754765949403198,0.05786393183886977,128
hyperparameter_tuned | CatBoost,payment_type,AD,intended_balcon_amount,0.1689386061418116,0.13535768727722075,128
hyperparameter_tuned | CatBoost,payment_type,AD,bank_branch_count_8w,0.16483978537899382,-0.08522050696980205,128
hyperparameter_tuned | CatBoost,payment_type,AD,email_is_free,0.13366688233950041,-0.0025019565389362624,128
hyperparameter_tuned | CatBoost,payment_type,AD,email_free__source,0.11729190795625008,-0.0019195210224476318,128
hyperparameter_tuned | CatBoost,payment_type,AD,velocity_4w,0.1140438224006254,0.03342265233701881,128
hyperparameter_tuned | CatBoost,payment_type,AD,velocity_24h,0.09074111142085683,-0.06912174605609511,128
hyperparameter_tuned | CatBoost,payment_type,AD,date_of_birth_distinct_emails_4w,0.08360837919227142,0.00539051179570951,128
hyperparameter_tuned | CatBoost,payment_type,AD,days_since_request,0.07702723399042866,-0.03024750288364543,128
hyperparameter_tuned | CatBoost,payment_type,AE,has_other_cards,0.9325803599067343,-0.9325803599067343,1
hyperparameter_tuned | CatBoost,payment_type,AE,prev_address_months_count,0.753841828723115,-0.753841828723115,1
hyperparameter_tuned | CatBoost,payment_type,AE,current_address_months_count,0.5846638005787052,-0.5846638005787052,1
hyperparameter_tuned | CatBoost,payment_type,AE,bank_branch_count_8w,0.38908729298125105,0.38908729298125105,1
hyperparameter_tuned | CatBoost,payment_type,AE,customer_age,0.38865192563505124,-0.38865192563505124,1
hyperparameter_tuned | CatBoost,payment_type,AE,device_os,0.3766550882589103,-0.3766550882589103,1
hyperparameter_tuned | CatBoost,payment_type,AE,intended_balcon_amount,0.3396317588351279,-0.3396317588351279,1
hyperparameter_tuned | CatBoost,payment_type,AE,phone_home_valid,0.3084582744610869,0.3084582744610869,1
hyperparameter_tuned | CatBoost,payment_type,AE,keep_alive_session,0.285760589528959,0.285760589528959,1
hyperparameter_tuned | CatBoost,payment_type,AE,name_email_similarity,0.24993811265388183,-0.24993811265388183,1
hyperparameter_tuned | CatBoost,payment_type,AE,housing_status,0.23536394652153395,-0.23536394652153395,1
hyperparameter_tuned | CatBoost,payment_type,AE,velocity_24h,0.21949616366315577,-0.21949616366315577,1
hyperparameter_tuned | CatBoost,payment_type,AE,email_free__source,0.1621007527677321,-0.1621007527677321,1
hyperparameter_tuned | CatBoost,payment_type,AE,employment_status,0.15034219707762264,0.15034219707762264,1
hyperparameter_tuned | CatBoost,payment_type,AE,email_is_free,0.13073103342597805,-0.13073103342597805,1
hyperparameter_tuned | CatBoost,payment_type,AE,velocity_4w,0.10544262331231258,0.10544262331231258,1
hyperparameter_tuned | CatBoost,payment_type,AE,days_since_request,0.08028265316716643,-0.08028265316716643,1
hyperparameter_tuned | CatBoost,payment_type,AE,credit_risk_score,0.07807375737420673,-0.07807375737420673,1
hyperparameter_tuned | CatBoost,payment_type,AE,income,0.031945507790629706,-0.031945507790629706,1
hyperparameter_tuned | CatBoost,payment_type,AE,date_of_birth_distinct_emails_4w,0.015282090193759704,-0.015282090193759704,1
hyperparameter_tuned | CatBoost,source,INTERNET,device_os,0.438246511440872,-0.033283327875340274,1485
hyperparameter_tuned | CatBoost,source,INTERNET,has_other_cards,0.39255417954570493,0.011208616454038579,1485
hyperparameter_tuned | CatBoost,source,INTERNET,phone_home_valid,0.3585455816557048,-0.01686312739034437,1485
hyperparameter_tuned | CatBoost,source,INTERNET,name_email_similarity,0.33223324584802255,0.06411250859520677,1485
hyperparameter_tuned | CatBoost,source,INTERNET,keep_alive_session,0.3219362362792341,-0.014245794702405962,1485
hyperparameter_tuned | CatBoost,source,INTERNET,current_address_months_count,0.3210625215668059,0.01890892296134253,1485
hyperparameter_tuned | CatBoost,source,INTERNET,income,0.31069248531380134,0.09571776780395605,1485
hyperparameter_tuned | CatBoost,source,INTERNET,prev_address_months_count,0.31027001140281235,0.02429762705805896,1485
hyperparameter_tuned | CatBoost,source,INTERNET,housing_status,0.24874089841830513,0.016395388960044575,1485
hyperparameter_tuned | CatBoost,source,INTERNET,intended_balcon_amount,0.23606821814702336,0.002743641122433898,1485
hyperparameter_tuned | CatBoost,source,INTERNET,customer_age,0.21961823056999416,0.003100694229733368,1485
hyperparameter_tuned | CatBoost,source,INTERNET,bank_branch_count_8w,0.2011145398392824,0.0014160957608860506,1485
hyperparameter_tuned | CatBoost,source,INTERNET,employment_status,0.18210243116631425,0.028121376662104295,1485
hyperparameter_tuned | CatBoost,source,INTERNET,credit_risk_score,0.1458634899687103,0.036869274950065124,1485
hyperparameter_tuned | CatBoost,source,INTERNET,email_is_free,0.13325874291674852,-0.017384548213322,1485
hyperparameter_tuned | CatBoost,source,INTERNET,email_free__source,0.12164271898347054,-0.01491995530926827,1485
hyperparameter_tuned | CatBoost,source,INTERNET,velocity_4w,0.11310730067892073,0.02530688177417703,1485
hyperparameter_tuned | CatBoost,source,INTERNET,date_of_birth_distinct_emails_4w,0.09513865247537691,0.038909277623940995,1485
hyperparameter_tuned | CatBoost,source,INTERNET,days_since_request,0.08988977489186169,-0.01442529183209555,1485
hyperparameter_tuned | CatBoost,source,INTERNET,velocity_24h,0.08686337613904173,-0.06409227278145979,1485
hyperparameter_tuned | CatBoost,source,TELEAPP,has_other_cards,0.44382746637317444,-0.12087374158974133,15
hyperparameter_tuned | CatBoost,source,TELEAPP,phone_home_valid,0.3826720911549908,-0.1452161624360707,15
hyperparameter_tuned | CatBoost,source,TELEAPP,keep_alive_session,0.3781466156779126,0.3781466156779126,15
hyperparameter_tuned | CatBoost,source,TELEAPP,device_os,0.3754557252071548,-0.2153800538719435,15
hyperparameter_tuned | CatBoost,source,TELEAPP,current_address_months_count,0.3458026200295699,0.09779001419639949,15
hyperparameter_tuned | CatBoost,source,TELEAPP,prev_address_months_count,0.333697068396987,0.010484937350960238,15
hyperparameter_tuned | CatBoost,source,TELEAPP,bank_branch_count_8w,0.27566904187649965,0.19883630178843983,15
hyperparameter_tuned | CatBoost,source,TELEAPP,customer_age,0.2752617178368881,0.1651442465776943,15
hyperparameter_tuned | CatBoost,source,TELEAPP,name_email_similarity,0.27240480330300143,-0.033506030457579265,15
hyperparameter_tuned | CatBoost,source,TELEAPP,housing_status,0.25609316611573635,-0.09772905993074978,15
hyperparameter_tuned | CatBoost,source,TELEAPP,income,0.2534760860968427,-0.085219547771844,15
hyperparameter_tuned | CatBoost,source,TELEAPP,employment_status,0.22029116373191773,-0.035286406929228804,15
hyperparameter_tuned | CatBoost,source,TELEAPP,date_of_birth_distinct_emails_4w,0.19361691955110077,0.17728356387989264,15
hyperparameter_tuned | CatBoost,source,TELEAPP,email_free__source,0.18987926494381094,-0.18987926494381094,15
hyperparameter_tuned | CatBoost,source,TELEAPP,intended_balcon_amount,0.16734656126697534,0.0554296565432359,15
hyperparameter_tuned | CatBoost,source,TELEAPP,credit_risk_score,0.15897575826761923,0.015175112860281992,15
hyperparameter_tuned | CatBoost,source,TELEAPP,email_is_free,0.1313757583910271,0.020479728233443004,15
hyperparameter_tuned | CatBoost,source,TELEAPP,days_since_request,0.10754432290865033,0.04960985073813489,15
hyperparameter_tuned | CatBoost,source,TELEAPP,velocity_4w,0.0886097055359938,0.011604426049760188,15
hyperparameter_tuned | CatBoost,source,TELEAPP,velocity_24h,0.062335032677426044,-0.025128575494585144,15
hyperparameter_tuned | XGBoost,housing_status,BA,housing_status_BA,0.9444257105030739,0.9444257105030739,278
hyperparameter_tuned | XGBoost,housing_status,BA,phone_home_valid,0.47691495865151057,-0.05030493023377975,278
hyperparameter_tuned | XGBoost,housing_status,BA,name_email_similarity,0.4255403143932152,-0.02554486339804616,278
hyperparameter_tuned | XGBoost,housing_status,BA,has_other_cards,0.386576138769561,-0.11466898692610676,278
hyperparameter_tuned | XGBoost,housing_status,BA,device_os_windows,0.38144956487549214,0.09887971507579678,278
hyperparameter_tuned | XGBoost,housing_status,BA,keep_alive_session,0.3308306537094135,0.03396747388602478,278
hyperparameter_tuned | XGBoost,housing_status,BA,email_is_free,0.330426198143002,-0.01124926683251334,278
hyperparameter_tuned | XGBoost,housing_status,BA,intended_balcon_amount,0.3032939888326964,0.036358745996522036,278
hyperparameter_tuned | XGBoost,housing_status,BA,current_address_months_count,0.2949734926296703,0.05697564759801758,278
hyperparameter_tuned | XGBoost,housing_status,BA,income,0.28482837867130784,0.09351879073022161,278
hyperparameter_tuned | XGBoost,housing_status,BA,prev_address_months_count,0.27223325893497297,0.039695228168710725,278
hyperparameter_tuned | XGBoost,housing_status,BA,bank_branch_count_8w,0.24292131128821862,0.0009657226945482988,278
hyperparameter_tuned | XGBoost,housing_status,BA,credit_risk_score,0.23314677334157066,0.14730282082329554,278
hyperparameter_tuned | XGBoost,housing_status,BA,velocity_4w,0.18032009466834223,0.022539774603638575,278
hyperparameter_tuned | XGBoost,housing_status,BA,date_of_birth_distinct_emails_4w,0.17380679989237488,0.06454968742001448,278
hyperparameter_tuned | XGBoost,housing_status,BA,employment_status_CA,0.1440075984706335,0.02938798311799212,278
hyperparameter_tuned | XGBoost,housing_status,BA,customer_age,0.13745681288327583,0.09494967914441442,278
hyperparameter_tuned | XGBoost,housing_status,BA,days_since_request,0.1309619766955386,-0.005543638974781611,278
hyperparameter_tuned | XGBoost,housing_status,BA,bank_months_count,0.11436550928218515,0.014303275219405782,278
hyperparameter_tuned | XGBoost,housing_status,BA,velocity_24h,0.1075317257078833,0.024941441636993078,278
hyperparameter_tuned | XGBoost,housing_status,BB,phone_home_valid,0.4825221471730822,-0.09033295950257098,460
hyperparameter_tuned | XGBoost,housing_status,BB,name_email_similarity,0.408561682111714,-0.05969438931887651,460
hyperparameter_tuned | XGBoost,housing_status,BB,prev_address_months_count,0.3842422110515535,-0.07081765100454568,460
hyperparameter_tuned | XGBoost,housing_status,BB,current_address_months_count,0.36633795928447654,0.022349379982999226,460
hyperparameter_tuned | XGBoost,housing_status,BB,has_other_cards,0.35187043865534484,-0.078478707706867,460
hyperparameter_tuned | XGBoost,housing_status,BB,email_is_free,0.34232410801732754,-0.0115702847269966,460
hyperparameter_tuned | XGBoost,housing_status,BB,device_os_windows,0.34080044253651337,-0.035588207771920635,460
hyperparameter_tuned | XGBoost,housing_status,BB,keep_alive_session,0.32893902920810736,-0.03988632916392753,460
hyperparameter_tuned | XGBoost,housing_status,BB,intended_balcon_amount,0.27917834352081367,0.12574869584147413,460
hyperparameter_tuned | XGBoost,housing_status,BB,income,0.27018053968278083,-0.014875908670106741,460
hyperparameter_tuned | XGBoost,housing_status,BB,bank_branch_count_8w,0.2379448388405802,0.007953976311746215,460
hyperparameter_tuned | XGBoost,housing_status,BB,velocity_4w,0.19486743248399643,-0.006026096010897639,460
hyperparameter_tuned | XGBoost,housing_status,BB,employment_status_CA,0.18198078076176677,-0.029605144323786827,460
hyperparameter_tuned | XGBoost,housing_status,BB,date_of_birth_distinct_emails_4w,0.1593985111229286,0.031740060301183766,460
hyperparameter_tuned | XGBoost,housing_status,BB,credit_risk_score,0.1504007603552176,-0.022361377014777292,460
hyperparameter_tuned | XGBoost,housing_status,BB,days_since_request,0.13692348564445656,-0.04987609984351539,460
hyperparameter_tuned | XGBoost,housing_status,BB,velocity_24h,0.12164631466858737,0.023125222006517458,460
hyperparameter_tuned | XGBoost,housing_status,BB,housing_status_BA,0.11851637753344181,-0.11851637753344181,460
hyperparameter_tuned | XGBoost,housing_status,BB,bank_months_count,0.11361704931739633,0.003913436548158642,460
hyperparameter_tuned | XGBoost,housing_status,BB,customer_age,0.11133056495242255,0.05443472525133477,460
hyperparameter_tuned | XGBoost,housing_status,BC,prev_address_months_count,0.4987166053037081,-0.2502238198718185,450
hyperparameter_tuned | XGBoost,housing_status,BC,phone_home_valid,0.46016356651646523,0.0011255844594406286,450
hyperparameter_tuned | XGBoost,housing_status,BC,name_email_similarity,0.4197794684722476,-0.05820863888067608,450
hyperparameter_tuned | XGBoost,housing_status,BC,current_address_months_count,0.4187081054109006,-0.19280510324872643,450
hyperparameter_tuned | XGBoost,housing_status,BC,has_other_cards,0.3550961288645434,-0.06877800361942014,450
hyperparameter_tuned | XGBoost,housing_status,BC,device_os_windows,0.3485043957135071,-0.011969213200231183,450
hyperparameter_tuned | XGBoost,housing_status,BC,intended_balcon_amount,0.3440405101586367,-0.02990414347073529,450
hyperparameter_tuned | XGBoost,housing_status,BC,email_is_free,0.33303577700981146,0.048373842343672493,450
hyperparameter_tuned | XGBoost,housing_status,BC,keep_alive_session,0.3305897789495066,-0.03593438327812021,450
hyperparameter_tuned | XGBoost,housing_status,BC,income,0.275197320481457,0.028830255558900533,450
hyperparameter_tuned | XGBoost,housing_status,BC,bank_branch_count_8w,0.21420489649651056,-0.03151385520197348,450
hyperparameter_tuned | XGBoost,housing_status,BC,velocity_4w,0.1833015546908712,0.022868050981708153,450
hyperparameter_tuned | XGBoost,housing_status,BC,employment_status_CA,0.16441423961361484,0.00576563019883017,450
hyperparameter_tuned | XGBoost,housing_status,BC,credit_risk_score,0.15090456441215874,-0.039618627787813436,450
hyperparameter_tuned | XGBoost,housing_status,BC,velocity_24h,0.13369362135345236,0.03274104551702241,450
hyperparameter_tuned | XGBoost,housing_status,BC,bank_months_count,0.12975812666260172,-0.0012167694631058516,450
hyperparameter_tuned | XGBoost,housing_status,BC,days_since_request,0.12607338521553385,-0.00528603290640361,450
hyperparameter_tuned | XGBoost,housing_status,BC,date_of_birth_distinct_emails_4w,0.12317771754082382,-0.01194163766216241,450
hyperparameter_tuned | XGBoost,housing_status,BC,housing_status_BA,0.12028069939882909,-0.12028069939882909,450
hyperparameter_tuned | XGBoost,housing_status,BC,customer_age,0.11734684793988967,0.00779746881768935,450
hyperparameter_tuned | XGBoost,housing_status,BD,phone_home_valid,0.46392559425130075,0.008605783956442434,47
hyperparameter_tuned | XGBoost,housing_status,BD,current_address_months_count,0.40162707026308514,0.03881176042158722,47
hyperparameter_tuned | XGBoost,housing_status,BD,prev_address_months_count,0.3970846848664408,-0.07903498074029909,47
hyperparameter_tuned | XGBoost,housing_status,BD,device_os_windows,0.39677859463837956,0.0793395188670764,47
hyperparameter_tuned | XGBoost,housing_status,BD,name_email_similarity,0.37402671078481325,0.06309003979954719,47
hyperparameter_tuned | XGBoost,housing_status,BD,has_other_cards,0.36562916254108285,-0.08471632079452902,47
hyperparameter_tuned | XGBoost,housing_status,BD,email_is_free,0.3485059617269794,0.08370060554291911,47
hyperparameter_tuned | XGBoost,housing_status,BD,keep_alive_session,0.33504187710792516,0.015856556479306384,47
hyperparameter_tuned | XGBoost,housing_status,BD,intended_balcon_amount,0.32095390107076455,0.04957694549341388,47
hyperparameter_tuned | XGBoost,housing_status,BD,income,0.2486594828124594,-0.02479777287984108,47
hyperparameter_tuned | XGBoost,housing_status,BD,bank_branch_count_8w,0.20635554240275905,-0.04057099442723444,47
hyperparameter_tuned | XGBoost,housing_status,BD,velocity_4w,0.18975744881042395,0.016482055706840186,47
hyperparameter_tuned | XGBoost,housing_status,BD,days_since_request,0.16260315262225822,-0.007466859779025909,47
hyperparameter_tuned | XGBoost,housing_status,BD,date_of_birth_distinct_emails_4w,0.15658618598594334,0.05830821812451331,47
hyperparameter_tuned | XGBoost,housing_status,BD,employment_status_CA,0.14675972292365064,0.043097990540399936,47
hyperparameter_tuned | XGBoost,housing_status,BD,velocity_24h,0.13478880129908033,0.027302101024122637,47
hyperparameter_tuned | XGBoost,housing_status,BD,bank_months_count,0.12917178954625688,0.037967674596733024,47
hyperparameter_tuned | XGBoost,housing_status,BD,customer_age,0.12217474453862101,0.05326936451636471,47
hyperparameter_tuned | XGBoost,housing_status,BD,credit_risk_score,0.12057463929955627,-0.011616745142692182,47
hyperparameter_tuned | XGBoost,housing_status,BD,housing_status_BA,0.11670295353840164,-0.11670295353840164,47
hyperparameter_tuned | XGBoost,housing_status,BE,phone_home_valid,0.46740278063187946,0.044238622159867264,260
hyperparameter_tuned | XGBoost,housing_status,BE,name_email_similarity,0.4344384838693234,-0.13232737064464778,260
hyperparameter_tuned | XGBoost,housing_status,BE,keep_alive_session,0.3282595357568061,-0.017008308170302855,260
hyperparameter_tuned | XGBoost,housing_status,BE,email_is_free,0.32326704398954575,-0.022717960672103802,260
hyperparameter_tuned | XGBoost,housing_status,BE,intended_balcon_amount,0.3203067618588191,-0.014015614932604455,260
hyperparameter_tuned | XGBoost,housing_status,BE,device_os_windows,0.3181770576320123,-0.01800919167086697,260
hyperparameter_tuned | XGBoost,housing_status,BE,prev_address_months_count,0.2769939633889232,0.07096069897544714,260
hyperparameter_tuned | XGBoost,housing_status,BE,has_other_cards,0.2736270450728575,0.013132465920510114,260
hyperparameter_tuned | XGBoost,housing_status,BE,income,0.26064418733717265,-0.0926176377720325,260
hyperparameter_tuned | XGBoost,housing_status,BE,current_address_months_count,0.2573717962642325,0.025765735089358015,260
hyperparameter_tuned | XGBoost,housing_status,BE,bank_branch_count_8w,0.2255431883941145,-0.01816690784524858,260
hyperparameter_tuned | XGBoost,housing_status,BE,velocity_4w,0.18494232194903845,-0.003976592214858663,260
hyperparameter_tuned | XGBoost,housing_status,BE,employment_status_CA,0.14992005513216897,0.03766077541875823,260
hyperparameter_tuned | XGBoost,housing_status,BE,credit_risk_score,0.132603271437238,-0.05252131874612063,260
hyperparameter_tuned | XGBoost,housing_status,BE,customer_age,0.13110404266198974,-0.09058986550657742,260
hyperparameter_tuned | XGBoost,housing_status,BE,days_since_request,0.12928313942929248,-0.0068238845469761455,260
hyperparameter_tuned | XGBoost,housing_status,BE,bank_months_count,0.12125824546185547,0.025167513279777128,260
hyperparameter_tuned | XGBoost,housing_status,BE,velocity_24h,0.11805416375185156,0.05583551109597536,260
hyperparameter_tuned | XGBoost,housing_status,BE,housing_status_BA,0.11668862671515223,-0.11668862671515223,260
hyperparameter_tuned | XGBoost,housing_status,BE,date_of_birth_distinct_emails_4w,0.10193117361760119,-0.05435436274440927,260
hyperparameter_tuned | XGBoost,housing_status,BF,phone_home_valid,0.5152196136343992,-0.2948010749247624,4
hyperparameter_tuned | XGBoost,housing_status,BF,name_email_similarity,0.4745207063807174,0.2624299622513354,4
hyperparameter_tuned | XGBoost,housing_status,BF,intended_balcon_amount,0.45053311747236874,-0.3160109860668308,4
hyperparameter_tuned | XGBoost,housing_status,BF,income,0.31437297430587935,0.11759100931463763,4
hyperparameter_tuned | XGBoost,housing_status,BF,email_is_free,0.31212544228881595,-0.13691187392629217,4
hyperparameter_tuned | XGBoost,housing_status,BF,keep_alive_session,0.2899903345562052,-0.09864677417324857,4
hyperparameter_tuned | XGBoost,housing_status,BF,device_os_windows,0.23594723245303612,-0.23594723245303612,4
hyperparameter_tuned | XGBoost,housing_status,BF,current_address_months_count,0.22703890467411839,-0.08197676141920965,4
hyperparameter_tuned | XGBoost,housing_status,BF,prev_address_months_count,0.20780515805585312,0.20780515805585312,4
hyperparameter_tuned | XGBoost,housing_status,BF,velocity_4w,0.19135890507932346,0.046966228706514804,4
hyperparameter_tuned | XGBoost,housing_status,BF,has_other_cards,0.18476158494122502,0.18476158494122502,4
hyperparameter_tuned | XGBoost,housing_status,BF,employment_status_CA,0.16763488355536538,-0.006870452277580624,4
hyperparameter_tuned | XGBoost,housing_status,BF,days_since_request,0.16719658676141988,0.014133285912830612,4
hyperparameter_tuned | XGBoost,housing_status,BF,bank_months_count,0.1581119116334594,0.07088624692027223,4
hyperparameter_tuned | XGBoost,housing_status,BF,date_of_birth_distinct_emails_4w,0.1540426305834262,0.058217949429963486,4
hyperparameter_tuned | XGBoost,housing_status,BF,bank_branch_count_8w,0.13752513161336538,-0.04070312363444827,4
hyperparameter_tuned | XGBoost,housing_status,BF,housing_status_BA,0.11901649186387658,-0.11901649186387658,4
hyperparameter_tuned | XGBoost,housing_status,BF,credit_risk_score,0.11029622694139107,-0.07593376353161148,4
hyperparameter_tuned | XGBoost,housing_status,BF,customer_age,0.07727537141327047,0.07727537141327047,4
hyperparameter_tuned | XGBoost,housing_status,BF,velocity_24h,0.06526533876393842,-0.06477066713582644,4
hyperparameter_tuned | XGBoost,housing_status,BG,has_other_cards,0.9461865115858381,-0.9461865115858381,1
hyperparameter_tuned | XGBoost,housing_status,BG,phone_home_valid,0.6116845420736354,-0.6116845420736354,1
hyperparameter_tuned | XGBoost,housing_status,BG,intended_balcon_amount,0.45883049991331065,-0.45883049991331065,1
hyperparameter_tuned | XGBoost,housing_status,BG,current_address_months_count,0.44542283765389584,0.44542283765389584,1
hyperparameter_tuned | XGBoost,housing_status,BG,name_email_similarity,0.399607316951151,-0.399607316951151,1
hyperparameter_tuned | XGBoost,housing_status,BG,bank_branch_count_8w,0.3620789176237304,0.3620789176237304,1
hyperparameter_tuned | XGBoost,housing_status,BG,velocity_24h,0.36147959859139517,0.36147959859139517,1
hyperparameter_tuned | XGBoost,housing_status,BG,keep_alive_session,0.32177243651938625,-0.32177243651938625,1
hyperparameter_tuned | XGBoost,housing_status,BG,income,0.28686732542235405,-0.28686732542235405,1
hyperparameter_tuned | XGBoost,housing_status,BG,email_is_free,0.2743195533612743,-0.2743195533612743,1
hyperparameter_tuned | XGBoost,housing_status,BG,device_os_windows,0.24233913879608734,-0.24233913879608734,1
hyperparameter_tuned | XGBoost,housing_status,BG,prev_address_months_count,0.18553265408612787,0.18553265408612787,1
hyperparameter_tuned | XGBoost,housing_status,BG,velocity_4w,0.17377005123649725,0.17377005123649725,1
hyperparameter_tuned | XGBoost,housing_status,BG,customer_age,0.16367323216982185,0.16367323216982185,1
hyperparameter_tuned | XGBoost,housing_status,BG,housing_status_BA,0.11772689424455166,-0.11772689424455166,1
hyperparameter_tuned | XGBoost,housing_status,BG,bank_months_count,0.10019408168271184,0.10019408168271184,1
hyperparameter_tuned | XGBoost,housing_status,BG,employment_status_CA,0.08632318547432077,0.08632318547432077,1
hyperparameter_tuned | XGBoost,housing_status,BG,days_since_request,0.06536715063848533,-0.06536715063848533,1
hyperparameter_tuned | XGBoost,housing_status,BG,credit_risk_score,0.01736993389611598,-0.01736993389611598,1
hyperparameter_tuned | XGBoost,housing_status,BG,date_of_birth_distinct_emails_4w,0.0071858150203479455,-0.0071858150203479455,1
hyperparameter_tuned | XGBoost,device_os,linux,phone_home_valid,0.48321848380576266,-0.0670941837961235,434
hyperparameter_tuned | XGBoost,device_os,linux,name_email_similarity,0.4304997997633895,-0.03850998081174874,434
hyperparameter_tuned | XGBoost,device_os,linux,prev_address_months_count,0.4182013117105374,-0.12951950494157075,434
hyperparameter_tuned | XGBoost,device_os,linux,current_address_months_count,0.3582900571445709,-0.0705382021763448,434
hyperparameter_tuned | XGBoost,device_os,linux,has_other_cards,0.35530412327718486,-0.08862682697592741,434
hyperparameter_tuned | XGBoost,device_os,linux,email_is_free,0.3445517544639522,0.08979782938517304,434
hyperparameter_tuned | XGBoost,device_os,linux,intended_balcon_amount,0.31334868336893074,0.06127352597817997,434
hyperparameter_tuned | XGBoost,device_os,linux,keep_alive_session,0.31074289495666585,-0.04745180158930469,434
hyperparameter_tuned | XGBoost,device_os,linux,income,0.28030653370041364,-0.016631722066877092,434
hyperparameter_tuned | XGBoost,device_os,linux,housing_status_BA,0.242557263290295,0.032400368692048646,434
hyperparameter_tuned | XGBoost,device_os,linux,device_os_windows,0.22879427727715818,-0.22879427727715818,434
hyperparameter_tuned | XGBoost,device_os,linux,bank_branch_count_8w,0.2076724692229353,-0.003314214065345864,434
hyperparameter_tuned | XGBoost,device_os,linux,velocity_4w,0.19324613702795035,-0.0034361774704007608,434
hyperparameter_tuned | XGBoost,device_os,linux,employment_status_CA,0.16974593885156702,-0.0026049374596015702,434
hyperparameter_tuned | XGBoost,device_os,linux,credit_risk_score,0.15970818924528732,-0.03220833346286601,434
hyperparameter_tuned | XGBoost,device_os,linux,date_of_birth_distinct_emails_4w,0.14083664979185295,0.01501691678198055,434
hyperparameter_tuned | XGBoost,device_os,linux,velocity_24h,0.1266246880214666,0.02376870980296319,434
hyperparameter_tuned | XGBoost,device_os,linux,days_since_request,0.12495948481419626,-0.011342434224577123,434
hyperparameter_tuned | XGBoost,device_os,linux,bank_months_count,0.11764689739416195,0.013492606004314737,434
hyperparameter_tuned | XGBoost,device_os,linux,customer_age,0.10158561846985985,0.013293492692744805,434
hyperparameter_tuned | XGBoost,device_os,macintosh,phone_home_valid,0.4483500779523012,0.06644588471421557,95
hyperparameter_tuned | XGBoost,device_os,macintosh,name_email_similarity,0.42123766354976316,-0.08974752636594502,95
hyperparameter_tuned | XGBoost,device_os,macintosh,prev_address_months_count,0.3907810713314991,-0.1311069419685947,95
hyperparameter_tuned | XGBoost,device_os,macintosh,keep_alive_session,0.3620774088970287,0.010963866741715097,95
hyperparameter_tuned | XGBoost,device_os,macintosh,current_address_months_count,0.3568272826064281,-0.15020686270017178,95
hyperparameter_tuned | XGBoost,device_os,macintosh,intended_balcon_amount,0.34002488617814686,-0.023893623297715473,95
hyperparameter_tuned | XGBoost,device_os,macintosh,housing_status_BA,0.3268886149443294,0.14221160303438574,95
hyperparameter_tuned | XGBoost,device_os,macintosh,email_is_free,0.3258299331344468,-0.02220106472393595,95
hyperparameter_tuned | XGBoost,device_os,macintosh,has_other_cards,0.2988673034340256,0.0011391378223948067,95
hyperparameter_tuned | XGBoost,device_os,macintosh,income,0.26649823990285293,-0.0011674558322533584,95
hyperparameter_tuned | XGBoost,device_os,macintosh,bank_branch_count_8w,0.25255564651978935,-0.012307421564565683,95
hyperparameter_tuned | XGBoost,device_os,macintosh,velocity_4w,0.20511427596890933,-0.0018132209588932829,95
hyperparameter_tuned | XGBoost,device_os,macintosh,device_os_windows,0.20282030581678018,-0.20282030581678018,95
hyperparameter_tuned | XGBoost,device_os,macintosh,employment_status_CA,0.17673893994621098,-0.027453202107161474,95
hyperparameter_tuned | XGBoost,device_os,macintosh,velocity_24h,0.1359301118671359,0.04888144860773173,95
hyperparameter_tuned | XGBoost,device_os,macintosh,customer_age,0.1315489851083778,-0.03249383846267225,95
hyperparameter_tuned | XGBoost,device_os,macintosh,date_of_birth_distinct_emails_4w,0.13025049863177302,-0.002250852514236036,95
hyperparameter_tuned | XGBoost,device_os,macintosh,bank_months_count,0.11813432345689752,-0.009727007286191164,95
hyperparameter_tuned | XGBoost,device_os,macintosh,credit_risk_score,0.11661320798818518,-0.019364084009444157,95
hyperparameter_tuned | XGBoost,device_os,macintosh,days_since_request,0.09203171254973858,0.008166126548508675,95
hyperparameter_tuned | XGBoost,device_os,other,phone_home_valid,0.4624429060569681,-0.013445219663761556,611
hyperparameter_tuned | XGBoost,device_os,other,name_email_similarity,0.41213910582517094,-0.04562560748709586,611
hyperparameter_tuned | XGBoost,device_os,other,prev_address_months_count,0.3751370264871641,-0.05343261875501993,611
hyperparameter_tuned | XGBoost,device_os,other,has_other_cards,0.3479544949144219,-0.06994151576957193,611
hyperparameter_tuned | XGBoost,device_os,other,current_address_months_count,0.34324664834082175,-0.004450820522188893,611
hyperparameter_tuned | XGBoost,device_os,other,keep_alive_session,0.34104453232530224,-0.013835213942817753,611
hyperparameter_tuned | XGBoost,device_os,other,email_is_free,0.32990124315044195,-0.050453328381964334,611
hyperparameter_tuned | XGBoost,device_os,other,intended_balcon_amount,0.32155880622687877,0.0034035909318714977,611
hyperparameter_tuned | XGBoost,device_os,other,income,0.2697313312855804,0.004439454434678468,611
hyperparameter_tuned | XGBoost,device_os,other,housing_status_BA,0.2603639202667804,0.05940966120134175,611
hyperparameter_tuned | XGBoost,device_os,other,device_os_windows,0.22809865527812986,-0.22809865527812986,611
hyperparameter_tuned | XGBoost,device_os,other,bank_branch_count_8w,0.22683005547291776,-0.0029671296826049355,611
hyperparameter_tuned | XGBoost,device_os,other,velocity_4w,0.18456422764768973,0.025871902847668854,611
hyperparameter_tuned | XGBoost,device_os,other,employment_status_CA,0.16247171954948747,0.008165274624972935,611
hyperparameter_tuned | XGBoost,device_os,other,credit_risk_score,0.14330999115046392,-0.02019349073853448,611
hyperparameter_tuned | XGBoost,device_os,other,date_of_birth_distinct_emails_4w,0.14032072745446345,0.0036075262498338613,611
hyperparameter_tuned | XGBoost,device_os,other,days_since_request,0.13955821578140729,-0.035601879335637326,611
hyperparameter_tuned | XGBoost,device_os,other,velocity_24h,0.12389358652228527,0.03593656237777261,611
hyperparameter_tuned | XGBoost,device_os,other,customer_age,0.12255646006163985,0.013670577637109306,611
hyperparameter_tuned | XGBoost,device_os,other,bank_months_count,0.11939198788818285,-0.00054281822513978,611
hyperparameter_tuned | XGBoost,device_os,windows,device_os_windows,0.7426429328161007,0.7426429328161007,354
hyperparameter_tuned | XGBoost,device_os,windows,phone_home_valid,0.4793254547402701,-0.037687063878487616,354
hyperparameter_tuned | XGBoost,device_os,windows,name_email_similarity,0.4135676403569191,-0.10578299026050517,354
hyperparameter_tuned | XGBoost,device_os,windows,current_address_months_count,0.3513916970091039,-0.010283833791887895,354
hyperparameter_tuned | XGBoost,device_os,windows,has_other_cards,0.34705123280441236,-0.055639847807103106,354
hyperparameter_tuned | XGBoost,device_os,windows,prev_address_months_count,0.3326423012650845,-0.04476904481146906,354
hyperparameter_tuned | XGBoost,device_os,windows,email_is_free,0.330980690929185,0.012331308071615995,354
hyperparameter_tuned | XGBoost,device_os,windows,keep_alive_session,0.3243611795788563,-0.005003363854381045,354
hyperparameter_tuned | XGBoost,device_os,windows,housing_status_BA,0.31493181276666576,0.1534944690818409,354
hyperparameter_tuned | XGBoost,device_os,windows,intended_balcon_amount,0.2850269205610782,0.07392197515802672,354
hyperparameter_tuned | XGBoost,device_os,windows,income,0.26775622742274235,0.032114561947252034,354
hyperparameter_tuned | XGBoost,device_os,windows,bank_branch_count_8w,0.2503086778408641,-0.030955966548441044,354
hyperparameter_tuned | XGBoost,device_os,windows,credit_risk_score,0.20823601183306192,0.07692493110295033,354
hyperparameter_tuned | XGBoost,device_os,windows,velocity_4w,0.17749187189727772,-0.004231894954408112,354
hyperparameter_tuned | XGBoost,device_os,windows,employment_status_CA,0.15189737827724437,0.02144002067198612,354
hyperparameter_tuned | XGBoost,device_os,windows,date_of_birth_distinct_emails_4w,0.14565644460350918,0.023330999255454295,354
hyperparameter_tuned | XGBoost,device_os,windows,customer_age,0.1421005639538503,0.06585041783432381,354
hyperparameter_tuned | XGBoost,device_os,windows,days_since_request,0.14006501393428855,-0.008310844115367012,354
hyperparameter_tuned | XGBoost,device_os,windows,bank_months_count,0.12469360465375086,0.03002735371394596,354
hyperparameter_tuned | XGBoost,device_os,windows,velocity_24h,0.11121846343982503,0.03172713363533822,354
hyperparameter_tuned | XGBoost,device_os,x11,phone_home_valid,0.5123390119709074,-0.092171276078249,6
hyperparameter_tuned | XGBoost,device_os,x11,prev_address_months_count,0.4942050866825351,-0.2045795823567702,6
hyperparameter_tuned | XGBoost,device_os,x11,name_email_similarity,0.48264397675511034,-0.1634631947869396,6
hyperparameter_tuned | XGBoost,device_os,x11,current_address_months_count,0.4284363197349012,-0.1264052966729893,6
hyperparameter_tuned | XGBoost,device_os,x11,intended_balcon_amount,0.4189829395979177,-0.18539005045817855,6
hyperparameter_tuned | XGBoost,device_os,x11,keep_alive_session,0.3604366519541751,0.051422236599707204,6
hyperparameter_tuned | XGBoost,device_os,x11,email_is_free,0.31992935802127853,0.02040621952270159,6
hyperparameter_tuned | XGBoost,device_os,x11,income,0.29017650399395883,0.052391749030988054,6
hyperparameter_tuned | XGBoost,device_os,x11,bank_months_count,0.23465267950242077,-0.2148380499930742,6
hyperparameter_tuned | XGBoost,device_os,x11,device_os_windows,0.22839928191310413,-0.22839928191310413,6
hyperparameter_tuned | XGBoost,device_os,x11,bank_branch_count_8w,0.21766647265758363,-0.21766647265758363,6
hyperparameter_tuned | XGBoost,device_os,x11,velocity_4w,0.20682815202861093,0.20682815202861093,6
hyperparameter_tuned | XGBoost,device_os,x11,has_other_cards,0.18065757069353516,0.18065757069353516,6
hyperparameter_tuned | XGBoost,device_os,x11,employment_status_CA,0.14393901191588762,0.030353665313208072,6
hyperparameter_tuned | XGBoost,device_os,x11,credit_risk_score,0.13984308784686922,-0.12704411526278517,6
hyperparameter_tuned | XGBoost,device_os,x11,customer_age,0.12704424955513482,0.003613863296923222,6
hyperparameter_tuned | XGBoost,device_os,x11,date_of_birth_distinct_emails_4w,0.1268902258776264,-0.1268902258776264,6
hyperparameter_tuned | XGBoost,device_os,x11,velocity_24h,0.12102644034530992,0.009936558654717376,6
hyperparameter_tuned | XGBoost,device_os,x11,housing_status_BA,0.11993047475892428,-0.11993047475892428,6
hyperparameter_tuned | XGBoost,device_os,x11,days_since_request,0.04781005176366307,-0.02586954123845014,6
hyperparameter_tuned | XGBoost,employment_status,CA,phone_home_valid,0.4738403365634477,-0.011499529308340964,1170
hyperparameter_tuned | XGBoost,employment_status,CA,name_email_similarity,0.41667468542588476,-0.07409434307403374,1170
hyperparameter_tuned | XGBoost,employment_status,CA,prev_address_months_count,0.39154405748931903,-0.09992246515831799,1170
hyperparameter_tuned | XGBoost,employment_status,CA,current_address_months_count,0.35666907969131845,-0.039513554273751805,1170
hyperparameter_tuned | XGBoost,employment_status,CA,has_other_cards,0.3533761404147131,-0.07220032944999605,1170
hyperparameter_tuned | XGBoost,employment_status,CA,device_os_windows,0.3506732120307931,0.00924057305042441,1170
hyperparameter_tuned | XGBoost,employment_status,CA,email_is_free,0.3357500125591466,0.003922890281675852,1170
hyperparameter_tuned | XGBoost,employment_status,CA,keep_alive_session,0.33073425453476374,-0.024387959640905458,1170
hyperparameter_tuned | XGBoost,employment_status,CA,intended_balcon_amount,0.31361537732457156,0.03793599954315334,1170
hyperparameter_tuned | XGBoost,employment_status,CA,housing_status_BA,0.28051449596058403,0.08926304597780904,1170
hyperparameter_tuned | XGBoost,employment_status,CA,income,0.2678019258081973,0.010671382740603634,1170
hyperparameter_tuned | XGBoost,employment_status,CA,bank_branch_count_8w,0.23065746256262837,-0.0026110368126149603,1170
hyperparameter_tuned | XGBoost,employment_status,CA,velocity_4w,0.18816133429437704,0.0060814612632772574,1170
hyperparameter_tuned | XGBoost,employment_status,CA,credit_risk_score,0.16661449247563037,0.0086557756235979,1170
hyperparameter_tuned | XGBoost,employment_status,CA,date_of_birth_distinct_emails_4w,0.1319949436291789,-0.0015141834908870987,1170
hyperparameter_tuned | XGBoost,employment_status,CA,days_since_request,0.12950052373470045,-0.01684967687787114,1170
hyperparameter_tuned | XGBoost,employment_status,CA,bank_months_count,0.12425050863243477,0.009069145859617633,1170
hyperparameter_tuned | XGBoost,employment_status,CA,velocity_24h,0.12041325528864044,0.029644660029755812,1170
hyperparameter_tuned | XGBoost,employment_status,CA,customer_age,0.11591404172687086,0.008889760888192573,1170
hyperparameter_tuned | XGBoost,employment_status,CA,employment_status_CA,0.10828535830376931,0.10828535830376931,1170
hyperparameter_tuned | XGBoost,employment_status,CB,phone_home_valid,0.44594477542474403,-0.05505443661799444,166
hyperparameter_tuned | XGBoost,employment_status,CB,name_email_similarity,0.4147655690926006,0.03455633971392717,166
hyperparameter_tuned | XGBoost,employment_status,CB,employment_status_CA,0.37856956288484994,-0.37856956288484994,166
hyperparameter_tuned | XGBoost,employment_status,CB,email_is_free,0.3346138876950556,0.021973616730005217,166
hyperparameter_tuned | XGBoost,employment_status,CB,has_other_cards,0.3308767503347891,-0.04726086383516632,166
hyperparameter_tuned | XGBoost,employment_status,CB,keep_alive_session,0.3274141233190382,0.006499252716869713,166
hyperparameter_tuned | XGBoost,employment_status,CB,device_os_windows,0.32447318115176255,-0.0314301206044157,166
hyperparameter_tuned | XGBoost,employment_status,CB,current_address_months_count,0.3201331492592454,-0.005125820251547797,166
hyperparameter_tuned | XGBoost,employment_status,CB,prev_address_months_count,0.31977662574703924,0.020483265204210652,166
hyperparameter_tuned | XGBoost,employment_status,CB,intended_balcon_amount,0.3102857552607844,-0.004184899821110255,166
hyperparameter_tuned | XGBoost,employment_status,CB,income,0.28897030479806274,0.04710757429885442,166
hyperparameter_tuned | XGBoost,employment_status,CB,housing_status_BA,0.2772757713616607,0.08700905147032442,166
hyperparameter_tuned | XGBoost,employment_status,CB,bank_branch_count_8w,0.21749101645484317,-0.07043356769966488,166
hyperparameter_tuned | XGBoost,employment_status,CB,velocity_4w,0.18093106688312163,0.04023626300581508,166
hyperparameter_tuned | XGBoost,employment_status,CB,credit_risk_score,0.14353745815291383,-0.02070266832691177,166
hyperparameter_tuned | XGBoost,employment_status,CB,date_of_birth_distinct_emails_4w,0.139621105872844,0.006477296070291462,166
hyperparameter_tuned | XGBoost,employment_status,CB,days_since_request,0.1303930855291708,-0.016685406870758496,166
hyperparameter_tuned | XGBoost,employment_status,CB,velocity_24h,0.12758510519674654,0.04208112907938801,166
hyperparameter_tuned | XGBoost,employment_status,CB,customer_age,0.10798182445867914,0.03764421609012236,166
hyperparameter_tuned | XGBoost,employment_status,CB,bank_months_count,0.10726424396251248,-0.0013082215763875298,166
hyperparameter_tuned | XGBoost,employment_status,CC,phone_home_valid,0.5024395097873983,-0.29376118811072244,51
hyperparameter_tuned | XGBoost,employment_status,CC,date_of_birth_distinct_emails_4w,0.43417052937588224,0.3962785387024576,51
hyperparameter_tuned | XGBoost,employment_status,CC,device_os_windows,0.42381242285121923,0.1335228512513305,51
hyperparameter_tuned | XGBoost,employment_status,CC,name_email_similarity,0.3816490750603136,-0.06275596646522401,51
hyperparameter_tuned | XGBoost,employment_status,CC,has_other_cards,0.37448310893524017,-0.1056048288801257,51
hyperparameter_tuned | XGBoost,employment_status,CC,customer_age,0.34117705542037224,0.3324756001914833,51
hyperparameter_tuned | XGBoost,employment_status,CC,email_is_free,0.3220061190287564,-0.005604579361411286,51
hyperparameter_tuned | XGBoost,employment_status,CC,keep_alive_session,0.31889249987229157,0.01837266727380327,51
hyperparameter_tuned | XGBoost,employment_status,CC,housing_status_BA,0.3077031043195622,0.12976638865547582,51
hyperparameter_tuned | XGBoost,employment_status,CC,intended_balcon_amount,0.2943314795397843,0.07248027029337689,51
hyperparameter_tuned | XGBoost,employment_status,CC,prev_address_months_count,0.28406737974730745,0.06485168525953686,51
hyperparameter_tuned | XGBoost,employment_status,CC,current_address_months_count,0.276680685356636,0.04988619876809775,51
hyperparameter_tuned | XGBoost,employment_status,CC,income,0.26336716980235103,-0.02438388504854897,51
hyperparameter_tuned | XGBoost,employment_status,CC,employment_status_CA,0.21260379162226692,-0.21260379162226692,51
hyperparameter_tuned | XGBoost,employment_status,CC,bank_branch_count_8w,0.19618555595541334,0.02559421805929685,51
hyperparameter_tuned | XGBoost,employment_status,CC,days_since_request,0.178194067068067,-0.008044261305156968,51
hyperparameter_tuned | XGBoost,employment_status,CC,velocity_4w,0.17757066142389788,-0.023924825918254684,51
hyperparameter_tuned | XGBoost,employment_status,CC,credit_risk_score,0.1684597068532329,-0.028642175804838466,51
hyperparameter_tuned | XGBoost,employment_status,CC,velocity_24h,0.13047749618745147,0.04870599703622585,51
hyperparameter_tuned | XGBoost,employment_status,CC,bank_months_count,0.09237458661350983,0.025530662851838404,51
hyperparameter_tuned | XGBoost,employment_status,CD,name_email_similarity,0.45627144462937763,-0.14514101880046332,27
hyperparameter_tuned | XGBoost,employment_status,CD,phone_home_valid,0.44473045765392105,0.02008443461343025,27
hyperparameter_tuned | XGBoost,employment_status,CD,employment_status_CA,0.3909025792305841,-0.3909025792305841,27
hyperparameter_tuned | XGBoost,employment_status,CD,current_address_months_count,0.36629858949616195,-0.06565627185177249,27
hyperparameter_tuned | XGBoost,employment_status,CD,email_is_free,0.3388986913836561,-0.03793271572467077,27
hyperparameter_tuned | XGBoost,employment_status,CD,prev_address_months_count,0.33614089627836446,-0.0004599803296366264,27
hyperparameter_tuned | XGBoost,employment_status,CD,device_os_windows,0.329411146545317,-0.04069612860739989,27
hyperparameter_tuned | XGBoost,employment_status,CD,income,0.32280775343205914,-0.11558965426800702,27
hyperparameter_tuned | XGBoost,employment_status,CD,has_other_cards,0.32271316458065824,-0.02602299523063402,27
hyperparameter_tuned | XGBoost,employment_status,CD,keep_alive_session,0.31287012129681424,-0.03715864556638904,27
hyperparameter_tuned | XGBoost,employment_status,CD,intended_balcon_amount,0.3121127671408208,-0.008729254878082966,27
hyperparameter_tuned | XGBoost,employment_status,CD,bank_branch_count_8w,0.23806850572603894,0.0038146036837888144,27
hyperparameter_tuned | XGBoost,employment_status,CD,velocity_4w,0.18779164369998466,0.005959579780120055,27
hyperparameter_tuned | XGBoost,employment_status,CD,velocity_24h,0.1673981893634091,0.0059924714198765616,27
hyperparameter_tuned | XGBoost,employment_status,CD,customer_age,0.1411092975295442,0.067708793676122,27
hyperparameter_tuned | XGBoost,employment_status,CD,bank_months_count,0.1307291469418043,0.06390702308954335,27
hyperparameter_tuned | XGBoost,employment_status,CD,housing_status_BA,0.11805484332972103,-0.11805484332972103,27
hyperparameter_tuned | XGBoost,employment_status,CD,days_since_request,0.10469326469995494,-0.03633266443636751,27
hyperparameter_tuned | XGBoost,employment_status,CD,date_of_birth_distinct_emails_4w,0.09847111422582572,-0.008322593116910732,27
hyperparameter_tuned | XGBoost,employment_status,CD,credit_risk_score,0.09057103059167275,-0.020272404628663532,27
hyperparameter_tuned | XGBoost,employment_status,CE,prev_address_months_count,0.4834321034372988,-0.2375123268985044,32
hyperparameter_tuned | XGBoost,employment_status,CE,name_email_similarity,0.4828677580271506,-0.052031847934249524,32
hyperparameter_tuned | XGBoost,employment_status,CE,phone_home_valid,0.44688846172284685,0.005546845179960645,32
hyperparameter_tuned | XGBoost,employment_status,CE,employment_status_CA,0.39428672939138776,-0.39428672939138776,32
hyperparameter_tuned | XGBoost,employment_status,CE,current_address_months_count,0.3883561136313983,-0.10698373914865443,32
hyperparameter_tuned | XGBoost,employment_status,CE,device_os_windows,0.35441044252147547,-0.07472157383788727,32
hyperparameter_tuned | XGBoost,employment_status,CE,intended_balcon_amount,0.33993030682104286,-0.08262259383038326,32
hyperparameter_tuned | XGBoost,employment_status,CE,keep_alive_session,0.33456700544358686,0.02050400456422722,32
hyperparameter_tuned | XGBoost,employment_status,CE,income,0.3209315408312977,-0.20102090610838785,32
hyperparameter_tuned | XGBoost,employment_status,CE,has_other_cards,0.28716110700700026,-0.0004940266544281244,32
hyperparameter_tuned | XGBoost,employment_status,CE,email_is_free,0.2532795104155957,0.10774198107545088,32
hyperparameter_tuned | XGBoost,employment_status,CE,bank_branch_count_8w,0.20380390915503085,0.015287012365442932,32
hyperparameter_tuned | XGBoost,employment_status,CE,housing_status_BA,0.1977565530972788,-0.021285153717035432,32
hyperparameter_tuned | XGBoost,employment_status,CE,velocity_4w,0.1683809982060302,0.035420367658389296,32
hyperparameter_tuned | XGBoost,employment_status,CE,days_since_request,0.14591321288249673,-0.013618475619823586,32
hyperparameter_tuned | XGBoost,employment_status,CE,velocity_24h,0.1424713695816081,0.07409220370414005,32
hyperparameter_tuned | XGBoost,employment_status,CE,credit_risk_score,0.13867631155186244,-0.09921682704915838,32
hyperparameter_tuned | XGBoost,employment_status,CE,customer_age,0.13017182043695358,-0.06419962825151743,32
hyperparameter_tuned | XGBoost,employment_status,CE,bank_months_count,0.12768217005012047,0.0167201777149603,32
hyperparameter_tuned | XGBoost,employment_status,CE,date_of_birth_distinct_emails_4w,0.07753899707689016,-0.07433123145915488,32
hyperparameter_tuned | XGBoost,employment_status,CF,phone_home_valid,0.5022138948399872,-0.13985391793122406,53
hyperparameter_tuned | XGBoost,employment_status,CF,name_email_similarity,0.4559430818050388,-0.03012258754606044,53
hyperparameter_tuned | XGBoost,employment_status,CF,employment_status_CA,0.3872308413546427,-0.3872308413546427,53
hyperparameter_tuned | XGBoost,employment_status,CF,current_address_months_count,0.36124228219187565,-0.04400683832523975,53
hyperparameter_tuned | XGBoost,employment_status,CF,email_is_free,0.3550606702486017,0.008024787727681884,53
hyperparameter_tuned | XGBoost,employment_status,CF,prev_address_months_count,0.34222798230464757,-0.014481418694431,53
hyperparameter_tuned | XGBoost,employment_status,CF,keep_alive_session,0.33374954793106915,-0.04518014794232035,53
hyperparameter_tuned | XGBoost,employment_status,CF,device_os_windows,0.30074889241441,-0.09551357965050965,53
hyperparameter_tuned | XGBoost,employment_status,CF,intended_balcon_amount,0.2876416987400142,0.12769335852714062,53
hyperparameter_tuned | XGBoost,employment_status,CF,income,0.265816788436924,-0.05550732859177515,53
hyperparameter_tuned | XGBoost,employment_status,CF,bank_branch_count_8w,0.2527813301524938,-0.07813931903740357,53
hyperparameter_tuned | XGBoost,employment_status,CF,has_other_cards,0.24380367789514423,-0.008345177993658857,53
hyperparameter_tuned | XGBoost,employment_status,CF,velocity_4w,0.19482970609175335,-0.0029098405290937553,53
hyperparameter_tuned | XGBoost,employment_status,CF,credit_risk_score,0.1559890802465555,-0.060266357636675545,53
hyperparameter_tuned | XGBoost,employment_status,CF,days_since_request,0.15347031066268857,-0.08394649850371522,53
hyperparameter_tuned | XGBoost,employment_status,CF,housing_status_BA,0.1519367138863067,-0.07586762973942072,53
hyperparameter_tuned | XGBoost,employment_status,CF,date_of_birth_distinct_emails_4w,0.11606969867837902,-0.02671763512302072,53
hyperparameter_tuned | XGBoost,employment_status,CF,velocity_24h,0.1086827283757706,0.030756461895854847,53
hyperparameter_tuned | XGBoost,employment_status,CF,bank_months_count,0.0992567453027114,-4.402264919711662e-05,53
hyperparameter_tuned | XGBoost,employment_status,CF,customer_age,0.06566112571264142,0.01612653547515741,53
hyperparameter_tuned | XGBoost,employment_status,CG,has_other_cards,0.8363923653346137,-0.8363923653346137,1
hyperparameter_tuned | XGBoost,employment_status,CG,phone_home_valid,0.6480089706531725,-0.6480089706531725,1
hyperparameter_tuned | XGBoost,employment_status,CG,date_of_birth_distinct_emails_4w,0.5110439595545176,0.5110439595545176,1
hyperparameter_tuned | XGBoost,employment_status,CG,income,0.5000174754415638,0.5000174754415638,1
hyperparameter_tuned | XGBoost,employment_status,CG,bank_branch_count_8w,0.3058842185465619,0.3058842185465619,1
hyperparameter_tuned | XGBoost,employment_status,CG,employment_status_CA,0.291473784269765,-0.291473784269765,1
hyperparameter_tuned | XGBoost,employment_status,CG,email_is_free,0.2765487412258517,-0.2765487412258517,1
hyperparameter_tuned | XGBoost,employment_status,CG,device_os_windows,0.2593515461892821,-0.2593515461892821,1
hyperparameter_tuned | XGBoost,employment_status,CG,days_since_request,0.23674437517183833,-0.23674437517183833,1
hyperparameter_tuned | XGBoost,employment_status,CG,name_email_similarity,0.2096434973360738,-0.2096434973360738,1
hyperparameter_tuned | XGBoost,employment_status,CG,keep_alive_session,0.20875373013434,-0.20875373013434,1
hyperparameter_tuned | XGBoost,employment_status,CG,prev_address_months_count,0.19228133517783136,0.19228133517783136,1
hyperparameter_tuned | XGBoost,employment_status,CG,intended_balcon_amount,0.1833940260077361,0.1833940260077361,1
hyperparameter_tuned | XGBoost,employment_status,CG,velocity_4w,0.1725516387296375,0.1725516387296375,1
hyperparameter_tuned | XGBoost,employment_status,CG,customer_age,0.13324377880198882,0.13324377880198882,1
hyperparameter_tuned | XGBoost,employment_status,CG,housing_status_BA,0.1211375934490934,-0.1211375934490934,1
hyperparameter_tuned | XGBoost,employment_status,CG,velocity_24h,0.10894329431204824,-0.10894329431204824,1
hyperparameter_tuned | XGBoost,employment_status,CG,current_address_months_count,0.06451796639245004,0.06451796639245004,1
hyperparameter_tuned | XGBoost,employment_status,CG,bank_months_count,0.013283496502554044,-0.013283496502554044,1
hyperparameter_tuned | XGBoost,employment_status,CG,credit_risk_score,0.0005198521625425201,-0.0005198521625425201,1
hyperparameter_tuned | XGBoost,payment_type,AA,intended_balcon_amount,0.49347708172544685,-0.4625038990240252,415
hyperparameter_tuned | XGBoost,payment_type,AA,phone_home_valid,0.4719136196836459,-0.07480835126465783,415
hyperparameter_tuned | XGBoost,payment_type,AA,name_email_similarity,0.42897849497270446,-0.0699696957516913,415
hyperparameter_tuned | XGBoost,payment_type,AA,has_other_cards,0.41029560272247634,-0.16362494456323273,415
hyperparameter_tuned | XGBoost,payment_type,AA,prev_address_months_count,0.37269804463099904,-0.0691284597232259,415
hyperparameter_tuned | XGBoost,payment_type,AA,current_address_months_count,0.34194071807471355,-0.02879636175388818,415
hyperparameter_tuned | XGBoost,payment_type,AA,device_os_windows,0.32677570468696754,-0.03543009229505951,415
hyperparameter_tuned | XGBoost,payment_type,AA,email_is_free,0.3182208871195704,0.026060307041155622,415
hyperparameter_tuned | XGBoost,payment_type,AA,keep_alive_session,0.3094908105860638,-0.02521801407948271,415
hyperparameter_tuned | XGBoost,payment_type,AA,housing_status_BA,0.27959013360858254,0.08492062900882462,415
hyperparameter_tuned | XGBoost,payment_type,AA,income,0.26099524290846793,0.013237009860833279,415
hyperparameter_tuned | XGBoost,payment_type,AA,bank_branch_count_8w,0.2287852206345064,-0.10338700191170001,415
hyperparameter_tuned | XGBoost,payment_type,AA,velocity_4w,0.17684452121931757,-0.0061754047387077605,415
hyperparameter_tuned | XGBoost,payment_type,AA,employment_status_CA,0.1549921271991558,-0.009429194775462597,415
hyperparameter_tuned | XGBoost,payment_type,AA,credit_risk_score,0.14754717087175548,-0.05025381935495253,415
hyperparameter_tuned | XGBoost,payment_type,AA,velocity_24h,0.14726749030221106,0.06021056418289269,415
hyperparameter_tuned | XGBoost,payment_type,AA,date_of_birth_distinct_emails_4w,0.13698773504402528,0.015628766725870012,415
hyperparameter_tuned | XGBoost,payment_type,AA,days_since_request,0.13605588878182476,0.019032124451736087,415
hyperparameter_tuned | XGBoost,payment_type,AA,bank_months_count,0.13206201850741342,0.00925510396211792,415
hyperparameter_tuned | XGBoost,payment_type,AA,customer_age,0.13033025572473653,0.029763303877146215,415
hyperparameter_tuned | XGBoost,payment_type,AB,phone_home_valid,0.4789740499859636,-0.06757487036984455,575
hyperparameter_tuned | XGBoost,payment_type,AB,name_email_similarity,0.4290002190582829,-0.022154576916287087,575
hyperparameter_tuned | XGBoost,payment_type,AB,prev_address_months_count,0.36843391307459167,-0.06777245090545116,575
hyperparameter_tuned | XGBoost,payment_type,AB,device_os_windows,0.36261498036969697,0.042390077296049204,575
hyperparameter_tuned | XGBoost,payment_type,AB,current_address_months_count,0.35113977042458366,-0.028715714456860747,575
hyperparameter_tuned | XGBoost,payment_type,AB,email_is_free,0.34191659332263974,-0.0004460344780438944,575
hyperparameter_tuned | XGBoost,payment_type,AB,keep_alive_session,0.3331220962546512,-0.02394523036133437,575
hyperparameter_tuned | XGBoost,payment_type,AB,has_other_cards,0.3308347519965577,-0.0363965717281106,575
hyperparameter_tuned | XGBoost,payment_type,AB,housing_status_BA,0.27031657168232714,0.0808238686753113,575
hyperparameter_tuned | XGBoost,payment_type,AB,income,0.2696224141514536,-0.002762061280923207,575
hyperparameter_tuned | XGBoost,payment_type,AB,intended_balcon_amount,0.25259488552503045,0.23461666909814202,575
hyperparameter_tuned | XGBoost,payment_type,AB,velocity_4w,0.196568869246958,0.019614458390172958,575
hyperparameter_tuned | XGBoost,payment_type,AB,bank_branch_count_8w,0.18810243228401827,-0.12152814196890384,575
hyperparameter_tuned | XGBoost,payment_type,AB,employment_status_CA,0.17033909349679066,0.010617242117443266,575
hyperparameter_tuned | XGBoost,payment_type,AB,bank_months_count,0.16564229688998972,0.023396352021836007,575
hyperparameter_tuned | XGBoost,payment_type,AB,credit_risk_score,0.1651135319724168,0.020146286573329862,575
hyperparameter_tuned | XGBoost,payment_type,AB,date_of_birth_distinct_emails_4w,0.1470506388090227,0.008012158636040176,575
hyperparameter_tuned | XGBoost,payment_type,AB,days_since_request,0.13644948928274175,-0.06229484037722501,575
hyperparameter_tuned | XGBoost,payment_type,AB,customer_age,0.11805991958960405,0.032014281890747835,575
hyperparameter_tuned | XGBoost,payment_type,AB,velocity_24h,0.10850858550127752,0.019017211174276596,575
hyperparameter_tuned | XGBoost,payment_type,AC,phone_home_valid,0.4672241723505898,0.04387250871806842,381
hyperparameter_tuned | XGBoost,payment_type,AC,prev_address_months_count,0.40375664312224424,-0.10937008460247254,381
hyperparameter_tuned | XGBoost,payment_type,AC,name_email_similarity,0.3931769200644866,-0.1056594554367237,381
hyperparameter_tuned | XGBoost,payment_type,AC,current_address_months_count,0.3599063851516034,-0.03040782131213729,381
hyperparameter_tuned | XGBoost,payment_type,AC,device_os_windows,0.3541092027134135,-0.010546387568931398,381
hyperparameter_tuned | XGBoost,payment_type,AC,keep_alive_session,0.3474222568266985,0.006480644313501516,381
hyperparameter_tuned | XGBoost,payment_type,AC,email_is_free,0.3381222108134595,-0.013701224508527246,381
hyperparameter_tuned | XGBoost,payment_type,AC,has_other_cards,0.3090020448351125,-0.02178485349080329,381
hyperparameter_tuned | XGBoost,payment_type,AC,bank_branch_count_8w,0.30079055768265966,0.28733216092845404,381
hyperparameter_tuned | XGBoost,payment_type,AC,income,0.2874810149337182,-0.011978491760638796,381
hyperparameter_tuned | XGBoost,payment_type,AC,housing_status_BA,0.25665862287805363,0.05563473086219937,381
hyperparameter_tuned | XGBoost,payment_type,AC,intended_balcon_amount,0.22586731812261288,0.21323798543332068,381
hyperparameter_tuned | XGBoost,payment_type,AC,velocity_4w,0.18354309104034583,0.010472530944101307,381
hyperparameter_tuned | XGBoost,payment_type,AC,credit_risk_score,0.16383633406550407,0.010880030721230153,381
hyperparameter_tuned | XGBoost,payment_type,AC,employment_status_CA,0.15816188253783298,0.01871174240487431,381
hyperparameter_tuned | XGBoost,payment_type,AC,date_of_birth_distinct_emails_4w,0.1427063611808329,0.02300296084192524,381
hyperparameter_tuned | XGBoost,payment_type,AC,days_since_request,0.12958595433720208,0.01261204235144039,381
hyperparameter_tuned | XGBoost,payment_type,AC,customer_age,0.11679376152208992,0.00966114894094635,381
hyperparameter_tuned | XGBoost,payment_type,AC,velocity_24h,0.11610472804955094,0.022750369514110424,381
hyperparameter_tuned | XGBoost,payment_type,AC,bank_months_count,0.03011419128741396,-0.017604265754706784,381
hyperparameter_tuned | XGBoost,payment_type,AD,phone_home_valid,0.4531500162220209,0.06188827216411938,128
hyperparameter_tuned | XGBoost,payment_type,AD,name_email_similarity,0.4151379634807108,-0.07172630069608203,128
hyperparameter_tuned | XGBoost,payment_type,AD,prev_address_months_count,0.37005419030034314,-0.06427115840919215,128
hyperparameter_tuned | XGBoost,payment_type,AD,current_address_months_count,0.34643685046631617,-0.08710737715119649,128
hyperparameter_tuned | XGBoost,payment_type,AD,email_is_free,0.33901471506296726,0.04257072423455611,128
hyperparameter_tuned | XGBoost,payment_type,AD,device_os_windows,0.3355644954201489,-0.014412725394322479,128
hyperparameter_tuned | XGBoost,payment_type,AD,keep_alive_session,0.3272886402971926,-0.06315132247701513,128
hyperparameter_tuned | XGBoost,payment_type,AD,has_other_cards,0.3129433760440076,-0.01347475716624216,128
hyperparameter_tuned | XGBoost,payment_type,AD,housing_status_BA,0.2987419518588831,0.11484560730366866,128
hyperparameter_tuned | XGBoost,payment_type,AD,income,0.27548376268876384,0.061639382913654124,128
hyperparameter_tuned | XGBoost,payment_type,AD,intended_balcon_amount,0.24787945230248626,0.21571714558392158,128
hyperparameter_tuned | XGBoost,payment_type,AD,bank_branch_count_8w,0.19193188217278473,-0.10728118201001961,128
hyperparameter_tuned | XGBoost,payment_type,AD,credit_risk_score,0.185560898368293,0.028138180124439034,128
hyperparameter_tuned | XGBoost,payment_type,AD,velocity_4w,0.1854332595343317,0.008343246199690384,128
hyperparameter_tuned | XGBoost,payment_type,AD,employment_status_CA,0.16990043044059117,-0.003050911603352233,128
hyperparameter_tuned | XGBoost,payment_type,AD,bank_months_count,0.1502230958921632,0.026418143462362875,128
hyperparameter_tuned | XGBoost,payment_type,AD,customer_age,0.12411167527407996,0.0008123518163392872,128
hyperparameter_tuned | XGBoost,payment_type,AD,velocity_24h,0.12400795978325647,0.028633097763162425,128
hyperparameter_tuned | XGBoost,payment_type,AD,date_of_birth_distinct_emails_4w,0.12288209966131945,-0.02967956874319498,128
hyperparameter_tuned | XGBoost,payment_type,AD,days_since_request,0.1078595303674956,-0.0460646941559935,128
hyperparameter_tuned | XGBoost,payment_type,AE,has_other_cards,0.8454728145065019,-0.8454728145065019,1
hyperparameter_tuned | XGBoost,payment_type,AE,prev_address_months_count,0.8354934826842509,-0.8354934826842509,1
hyperparameter_tuned | XGBoost,payment_type,AE,current_address_months_count,0.8044418466376374,-0.8044418466376374,1
hyperparameter_tuned | XGBoost,payment_type,AE,keep_alive_session,0.379739441156853,0.379739441156853,1
hyperparameter_tuned | XGBoost,payment_type,AE,intended_balcon_amount,0.3624846974853426,-0.3624846974853426,1
hyperparameter_tuned | XGBoost,payment_type,AE,bank_branch_count_8w,0.3578242258576211,0.3578242258576211,1
hyperparameter_tuned | XGBoost,payment_type,AE,phone_home_valid,0.3480973752227146,0.3480973752227146,1
hyperparameter_tuned | XGBoost,payment_type,AE,name_email_similarity,0.33102609831257723,-0.33102609831257723,1
hyperparameter_tuned | XGBoost,payment_type,AE,email_is_free,0.2635502239794005,-0.2635502239794005,1
hyperparameter_tuned | XGBoost,payment_type,AE,device_os_windows,0.21552486893953757,-0.21552486893953757,1
hyperparameter_tuned | XGBoost,payment_type,AE,customer_age,0.176946771084331,-0.176946771084331,1
hyperparameter_tuned | XGBoost,payment_type,AE,income,0.16487310584634543,-0.16487310584634543,1
hyperparameter_tuned | XGBoost,payment_type,AE,credit_risk_score,0.16282513423415368,-0.16282513423415368,1
hyperparameter_tuned | XGBoost,payment_type,AE,housing_status_BA,0.12423121928004548,-0.12423121928004548,1
hyperparameter_tuned | XGBoost,payment_type,AE,velocity_4w,0.1135633139393758,0.1135633139393758,1
hyperparameter_tuned | XGBoost,payment_type,AE,employment_status_CA,0.09181949123245431,0.09181949123245431,1
hyperparameter_tuned | XGBoost,payment_type,AE,date_of_birth_distinct_emails_4w,0.05253087426302955,-0.05253087426302955,1
hyperparameter_tuned | XGBoost,payment_type,AE,velocity_24h,0.047585915792733434,-0.047585915792733434,1
hyperparameter_tuned | XGBoost,payment_type,AE,bank_months_count,0.02734937457134947,-0.02734937457134947,1
hyperparameter_tuned | XGBoost,payment_type,AE,days_since_request,0.015455515799112618,0.015455515799112618,1
hyperparameter_tuned | XGBoost,source,INTERNET,phone_home_valid,0.4717522111873422,-0.02863074469048709,1485
hyperparameter_tuned | XGBoost,source,INTERNET,name_email_similarity,0.4183403273995539,-0.05997499635451636,1485
hyperparameter_tuned | XGBoost,source,INTERNET,prev_address_months_count,0.3785022050055091,-0.07838119792102315,1485
hyperparameter_tuned | XGBoost,source,INTERNET,current_address_months_count,0.350712753118924,-0.03540356853634773,1485
hyperparameter_tuned | XGBoost,source,INTERNET,device_os_windows,0.34902399204832246,0.004004497741095044,1485
hyperparameter_tuned | XGBoost,source,INTERNET,has_other_cards,0.3451356604112758,-0.06514979614388511,1485
hyperparameter_tuned | XGBoost,source,INTERNET,email_is_free,0.3336956494238756,0.006033373742683413,1485
hyperparameter_tuned | XGBoost,source,INTERNET,keep_alive_session,0.3291821512794479,-0.023742390567703744,1485
hyperparameter_tuned | XGBoost,source,INTERNET,intended_balcon_amount,0.3127538132055158,0.03367882933649658,1485
hyperparameter_tuned | XGBoost,source,INTERNET,income,0.27249853703015414,0.006336464340334464,1485
hyperparameter_tuned | XGBoost,source,INTERNET,housing_status_BA,0.2716185614509612,0.07818838361749011,1485
hyperparameter_tuned | XGBoost,source,INTERNET,bank_branch_count_8w,0.22815212358730713,-0.013531684411301589,1485
hyperparameter_tuned | XGBoost,source,INTERNET,velocity_4w,0.1869867243678695,0.009149895007623109,1485
hyperparameter_tuned | XGBoost,source,INTERNET,employment_status_CA,0.16282472037784823,0.006427563937047146,1485
hyperparameter_tuned | XGBoost,source,INTERNET,credit_risk_score,0.16144788874609528,-0.0011746069096886826,1485
hyperparameter_tuned | XGBoost,source,INTERNET,date_of_birth_distinct_emails_4w,0.1400517826950031,0.009299508702967892,1485
hyperparameter_tuned | XGBoost,source,INTERNET,days_since_request,0.13146954912782816,-0.02056269623454455,1485
hyperparameter_tuned | XGBoost,source,INTERNET,velocity_24h,0.12244678595760372,0.03201652261220543,1485
hyperparameter_tuned | XGBoost,source,INTERNET,customer_age,0.12119560780985476,0.02183336359041865,1485
hyperparameter_tuned | XGBoost,source,INTERNET,bank_months_count,0.12101940691302708,0.008939835479776594,1485
hyperparameter_tuned | XGBoost,source,TELEAPP,phone_home_valid,0.47106042764366923,-0.15994255588708134,15
hyperparameter_tuned | XGBoost,source,TELEAPP,name_email_similarity,0.44899381015069467,-0.16544539907753156,15
hyperparameter_tuned | XGBoost,source,TELEAPP,has_other_cards,0.44054705649473663,-0.19701362503449005,15
hyperparameter_tuned | XGBoost,source,TELEAPP,prev_address_months_count,0.4318083318184751,-0.13290634237711002,15
hyperparameter_tuned | XGBoost,source,TELEAPP,keep_alive_session,0.38593082265536455,0.38593082265536455,15
hyperparameter_tuned | XGBoost,source,TELEAPP,email_is_free,0.37384439951010673,0.10428890197429186,15
hyperparameter_tuned | XGBoost,source,TELEAPP,current_address_months_count,0.351667937508435,0.038180486266850486,15
hyperparameter_tuned | XGBoost,source,TELEAPP,housing_status_BA,0.2839004522652055,0.09192498860539247,15
hyperparameter_tuned | XGBoost,source,TELEAPP,device_os_windows,0.25988596549583604,-0.15696002572821455,15
hyperparameter_tuned | XGBoost,source,TELEAPP,bank_branch_count_8w,0.2550112813697973,0.22731001117491784,15
hyperparameter_tuned | XGBoost,source,TELEAPP,intended_balcon_amount,0.2494758853120729,0.09635916394103941,15
hyperparameter_tuned | XGBoost,source,TELEAPP,income,0.2428431916050613,-0.1562208762255808,15
hyperparameter_tuned | XGBoost,source,TELEAPP,date_of_birth_distinct_emails_4w,0.23864621981254702,0.14638475936222436,15
hyperparameter_tuned | XGBoost,source,TELEAPP,days_since_request,0.192206248834768,0.1025843425730321,15
hyperparameter_tuned | XGBoost,source,TELEAPP,credit_risk_score,0.18390036081996125,0.0038149756486527595,15
hyperparameter_tuned | XGBoost,source,TELEAPP,employment_status_CA,0.17138357478281255,-0.034843826569442175,15
hyperparameter_tuned | XGBoost,source,TELEAPP,customer_age,0.17051310921576804,0.1296913514887759,15
hyperparameter_tuned | XGBoost,source,TELEAPP,velocity_4w,0.1680819104958015,0.019963975911183904,15
hyperparameter_tuned | XGBoost,source,TELEAPP,velocity_24h,0.12209827643594083,0.04420572431683831,15
hyperparameter_tuned | XGBoost,source,TELEAPP,bank_months_count,0.071043443716558,0.04433750702894758,15
advanced_gate | CatBoost,housing_status,BA,housing_status,0.6888473379050369,0.6888473379050369,278
advanced_gate | CatBoost,housing_status,BA,device_os,0.41857733540142816,0.10383325679498714,278
advanced_gate | CatBoost,housing_status,BA,has_other_cards,0.355764506229615,-0.016891880924079835,278
advanced_gate | CatBoost,housing_status,BA,name_email_similarity,0.3235223440742846,0.07922017835673263,278
advanced_gate | CatBoost,housing_status,BA,keep_alive_session,0.29514243898908016,0.03566602289867759,278
advanced_gate | CatBoost,housing_status,BA,phone_home_valid,0.2937805393658097,-0.02316569753903026,278
advanced_gate | CatBoost,housing_status,BA,prev_address_months_count,0.2901477175272039,0.1458769804679319,278
advanced_gate | CatBoost,housing_status,BA,income,0.2710682675823337,0.15595404798838447,278
advanced_gate | CatBoost,housing_status,BA,current_address_months_count,0.24046068878908639,0.11354719365448393,278
advanced_gate | CatBoost,housing_status,BA,intended_balcon_amount,0.1810020163313684,0.004782763025972237,278
advanced_gate | CatBoost,housing_status,BA,bank_branch_count_8w,0.17998754573833625,0.010442225864882651,278
advanced_gate | CatBoost,housing_status,BA,customer_age,0.17146174911543563,0.09791234182440073,278
advanced_gate | CatBoost,housing_status,BA,credit_risk_score,0.16724207901824845,0.11099297855121162,278
advanced_gate | CatBoost,housing_status,BA,email_free__source,0.1605434013415615,-0.024650738764356524,278
advanced_gate | CatBoost,housing_status,BA,date_of_birth_distinct_emails_4w,0.11731399438982942,0.05344166211163235,278
advanced_gate | CatBoost,housing_status,BA,velocity_4w,0.09863399387329827,0.02574371855918441,278
advanced_gate | CatBoost,housing_status,BA,employment_status,0.09858896643789741,0.03366394579943735,278
advanced_gate | CatBoost,housing_status,BA,phone_valid_combo,0.08342461434550755,-0.006398220652823632,278
advanced_gate | CatBoost,housing_status,BA,bank_months_count,0.07522819315484894,-0.007917371110836775,278
advanced_gate | CatBoost,housing_status,BA,email_is_free,0.07469020801333788,-0.01417485845179796,278
advanced_gate | CatBoost,housing_status,BB,device_os,0.41062365538449797,-0.11167971402387454,460
advanced_gate | CatBoost,housing_status,BB,has_other_cards,0.33419890687072984,-9.768263819321895e-05,460
advanced_gate | CatBoost,housing_status,BB,current_address_months_count,0.3020290275402575,0.058166400981453655,460
advanced_gate | CatBoost,housing_status,BB,name_email_similarity,0.3019474962858729,0.06424771902064777,460
advanced_gate | CatBoost,housing_status,BB,phone_home_valid,0.29831948441425027,-0.04753180206225995,460
advanced_gate | CatBoost,housing_status,BB,keep_alive_session,0.285330737745575,-0.027610643499982688,460
advanced_gate | CatBoost,housing_status,BB,prev_address_months_count,0.2647752095407026,0.039840789926400035,460
advanced_gate | CatBoost,housing_status,BB,income,0.23113617309037068,0.0614675581585118,460
advanced_gate | CatBoost,housing_status,BB,bank_branch_count_8w,0.18070904430016027,0.024353194423540128,460
advanced_gate | CatBoost,housing_status,BB,email_free__source,0.16832673917067534,-0.03219717050470087,460
advanced_gate | CatBoost,housing_status,BB,intended_balcon_amount,0.1634192201724486,0.05977432672875386,460
advanced_gate | CatBoost,housing_status,BB,housing_status,0.15572734977455466,-0.14871434818409923,460
advanced_gate | CatBoost,housing_status,BB,customer_age,0.1417309708169411,0.0401294716021124,460
advanced_gate | CatBoost,housing_status,BB,employment_status,0.12175577316601331,-0.004891899030553682,460
advanced_gate | CatBoost,housing_status,BB,velocity_4w,0.09965888021389471,0.010514882499591524,460
advanced_gate | CatBoost,housing_status,BB,date_of_birth_distinct_emails_4w,0.09541940952979462,0.042545510233739176,460
advanced_gate | CatBoost,housing_status,BB,phone_valid_combo,0.08477532698660217,-0.0229000348956731,460
advanced_gate | CatBoost,housing_status,BB,credit_risk_score,0.08110371737138768,0.007733450823730012,460
advanced_gate | CatBoost,housing_status,BB,email_is_free,0.07901178785317256,-0.014082672054757684,460
advanced_gate | CatBoost,housing_status,BB,bank_months_count,0.063665453493456,-0.004376179993382453,460
advanced_gate | CatBoost,housing_status,BC,device_os,0.4271163593267686,-0.04043538150404624,450
advanced_gate | CatBoost,housing_status,BC,has_other_cards,0.33871958677828545,0.010763919838003603,450
advanced_gate | CatBoost,housing_status,BC,current_address_months_count,0.32148408720093397,-0.11358822496896366,450
advanced_gate | CatBoost,housing_status,BC,name_email_similarity,0.3151060140246757,0.06326228223992246,450
advanced_gate | CatBoost,housing_status,BC,prev_address_months_count,0.31331099036997356,-0.07013762052047794,450
advanced_gate | CatBoost,housing_status,BC,phone_home_valid,0.2936597853911786,0.008331571191426863,450
advanced_gate | CatBoost,housing_status,BC,keep_alive_session,0.28870870117258385,-0.021911191738375302,450
advanced_gate | CatBoost,housing_status,BC,income,0.24680724001575222,0.09739356678075366,450
advanced_gate | CatBoost,housing_status,BC,intended_balcon_amount,0.2121221601514751,-0.0430450062642082,450
advanced_gate | CatBoost,housing_status,BC,email_free__source,0.1643726001735343,0.0017708414374274961,450
advanced_gate | CatBoost,housing_status,BC,housing_status,0.15967506285254895,-0.15397601648960824,450
advanced_gate | CatBoost,housing_status,BC,bank_branch_count_8w,0.15781003180944372,-0.012850713180721297,450
advanced_gate | CatBoost,housing_status,BC,customer_age,0.1381624459611611,-0.014611918336473092,450
advanced_gate | CatBoost,housing_status,BC,employment_status,0.11230314298759654,0.018451914380417857,450
advanced_gate | CatBoost,housing_status,BC,velocity_4w,0.10390232539687001,0.022653831919544887,450
advanced_gate | CatBoost,housing_status,BC,phone_valid_combo,0.08181148638903059,-0.005765744927508031,450
advanced_gate | CatBoost,housing_status,BC,email_is_free,0.07702570654647647,-0.0008372007195926632,450
advanced_gate | CatBoost,housing_status,BC,credit_risk_score,0.07586645499168003,-2.7558149029458275e-05,450
advanced_gate | CatBoost,housing_status,BC,bank_months_count,0.07169029785706865,-0.005224643039381968,450
advanced_gate | CatBoost,housing_status,BC,date_of_birth_distinct_emails_4w,0.06964597814518822,0.012128918325920151,450
advanced_gate | CatBoost,housing_status,BD,device_os,0.3887241987707023,0.009059536431968053,47
advanced_gate | CatBoost,housing_status,BD,has_other_cards,0.34366951535260026,0.006982665450132894,47
advanced_gate | CatBoost,housing_status,BD,prev_address_months_count,0.32833176140286086,0.08216930312742116,47
advanced_gate | CatBoost,housing_status,BD,name_email_similarity,0.3096370829845934,0.14988933765277562,47
advanced_gate | CatBoost,housing_status,BD,phone_home_valid,0.2974605861645869,0.02000877171350438,47
advanced_gate | CatBoost,housing_status,BD,keep_alive_session,0.29314236483355033,0.02249260137676756,47
advanced_gate | CatBoost,housing_status,BD,current_address_months_count,0.2904409850064396,0.06360403258005545,47
advanced_gate | CatBoost,housing_status,BD,housing_status,0.26193821067073264,0.26193821067073264,47
advanced_gate | CatBoost,housing_status,BD,income,0.22274272914460674,0.04326189862976472,47
advanced_gate | CatBoost,housing_status,BD,intended_balcon_amount,0.200667573642437,0.009996410738406495,47
advanced_gate | CatBoost,housing_status,BD,bank_branch_count_8w,0.16865204310040433,-0.031648823239644464,47
advanced_gate | CatBoost,housing_status,BD,email_free__source,0.16409689674750882,0.016346511489615686,47
advanced_gate | CatBoost,housing_status,BD,customer_age,0.13034585723964667,0.03937972574037742,47
advanced_gate | CatBoost,housing_status,BD,date_of_birth_distinct_emails_4w,0.11432126740485918,0.05210996165309559,47
advanced_gate | CatBoost,housing_status,BD,velocity_4w,0.10401537170745027,0.031445897329863005,47
advanced_gate | CatBoost,housing_status,BD,employment_status,0.09751511707605698,0.047772502472998295,47
advanced_gate | CatBoost,housing_status,BD,credit_risk_score,0.07753671044255127,-0.0011274892533774349,47
advanced_gate | CatBoost,housing_status,BD,bank_months_count,0.07729193793792849,-0.008203362703413134,47
advanced_gate | CatBoost,housing_status,BD,email_is_free,0.0747498538898305,0.0027559369738735942,47
advanced_gate | CatBoost,housing_status,BD,phone_valid_combo,0.07439466600563104,-0.00416291571047417,47
advanced_gate | CatBoost,housing_status,BE,device_os,0.3837149788931688,-0.04706821974879751,260
advanced_gate | CatBoost,housing_status,BE,name_email_similarity,0.28991920059680326,0.019307546218146076,260
advanced_gate | CatBoost,housing_status,BE,phone_home_valid,0.2884356535639638,0.032712657157928614,260
advanced_gate | CatBoost,housing_status,BE,housing_status,0.28568070430077724,-0.27861344458851517,260
advanced_gate | CatBoost,housing_status,BE,has_other_cards,0.2845771831421617,0.07491379996962244,260
advanced_gate | CatBoost,housing_status,BE,keep_alive_session,0.2826909669659557,-0.011231434990133508,260
advanced_gate | CatBoost,housing_status,BE,current_address_months_count,0.23309986889693238,0.07888060002049012,260
advanced_gate | CatBoost,housing_status,BE,prev_address_months_count,0.22132034957689,0.09379196691035842,260
advanced_gate | CatBoost,housing_status,BE,income,0.21749860309738983,-0.012235834958623284,260
advanced_gate | CatBoost,housing_status,BE,intended_balcon_amount,0.1876808272842945,-0.024090663795582654,260
advanced_gate | CatBoost,housing_status,BE,bank_branch_count_8w,0.1677715135621986,-0.005326634448644309,260
advanced_gate | CatBoost,housing_status,BE,email_free__source,0.16292756088354549,-0.03763657754810577,260
advanced_gate | CatBoost,housing_status,BE,customer_age,0.16286473523725403,-0.12152220170648423,260
advanced_gate | CatBoost,housing_status,BE,employment_status,0.10257159786263977,0.040006814795549746,260
advanced_gate | CatBoost,housing_status,BE,velocity_4w,0.10203391488571212,0.012280259692481822,260
advanced_gate | CatBoost,housing_status,BE,email_is_free,0.07642895602233064,-0.017064336913814242,260
advanced_gate | CatBoost,housing_status,BE,phone_valid_combo,0.07527078245988227,0.002106633924703423,260
advanced_gate | CatBoost,housing_status,BE,bank_months_count,0.07296076623402983,0.0055254490568162505,260
advanced_gate | CatBoost,housing_status,BE,credit_risk_score,0.06696983706957053,-0.014308045207101782,260
advanced_gate | CatBoost,housing_status,BE,date_of_birth_distinct_emails_4w,0.04855428660888019,-0.01626987814950424,260
advanced_gate | CatBoost,housing_status,BF,name_email_similarity,0.4238748337764344,0.32469755761151575,4
advanced_gate | CatBoost,housing_status,BF,phone_home_valid,0.3345932853797411,-0.1987539054910409,4
advanced_gate | CatBoost,housing_status,BF,intended_balcon_amount,0.2922322926206225,-0.2065840656555583,4
advanced_gate | CatBoost,housing_status,BF,income,0.28961402632955363,0.15749051625252475,4
advanced_gate | CatBoost,housing_status,BF,housing_status,0.28726882550509597,0.28726882550509597,4
advanced_gate | CatBoost,housing_status,BF,device_os,0.28166984386019756,-0.28166984386019756,4
advanced_gate | CatBoost,housing_status,BF,prev_address_months_count,0.2704103840162383,0.2704103840162383,4
advanced_gate | CatBoost,housing_status,BF,keep_alive_session,0.26492391185500214,-0.0933817533610663,4
advanced_gate | CatBoost,housing_status,BF,has_other_cards,0.22950347570683033,0.22950347570683033,4
advanced_gate | CatBoost,housing_status,BF,current_address_months_count,0.18996426496233546,0.015120727719033802,4
advanced_gate | CatBoost,housing_status,BF,email_free__source,0.16969354589892896,-0.06958024941137231,4
advanced_gate | CatBoost,housing_status,BF,bank_branch_count_8w,0.12448490369053236,-0.04733407278981823,4
advanced_gate | CatBoost,housing_status,BF,velocity_4w,0.11323246041877122,0.023909798162786086,4
advanced_gate | CatBoost,housing_status,BF,date_of_birth_distinct_emails_4w,0.11230817185795146,0.0353520109593885,4
advanced_gate | CatBoost,housing_status,BF,employment_status,0.10614101359761288,0.013741744118476569,4
advanced_gate | CatBoost,housing_status,BF,customer_age,0.10468313064219022,0.050612013307196904,4
advanced_gate | CatBoost,housing_status,BF,bank_months_count,0.08434950792688156,0.04109985283163764,4
advanced_gate | CatBoost,housing_status,BF,email_is_free,0.08056429902232996,-0.04748903345951126,4
advanced_gate | CatBoost,housing_status,BF,phone_valid_combo,0.06864037678372302,-0.032944522033911065,4
advanced_gate | CatBoost,housing_status,BF,credit_risk_score,0.04659452223445429,-0.04659452223445429,4
advanced_gate | CatBoost,housing_status,BG,has_other_cards,0.7484187478693832,-0.7484187478693832,1
advanced_gate | CatBoost,housing_status,BG,phone_home_valid,0.368079017226689,-0.368079017226689,1
advanced_gate | CatBoost,housing_status,BG,intended_balcon_amount,0.3458354983114305,-0.3458354983114305,1
advanced_gate | CatBoost,housing_status,BG,current_address_months_count,0.3345118320196113,0.3345118320196113,1
advanced_gate | CatBoost,housing_status,BG,bank_branch_count_8w,0.2851713682700233,0.2851713682700233,1
advanced_gate | CatBoost,housing_status,BG,keep_alive_session,0.2844143198396281,-0.2844143198396281,1
advanced_gate | CatBoost,housing_status,BG,device_os,0.28384129677067976,-0.28384129677067976,1
advanced_gate | CatBoost,housing_status,BG,customer_age,0.2683173029857854,0.2683173029857854,1
advanced_gate | CatBoost,housing_status,BG,housing_status,0.26428103433282923,0.26428103433282923,1
advanced_gate | CatBoost,housing_status,BG,prev_address_months_count,0.25513843389275925,0.25513843389275925,1
advanced_gate | CatBoost,housing_status,BG,income,0.2008224935710238,-0.2008224935710238,1
advanced_gate | CatBoost,housing_status,BG,name_email_similarity,0.18626323486406093,-0.18626323486406093,1
advanced_gate | CatBoost,housing_status,BG,email_free__source,0.1713869502103641,-0.1713869502103641,1
advanced_gate | CatBoost,housing_status,BG,velocity_4w,0.12068945848105851,0.12068945848105851,1
advanced_gate | CatBoost,housing_status,BG,phone_valid_combo,0.09729430337242939,-0.09729430337242939,1
advanced_gate | CatBoost,housing_status,BG,email_is_free,0.08791494558059852,-0.08791494558059852,1
advanced_gate | CatBoost,housing_status,BG,employment_status,0.0813785674902112,0.0813785674902112,1
advanced_gate | CatBoost,housing_status,BG,credit_risk_score,0.0473510064319288,-0.0473510064319288,1
advanced_gate | CatBoost,housing_status,BG,date_of_birth_distinct_emails_4w,0.006164347813909581,0.006164347813909581,1
advanced_gate | CatBoost,housing_status,BG,bank_months_count,0.0035974054110995903,0.0035974054110995903,1
advanced_gate | CatBoost,device_os,linux,has_other_cards,0.33944982980714666,-0.006400127407840109,434
advanced_gate | CatBoost,device_os,linux,device_os,0.3212076342855798,-0.3212076342855798,434
advanced_gate | CatBoost,device_os,linux,name_email_similarity,0.318928908415521,0.07855861281955964,434
advanced_gate | CatBoost,device_os,linux,phone_home_valid,0.2982578467343845,-0.033951368651805085,434
advanced_gate | CatBoost,device_os,linux,current_address_months_count,0.29315690186232557,-0.012562989044810199,434
advanced_gate | CatBoost,device_os,linux,prev_address_months_count,0.29292013726830585,0.00879958872462219,434
advanced_gate | CatBoost,device_os,linux,keep_alive_session,0.2864523259339946,-0.03411549245984926,434
advanced_gate | CatBoost,device_os,linux,housing_status,0.24935820477164244,-0.028736467651333815,434
advanced_gate | CatBoost,device_os,linux,income,0.2433661564148182,0.056502473594704644,434
advanced_gate | CatBoost,device_os,linux,intended_balcon_amount,0.18326703293678873,0.01768949184502798,434
advanced_gate | CatBoost,device_os,linux,email_free__source,0.167527538228635,0.019007359129628424,434
advanced_gate | CatBoost,device_os,linux,bank_branch_count_8w,0.16748728512497044,0.0073541437661146835,434
advanced_gate | CatBoost,device_os,linux,customer_age,0.1321098904679771,-0.00018662230864195615,434
advanced_gate | CatBoost,device_os,linux,employment_status,0.11396637094302413,0.013805166056475134,434
advanced_gate | CatBoost,device_os,linux,velocity_4w,0.10209263643983897,0.00896084669729362,434
advanced_gate | CatBoost,device_os,linux,phone_valid_combo,0.0871335168729594,-0.01948965570452337,434
advanced_gate | CatBoost,device_os,linux,date_of_birth_distinct_emails_4w,0.08556181910531747,0.029846976574118517,434
advanced_gate | CatBoost,device_os,linux,credit_risk_score,0.08250595504998662,0.007951347114767636,434
advanced_gate | CatBoost,device_os,linux,email_is_free,0.07683008734712686,0.008741871223099659,434
advanced_gate | CatBoost,device_os,linux,bank_months_count,0.06973357808871136,-0.0022651983724117034,434
advanced_gate | CatBoost,device_os,macintosh,device_os,0.4884380573887159,0.4884380573887159,95
advanced_gate | CatBoost,device_os,macintosh,housing_status,0.31556519730329397,-0.006003661507320538,95
advanced_gate | CatBoost,device_os,macintosh,has_other_cards,0.30270040654374875,0.0704365080191315,95
advanced_gate | CatBoost,device_os,macintosh,keep_alive_session,0.29952054342766804,0.006678815083131836,95
advanced_gate | CatBoost,device_os,macintosh,name_email_similarity,0.29856672193131933,0.04426067916797606,95
advanced_gate | CatBoost,device_os,macintosh,prev_address_months_count,0.2852403926063773,-0.005119739133915336,95
advanced_gate | CatBoost,device_os,macintosh,phone_home_valid,0.28397129024628665,0.04668325095760171,95
advanced_gate | CatBoost,device_os,macintosh,current_address_months_count,0.27606531871668166,-0.0712215856220843,95
advanced_gate | CatBoost,device_os,macintosh,income,0.23188439112388953,0.0733954856704492,95
advanced_gate | CatBoost,device_os,macintosh,intended_balcon_amount,0.20096431227974185,-0.037989494081146276,95
advanced_gate | CatBoost,device_os,macintosh,bank_branch_count_8w,0.1819932098999087,0.0025440713009853453,95
advanced_gate | CatBoost,device_os,macintosh,email_free__source,0.15995613331585104,-0.047018839890810925,95
advanced_gate | CatBoost,device_os,macintosh,customer_age,0.14804569830073414,-0.05903819252543338,95
advanced_gate | CatBoost,device_os,macintosh,employment_status,0.11808276070450319,-0.001392169483588264,95
advanced_gate | CatBoost,device_os,macintosh,velocity_4w,0.10340890697412891,0.008173364474490826,95
advanced_gate | CatBoost,device_os,macintosh,date_of_birth_distinct_emails_4w,0.07827622589003866,0.017537018013828117,95
advanced_gate | CatBoost,device_os,macintosh,phone_valid_combo,0.07742130652865316,0.00155610630457892,95
advanced_gate | CatBoost,device_os,macintosh,email_is_free,0.07570801007761789,-0.015227459324045576,95
advanced_gate | CatBoost,device_os,macintosh,bank_months_count,0.07110259499807756,-0.0009914057897477805,95
advanced_gate | CatBoost,device_os,macintosh,credit_risk_score,0.0675519782967678,-0.004781554884078952,95
advanced_gate | CatBoost,device_os,other,has_other_cards,0.3308370300736915,0.009316645263442728,611
advanced_gate | CatBoost,device_os,other,device_os,0.3207998140062849,-0.3207998140062849,611
advanced_gate | CatBoost,device_os,other,name_email_similarity,0.30934798432037397,0.07479889769531345,611
advanced_gate | CatBoost,device_os,other,phone_home_valid,0.2940108391601636,-0.0008577597170245411,611
advanced_gate | CatBoost,device_os,other,keep_alive_session,0.2867604935067457,-0.0031972011341155284,611
advanced_gate | CatBoost,device_os,other,housing_status,0.2853532600822612,-0.029742040456673,611
advanced_gate | CatBoost,device_os,other,current_address_months_count,0.28163587282379576,0.04693901712876463,611
advanced_gate | CatBoost,device_os,other,prev_address_months_count,0.274315507239242,0.05597394262606305,611
advanced_gate | CatBoost,device_os,other,income,0.2414997987541052,0.0746896813081324,611
advanced_gate | CatBoost,device_os,other,intended_balcon_amount,0.19486588089981763,-0.015134828445401401,611
advanced_gate | CatBoost,device_os,other,bank_branch_count_8w,0.16966500319674563,0.009126709227963704,611
advanced_gate | CatBoost,device_os,other,email_free__source,0.16195570698781545,-0.044405335226942004,611
advanced_gate | CatBoost,device_os,other,customer_age,0.15153838344016596,-0.003930211944694706,611
advanced_gate | CatBoost,device_os,other,employment_status,0.11062393282540488,0.020524228708849197,611
advanced_gate | CatBoost,device_os,other,velocity_4w,0.1018168543083917,0.026637214678970983,611
advanced_gate | CatBoost,device_os,other,date_of_birth_distinct_emails_4w,0.08158816165075,0.02159357357549311,611
advanced_gate | CatBoost,device_os,other,credit_risk_score,0.08111386587294249,0.0063588952210863565,611
advanced_gate | CatBoost,device_os,other,phone_valid_combo,0.08033946525128972,-0.006244500209962646,611
advanced_gate | CatBoost,device_os,other,email_is_free,0.07889269342090814,-0.023682688301224518,611
advanced_gate | CatBoost,device_os,other,bank_months_count,0.06898813933421263,-0.006576949656376098,611
advanced_gate | CatBoost,device_os,windows,device_os,0.6559230210947894,0.6559230210947894,354
advanced_gate | CatBoost,device_os,windows,has_other_cards,0.33135910429374454,0.02577817468422859,354
advanced_gate | CatBoost,device_os,windows,housing_status,0.3076106208402988,0.07865895110606003,354
advanced_gate | CatBoost,device_os,windows,name_email_similarity,0.2960726205236919,0.02590414559330593,354
advanced_gate | CatBoost,device_os,windows,phone_home_valid,0.2932150195653879,-0.014503273149508361,354
advanced_gate | CatBoost,device_os,windows,keep_alive_session,0.2881535880101231,0.0019408286094645154,354
advanced_gate | CatBoost,device_os,windows,current_address_months_count,0.27765109592160825,0.04229144706828896,354
advanced_gate | CatBoost,device_os,windows,prev_address_months_count,0.26625298163300887,0.05546374650037299,354
advanced_gate | CatBoost,device_os,windows,income,0.23889402592708409,0.10394115433306071,354
advanced_gate | CatBoost,device_os,windows,bank_branch_count_8w,0.1752497557042992,-0.007454254234435845,354
advanced_gate | CatBoost,device_os,windows,intended_balcon_amount,0.17383620913378575,0.023710414779894003,354
advanced_gate | CatBoost,device_os,windows,customer_age,0.16765382368039367,0.051284990152522976,354
advanced_gate | CatBoost,device_os,windows,email_free__source,0.16712492767073095,-0.019285663602106963,354
advanced_gate | CatBoost,device_os,windows,credit_risk_score,0.13298707123889578,0.06715390735798325,354
advanced_gate | CatBoost,device_os,windows,employment_status,0.10391076261072839,0.027224753136330507,354
advanced_gate | CatBoost,device_os,windows,velocity_4w,0.09838879657895826,0.014958766221886226,354
advanced_gate | CatBoost,device_os,windows,date_of_birth_distinct_emails_4w,0.08951051576765855,0.03003215848011647,354
advanced_gate | CatBoost,device_os,windows,phone_valid_combo,0.07828692390245613,-0.007291339514577603,354
advanced_gate | CatBoost,device_os,windows,email_is_free,0.07448849510409354,-0.009070856759051888,354
advanced_gate | CatBoost,device_os,windows,bank_months_count,0.07304764629168058,1.9644158439152023e-05,354
advanced_gate | CatBoost,device_os,x11,device_os,0.48150506415087846,0.48150506415087846,6
advanced_gate | CatBoost,device_os,x11,current_address_months_count,0.3293362591260363,-0.05520341957275076,6
advanced_gate | CatBoost,device_os,x11,phone_home_valid,0.31088468771083916,-0.052440383333901386,6
advanced_gate | CatBoost,device_os,x11,keep_alive_session,0.3083854476648643,0.0452221279053534,6
advanced_gate | CatBoost,device_os,x11,name_email_similarity,0.30769215995407273,0.008513117683626892,6
advanced_gate | CatBoost,device_os,x11,prev_address_months_count,0.2789606467241647,-0.043934696461155165,6
advanced_gate | CatBoost,device_os,x11,housing_status,0.25736636186484924,-0.25736636186484924,6
advanced_gate | CatBoost,device_os,x11,intended_balcon_amount,0.2431593978708421,-0.12078527008369082,6
advanced_gate | CatBoost,device_os,x11,has_other_cards,0.22441639647654202,0.22441639647654202,6
advanced_gate | CatBoost,device_os,x11,income,0.22431807213471008,0.13555504514242267,6
advanced_gate | CatBoost,device_os,x11,email_free__source,0.15549519316476307,-0.02621276099780462,6
advanced_gate | CatBoost,device_os,x11,customer_age,0.1424016872396582,-0.03903998480820925,6
advanced_gate | CatBoost,device_os,x11,velocity_4w,0.13979315260675815,0.13979315260675815,6
advanced_gate | CatBoost,device_os,x11,bank_branch_count_8w,0.1374992975402869,-0.1374992975402869,6
advanced_gate | CatBoost,device_os,x11,employment_status,0.10911184375686978,0.02633958957961834,6
advanced_gate | CatBoost,device_os,x11,phone_valid_combo,0.07845264269988485,-0.012851154512481125,6
advanced_gate | CatBoost,device_os,x11,email_is_free,0.07615503555481501,-0.00776789802195411,6
advanced_gate | CatBoost,device_os,x11,bank_months_count,0.062326124165122426,-0.04287732623832105,6
advanced_gate | CatBoost,device_os,x11,credit_risk_score,0.061334521933553064,-0.04336395227784174,6
advanced_gate | CatBoost,device_os,x11,date_of_birth_distinct_emails_4w,0.03205996822914881,-0.03205996822914881,6
advanced_gate | CatBoost,employment_status,CA,device_os,0.41172913104161496,-0.0329154589083852,1170
advanced_gate | CatBoost,employment_status,CA,has_other_cards,0.3349317001930745,0.009086892054365518,1170
advanced_gate | CatBoost,employment_status,CA,name_email_similarity,0.3036479327208026,0.052389936173521744,1170
advanced_gate | CatBoost,employment_status,CA,phone_home_valid,0.2942119787352872,0.0001374397914340182,1170
advanced_gate | CatBoost,employment_status,CA,housing_status,0.28944029090827983,0.004769368775433184,1170
advanced_gate | CatBoost,employment_status,CA,keep_alive_session,0.28774133908714467,-0.014454856555714074,1170
advanced_gate | CatBoost,employment_status,CA,current_address_months_count,0.28671208749008903,0.014878901302521237,1170
advanced_gate | CatBoost,employment_status,CA,prev_address_months_count,0.2833528976308198,0.025162459398936556,1170
advanced_gate | CatBoost,employment_status,CA,income,0.23939839501815435,0.08046253038516682,1170
advanced_gate | CatBoost,employment_status,CA,intended_balcon_amount,0.18618974052020956,0.0033890528462349077,1170
advanced_gate | CatBoost,employment_status,CA,bank_branch_count_8w,0.17357544883639087,0.007823647510444062,1170
advanced_gate | CatBoost,employment_status,CA,email_free__source,0.16404762963486144,-0.021533804319679602,1170
advanced_gate | CatBoost,employment_status,CA,customer_age,0.14137981451555093,-0.007469155978292927,1170
advanced_gate | CatBoost,employment_status,CA,velocity_4w,0.10144462841733948,0.01768775126389754,1170
advanced_gate | CatBoost,employment_status,CA,credit_risk_score,0.09797853703624583,0.02631184323001803,1170
advanced_gate | CatBoost,employment_status,CA,employment_status,0.0828652397844772,0.0828652397844772,1170
advanced_gate | CatBoost,employment_status,CA,phone_valid_combo,0.08156344766979151,-0.007462783459849393,1170
advanced_gate | CatBoost,employment_status,CA,email_is_free,0.0770233558818495,-0.01124662092701345,1170
advanced_gate | CatBoost,employment_status,CA,date_of_birth_distinct_emails_4w,0.07560941794855312,0.017587199127873224,1170
advanced_gate | CatBoost,employment_status,CA,bank_months_count,0.06957960929685207,-0.0016951667217625249,1170
advanced_gate | CatBoost,employment_status,CB,device_os,0.40525182000919796,-0.03769751581411765,166
advanced_gate | CatBoost,employment_status,CB,name_email_similarity,0.32898754114238066,0.12872110082953767,166
advanced_gate | CatBoost,employment_status,CB,has_other_cards,0.31932689692249416,0.02626014734611427,166
advanced_gate | CatBoost,employment_status,CB,keep_alive_session,0.29018763778902457,0.016270562719508073,166
advanced_gate | CatBoost,employment_status,CB,phone_home_valid,0.28873043873305243,-0.02482563095688482,166
advanced_gate | CatBoost,employment_status,CB,housing_status,0.28525017908007927,0.007474110889314469,166
advanced_gate | CatBoost,employment_status,CB,current_address_months_count,0.26427802591862326,0.049977892456776966,166
advanced_gate | CatBoost,employment_status,CB,prev_address_months_count,0.2598127889673165,0.10150193586706628,166
advanced_gate | CatBoost,employment_status,CB,income,0.2567579455294911,0.1188441713110714,166
advanced_gate | CatBoost,employment_status,CB,intended_balcon_amount,0.19547651675906122,-0.021832788210095072,166
advanced_gate | CatBoost,employment_status,CB,employment_status,0.19245464157661907,-0.19245464157661907,166
advanced_gate | CatBoost,employment_status,CB,email_free__source,0.16582136591736352,-0.015199450962774676,166
advanced_gate | CatBoost,employment_status,CB,bank_branch_count_8w,0.1527988044301714,-0.035513036369951,166
advanced_gate | CatBoost,employment_status,CB,customer_age,0.13583883400548427,0.0061564775789173685,166
advanced_gate | CatBoost,employment_status,CB,velocity_4w,0.10428750110047799,0.027615150735980205,166
advanced_gate | CatBoost,employment_status,CB,date_of_birth_distinct_emails_4w,0.09301285146943837,0.023131921395192948,166
advanced_gate | CatBoost,employment_status,CB,phone_valid_combo,0.0846798566926281,-0.01231178507838964,166
advanced_gate | CatBoost,employment_status,CB,credit_risk_score,0.08045063118834844,0.006856228137466646,166
advanced_gate | CatBoost,employment_status,CB,email_is_free,0.07711374063314012,-0.006896285227574683,166
advanced_gate | CatBoost,employment_status,CB,bank_months_count,0.07547852420310674,-0.019082365192997407,166
advanced_gate | CatBoost,employment_status,CC,device_os,0.46125817352707493,0.061429593201684445,51
advanced_gate | CatBoost,employment_status,CC,customer_age,0.3986011074166119,0.38102938579911716,51
advanced_gate | CatBoost,employment_status,CC,has_other_cards,0.34766900492224956,-0.012762224197040494,51
advanced_gate | CatBoost,employment_status,CC,phone_home_valid,0.30866985010455567,-0.16878528848221605,51
advanced_gate | CatBoost,employment_status,CC,name_email_similarity,0.3042472081599904,0.07046326838855595,51
advanced_gate | CatBoost,employment_status,CC,date_of_birth_distinct_emails_4w,0.3037308559808622,0.2815873327951662,51
advanced_gate | CatBoost,employment_status,CC,keep_alive_session,0.28801378731249594,0.016803002395294673,51
advanced_gate | CatBoost,employment_status,CC,current_address_months_count,0.2519926150290908,0.10743918277137902,51
advanced_gate | CatBoost,employment_status,CC,income,0.24284033768966423,0.05478263222500775,51
advanced_gate | CatBoost,employment_status,CC,housing_status,0.2403279852028407,0.09733307585507646,51
advanced_gate | CatBoost,employment_status,CC,prev_address_months_count,0.23505477170790057,0.13298498466415865,51
advanced_gate | CatBoost,employment_status,CC,intended_balcon_amount,0.17380260427607763,0.03293750661969498,51
advanced_gate | CatBoost,employment_status,CC,employment_status,0.1729881010825546,-0.1729881010825546,51
advanced_gate | CatBoost,employment_status,CC,bank_branch_count_8w,0.1723985765483065,0.037397577036080945,51
advanced_gate | CatBoost,employment_status,CC,email_free__source,0.16794715653379666,-0.03407388096290089,51
advanced_gate | CatBoost,employment_status,CC,velocity_4w,0.09480905442535306,0.007166206137397075,51
advanced_gate | CatBoost,employment_status,CC,credit_risk_score,0.08805712589923859,0.010367125028825856,51
advanced_gate | CatBoost,employment_status,CC,email_is_free,0.07542472297562246,-0.013378309385016498,51
advanced_gate | CatBoost,employment_status,CC,phone_valid_combo,0.07403435461030478,-0.041253648737867576,51
advanced_gate | CatBoost,employment_status,CC,bank_months_count,0.06623478545322171,-0.012224579771077935,51
advanced_gate | CatBoost,employment_status,CD,device_os,0.40437813943370465,-0.11028089353395296,27
advanced_gate | CatBoost,employment_status,CD,name_email_similarity,0.31463141118732285,0.012657072021476921,27
advanced_gate | CatBoost,employment_status,CD,has_other_cards,0.3125080907216222,0.043018561964071514,27
advanced_gate | CatBoost,employment_status,CD,phone_home_valid,0.29236711788366837,0.018153662813348556,27
advanced_gate | CatBoost,employment_status,CD,current_address_months_count,0.28919085053365357,-0.01894980555190091,27
advanced_gate | CatBoost,employment_status,CD,keep_alive_session,0.283401592392035,-0.034165314969679554,27
advanced_gate | CatBoost,employment_status,CD,prev_address_months_count,0.2610648829331858,0.06848089757607302,27
advanced_gate | CatBoost,employment_status,CD,income,0.26079712518655157,-0.025799640053003687,27
advanced_gate | CatBoost,employment_status,CD,employment_status,0.24542408232141313,-0.24542408232141313,27
advanced_gate | CatBoost,employment_status,CD,housing_status,0.2021016984046169,-0.2021016984046169,27
advanced_gate | CatBoost,employment_status,CD,intended_balcon_amount,0.191858504681914,-0.021208995394415148,27
advanced_gate | CatBoost,employment_status,CD,bank_branch_count_8w,0.18372163541949538,0.027378501238503255,27
advanced_gate | CatBoost,employment_status,CD,email_free__source,0.17430222121114344,-0.030981927725065847,27
advanced_gate | CatBoost,employment_status,CD,customer_age,0.17058004546193997,0.03472667836588514,27
advanced_gate | CatBoost,employment_status,CD,velocity_4w,0.0991118452627116,0.015693835754361368,27
advanced_gate | CatBoost,employment_status,CD,email_is_free,0.0786868245466764,-0.015397641601274832,27
advanced_gate | CatBoost,employment_status,CD,phone_valid_combo,0.07856776202825436,0.0018124720312957142,27
advanced_gate | CatBoost,employment_status,CD,bank_months_count,0.07605308070320539,0.030848800163275597,27
advanced_gate | CatBoost,employment_status,CD,date_of_birth_distinct_emails_4w,0.06789334943786493,0.01076973280480736,27
advanced_gate | CatBoost,employment_status,CD,credit_risk_score,0.040989968877071105,-0.036608281610954266,27
advanced_gate | CatBoost,employment_status,CE,device_os,0.40565740375247733,-0.009073756426112533,32
advanced_gate | CatBoost,employment_status,CE,prev_address_months_count,0.32535417848982684,-0.06898116250796363,32
advanced_gate | CatBoost,employment_status,CE,name_email_similarity,0.3158126229448578,0.05403172300496424,32
advanced_gate | CatBoost,employment_status,CE,current_address_months_count,0.3051483093499947,-0.028922924714661503,32
advanced_gate | CatBoost,employment_status,CE,keep_alive_session,0.2979911423472065,0.02605530592997027,32
advanced_gate | CatBoost,employment_status,CE,has_other_cards,0.2933483200240166,0.07001002815154783,32
advanced_gate | CatBoost,employment_status,CE,phone_home_valid,0.29227811250018604,5.628967926912115e-05,32
advanced_gate | CatBoost,employment_status,CE,housing_status,0.27036594824770166,-0.11569683234528554,32
advanced_gate | CatBoost,employment_status,CE,employment_status,0.2516010383764521,-0.2516010383764521,32
advanced_gate | CatBoost,employment_status,CE,income,0.22510808535496146,-0.09221828005824259,32
advanced_gate | CatBoost,employment_status,CE,intended_balcon_amount,0.2219338450565373,-0.06923191081994476,32
advanced_gate | CatBoost,employment_status,CE,bank_branch_count_8w,0.16732622108234882,0.013631532307121651,32
advanced_gate | CatBoost,employment_status,CE,email_free__source,0.15972541093141404,0.041775823957138455,32
advanced_gate | CatBoost,employment_status,CE,customer_age,0.15103984573541446,-0.08592606638732408,32
advanced_gate | CatBoost,employment_status,CE,velocity_4w,0.09865013237458992,0.02164234418572383,32
advanced_gate | CatBoost,employment_status,CE,phone_valid_combo,0.07955086924334262,-0.015023998030251971,32
advanced_gate | CatBoost,employment_status,CE,email_is_free,0.0749193697147294,0.021563280407460694,32
advanced_gate | CatBoost,employment_status,CE,bank_months_count,0.07446010800780314,0.023751431617912183,32
advanced_gate | CatBoost,employment_status,CE,credit_risk_score,0.058949352104475765,-0.023948517484650413,32
advanced_gate | CatBoost,employment_status,CE,date_of_birth_distinct_emails_4w,0.040899392845842,-0.03657773486196178,32
advanced_gate | CatBoost,employment_status,CF,device_os,0.3796364329311678,-0.16340244690076247,53
advanced_gate | CatBoost,employment_status,CF,name_email_similarity,0.34443310365474483,0.09600001914866707,53
advanced_gate | CatBoost,employment_status,CF,phone_home_valid,0.3064182177932092,-0.07278696984904172,53
advanced_gate | CatBoost,employment_status,CF,current_address_months_count,0.29906095651873366,0.02173890145895231,53
advanced_gate | CatBoost,employment_status,CF,has_other_cards,0.29642886201147234,0.05770193067666627,53
advanced_gate | CatBoost,employment_status,CF,keep_alive_session,0.2804335341849414,-0.02734679067217459,53
advanced_gate | CatBoost,employment_status,CF,prev_address_months_count,0.25440331853555803,0.07573320804014723,53
advanced_gate | CatBoost,employment_status,CF,employment_status,0.24707448480774508,-0.24707448480774508,53
advanced_gate | CatBoost,employment_status,CF,income,0.21333458222600354,0.02371168876388272,53
advanced_gate | CatBoost,employment_status,CF,housing_status,0.19987657590803617,-0.14160480829705352,53
advanced_gate | CatBoost,employment_status,CF,intended_balcon_amount,0.17272706149081915,0.05960439766009953,53
advanced_gate | CatBoost,employment_status,CF,email_free__source,0.16853495365995383,-0.022693037581548337,53
advanced_gate | CatBoost,employment_status,CF,bank_branch_count_8w,0.16395933005303004,-0.019958433293514394,53
advanced_gate | CatBoost,employment_status,CF,customer_age,0.11699821760142994,-0.006332169346139134,53
advanced_gate | CatBoost,employment_status,CF,velocity_4w,0.09851329347060052,0.003681469428690492,53
advanced_gate | CatBoost,employment_status,CF,phone_valid_combo,0.08508072323883763,-0.027712040268542466,53
advanced_gate | CatBoost,employment_status,CF,email_is_free,0.07918418169949283,-0.01107352250142869,53
advanced_gate | CatBoost,employment_status,CF,credit_risk_score,0.07047082342612036,-0.006133443164602011,53
advanced_gate | CatBoost,employment_status,CF,bank_months_count,0.0687045384429557,-0.02217443255293864,53
advanced_gate | CatBoost,employment_status,CF,date_of_birth_distinct_emails_4w,0.06551000697404222,0.0011692147368912644,53
advanced_gate | CatBoost,employment_status,CG,has_other_cards,0.7217436889017751,-0.7217436889017751,1
advanced_gate | CatBoost,employment_status,CG,income,0.4661873698720709,0.4661873698720709,1
advanced_gate | CatBoost,employment_status,CG,device_os,0.36116502193194716,-0.36116502193194716,1
advanced_gate | CatBoost,employment_status,CG,phone_home_valid,0.3388182041823216,-0.3388182041823216,1
advanced_gate | CatBoost,employment_status,CG,date_of_birth_distinct_emails_4w,0.2921627367242987,0.2921627367242987,1
advanced_gate | CatBoost,employment_status,CG,keep_alive_session,0.27435083580443215,-0.27435083580443215,1
advanced_gate | CatBoost,employment_status,CG,bank_branch_count_8w,0.2625911407821605,0.2625911407821605,1
advanced_gate | CatBoost,employment_status,CG,customer_age,0.261722059676942,0.261722059676942,1
advanced_gate | CatBoost,employment_status,CG,employment_status,0.2147458889592542,-0.2147458889592542,1
advanced_gate | CatBoost,employment_status,CG,current_address_months_count,0.20227690119820882,0.20227690119820882,1
advanced_gate | CatBoost,employment_status,CG,name_email_similarity,0.19383662154294162,-0.19383662154294162,1
advanced_gate | CatBoost,employment_status,CG,prev_address_months_count,0.17620318666589616,0.17620318666589616,1
advanced_gate | CatBoost,employment_status,CG,email_free__source,0.17581271543847804,-0.17581271543847804,1
advanced_gate | CatBoost,employment_status,CG,velocity_4w,0.11931044577000018,0.11931044577000018,1
advanced_gate | CatBoost,employment_status,CG,intended_balcon_amount,0.09790167555198119,0.09790167555198119,1
advanced_gate | CatBoost,employment_status,CG,email_is_free,0.08221810405297823,-0.08221810405297823,1
advanced_gate | CatBoost,employment_status,CG,housing_status,0.03404241431967196,-0.03404241431967196,1
advanced_gate | CatBoost,employment_status,CG,credit_risk_score,0.022356229282242745,0.022356229282242745,1
advanced_gate | CatBoost,employment_status,CG,bank_months_count,0.010646954907833756,0.010646954907833756,1
advanced_gate | CatBoost,employment_status,CG,phone_valid_combo,0.004592837327134291,-0.004592837327134291,1
advanced_gate | CatBoost,payment_type,AA,device_os,0.3973707324351208,-0.05349308401859424,415
advanced_gate | CatBoost,payment_type,AA,has_other_cards,0.37324374283990197,-0.06754232751070995,415
advanced_gate | CatBoost,payment_type,AA,intended_balcon_amount,0.32810568215853936,-0.31062534723202223,415
advanced_gate | CatBoost,payment_type,AA,name_email_similarity,0.31488129446015456,0.05521825027233364,415
advanced_gate | CatBoost,payment_type,AA,phone_home_valid,0.3056247306331671,-0.03931594551678807,415
advanced_gate | CatBoost,payment_type,AA,housing_status,0.292095613073101,-0.0029858955838407723,415
advanced_gate | CatBoost,payment_type,AA,keep_alive_session,0.2887100144929156,-0.016428447092541966,415
advanced_gate | CatBoost,payment_type,AA,current_address_months_count,0.2810456191657978,0.0272444957592715,415
advanced_gate | CatBoost,payment_type,AA,prev_address_months_count,0.2798105407620041,0.04101114095003406,415
advanced_gate | CatBoost,payment_type,AA,income,0.23883853696589177,0.08266773419882704,415
advanced_gate | CatBoost,payment_type,AA,customer_age,0.16113385475525424,0.010056928028822201,415
advanced_gate | CatBoost,payment_type,AA,email_free__source,0.15792916456287942,-0.008200130792766413,415
advanced_gate | CatBoost,payment_type,AA,bank_branch_count_8w,0.1486321378986355,-0.05657915776327622,415
advanced_gate | CatBoost,payment_type,AA,employment_status,0.11243428769395801,0.010649170730573403,415
advanced_gate | CatBoost,payment_type,AA,velocity_4w,0.10199707941434295,-0.003428434681493098,415
advanced_gate | CatBoost,payment_type,AA,date_of_birth_distinct_emails_4w,0.08786986378924397,0.03134946891213462,415
advanced_gate | CatBoost,payment_type,AA,phone_valid_combo,0.08509723759545025,-0.02032612853055829,415
advanced_gate | CatBoost,payment_type,AA,bank_months_count,0.08060471090296008,-0.001987643644527334,415
advanced_gate | CatBoost,payment_type,AA,email_is_free,0.07480428109120625,-0.006019660641513648,415
advanced_gate | CatBoost,payment_type,AA,credit_risk_score,0.07176953609805711,-0.00808678457397753,415
advanced_gate | CatBoost,payment_type,AB,device_os,0.42110321626264563,-0.008239266566701955,575
advanced_gate | CatBoost,payment_type,AB,name_email_similarity,0.322454561134816,0.09273143792751197,575
advanced_gate | CatBoost,payment_type,AB,has_other_cards,0.3196813847468752,0.03902650645031639,575
advanced_gate | CatBoost,payment_type,AB,phone_home_valid,0.2963734987715539,-0.032888690157364404,575
advanced_gate | CatBoost,payment_type,AB,keep_alive_session,0.2853066767321125,-0.014428967790906286,575
advanced_gate | CatBoost,payment_type,AB,current_address_months_count,0.2822957070781776,0.02458824447751098,575
advanced_gate | CatBoost,payment_type,AB,housing_status,0.2764396921999716,0.006324441513524864,575
advanced_gate | CatBoost,payment_type,AB,prev_address_months_count,0.2736639675054492,0.04505458157173441,575
advanced_gate | CatBoost,payment_type,AB,income,0.23488931289325504,0.07067225783258592,575
advanced_gate | CatBoost,payment_type,AB,email_free__source,0.16659698570311415,-0.024122458435193457,575
advanced_gate | CatBoost,payment_type,AB,customer_age,0.14513166927057572,0.016750228427557735,575
advanced_gate | CatBoost,payment_type,AB,bank_branch_count_8w,0.1413851782898268,-0.08886899602758233,575
advanced_gate | CatBoost,payment_type,AB,intended_balcon_amount,0.13611472609064657,0.12539000813740636,575
advanced_gate | CatBoost,payment_type,AB,employment_status,0.10863005398945785,0.020905015947278092,575
advanced_gate | CatBoost,payment_type,AB,velocity_4w,0.10280846347658605,0.03014863466964595,575
advanced_gate | CatBoost,payment_type,AB,credit_risk_score,0.09926172175765804,0.031100139024746693,575
advanced_gate | CatBoost,payment_type,AB,bank_months_count,0.09423686068205714,-0.011096385461607565,575
advanced_gate | CatBoost,payment_type,AB,date_of_birth_distinct_emails_4w,0.08510861276773715,0.024679842067560832,575
advanced_gate | CatBoost,payment_type,AB,phone_valid_combo,0.08330715356538804,-0.016787268556809655,575
advanced_gate | CatBoost,payment_type,AB,email_is_free,0.07784722505683064,-0.012098760690240072,575
advanced_gate | CatBoost,payment_type,AC,device_os,0.41574570956997065,-0.05693758435509024,381
advanced_gate | CatBoost,payment_type,AC,has_other_cards,0.30933181734082693,0.04983040826574057,381
advanced_gate | CatBoost,payment_type,AC,current_address_months_count,0.29308913246482343,0.021493808154946923,381
advanced_gate | CatBoost,payment_type,AC,keep_alive_session,0.29288350775443844,0.014046566090691775,381
advanced_gate | CatBoost,payment_type,AC,phone_home_valid,0.28535667828206435,0.03432278809339811,381
advanced_gate | CatBoost,payment_type,AC,prev_address_months_count,0.2837075781554909,0.02215845490411251,381
advanced_gate | CatBoost,payment_type,AC,name_email_similarity,0.2834463800680665,0.02630634818410382,381
advanced_gate | CatBoost,payment_type,AC,housing_status,0.27285230922666937,-0.025431141747394654,381
advanced_gate | CatBoost,payment_type,AC,bank_branch_count_8w,0.24930904049338262,0.23527722511486646,381
advanced_gate | CatBoost,payment_type,AC,income,0.2464867376126977,0.06155109120339169,381
advanced_gate | CatBoost,payment_type,AC,email_free__source,0.16903184929344123,-0.033519611369732,381
advanced_gate | CatBoost,payment_type,AC,customer_age,0.1450312622366013,-0.0032697195268084436,381
advanced_gate | CatBoost,payment_type,AC,intended_balcon_amount,0.12982712026393825,0.12077367138558125,381
advanced_gate | CatBoost,payment_type,AC,employment_status,0.11072962358309284,0.0255847720921055,381
advanced_gate | CatBoost,payment_type,AC,credit_risk_score,0.09853056226336646,0.026741990161680693,381
advanced_gate | CatBoost,payment_type,AC,velocity_4w,0.09810560817414932,0.020400419750403624,381
advanced_gate | CatBoost,payment_type,AC,date_of_birth_distinct_emails_4w,0.08519184186037554,0.02885513661801623,381
advanced_gate | CatBoost,payment_type,AC,phone_valid_combo,0.07960814917040347,0.0043674248972865705,381
advanced_gate | CatBoost,payment_type,AC,email_is_free,0.07839794501943231,-0.014742361398901914,381
advanced_gate | CatBoost,payment_type,AC,bank_months_count,0.01752297555609051,0.010371125798713826,381
advanced_gate | CatBoost,payment_type,AD,device_os,0.39955256682711593,-0.038904912656164074,128
advanced_gate | CatBoost,payment_type,AD,has_other_cards,0.30852219564126626,0.05851791463670701,128
advanced_gate | CatBoost,payment_type,AD,housing_status,0.3021695638162216,0.020007694138229015,128
advanced_gate | CatBoost,payment_type,AD,name_email_similarity,0.29837208944460103,0.05576766926155807,128
advanced_gate | CatBoost,payment_type,AD,keep_alive_session,0.28177630355449557,-0.04471989656290607,128
advanced_gate | CatBoost,payment_type,AD,prev_address_months_count,0.2784155150131752,0.04754879954718377,128
advanced_gate | CatBoost,payment_type,AD,phone_home_valid,0.27753511845011797,0.04411283897282247,128
advanced_gate | CatBoost,payment_type,AD,current_address_months_count,0.27116366260839264,-0.016110087538166444,128
advanced_gate | CatBoost,payment_type,AD,income,0.25769133015728696,0.1280416391687241,128
advanced_gate | CatBoost,payment_type,AD,email_free__source,0.16435217415343878,-0.0008467467669626538,128
advanced_gate | CatBoost,payment_type,AD,customer_age,0.14350952529832856,-0.01939936341762854,128
advanced_gate | CatBoost,payment_type,AD,bank_branch_count_8w,0.14272096990631283,-0.07647122250731395,128
advanced_gate | CatBoost,payment_type,AD,intended_balcon_amount,0.12883704726763398,0.1061684165752328,128
advanced_gate | CatBoost,payment_type,AD,credit_risk_score,0.11548921740857787,0.044745094521665356,128
advanced_gate | CatBoost,payment_type,AD,employment_status,0.11183247758540138,0.01502331703288036,128
advanced_gate | CatBoost,payment_type,AD,velocity_4w,0.10251954477987502,0.025965660854092028,128
advanced_gate | CatBoost,payment_type,AD,bank_months_count,0.08659021831773214,-0.016398089982530763,128
advanced_gate | CatBoost,payment_type,AD,email_is_free,0.07656563407970995,-0.0017093808632865832,128
advanced_gate | CatBoost,payment_type,AD,phone_valid_combo,0.06875064329161273,0.012068797674197506,128
advanced_gate | CatBoost,payment_type,AD,date_of_birth_distinct_emails_4w,0.06564161983163433,0.0007297786140982154,128
advanced_gate | CatBoost,payment_type,AE,has_other_cards,0.8075984748783842,-0.8075984748783842,1
advanced_gate | CatBoost,payment_type,AE,prev_address_months_count,0.5513422428641115,-0.5513422428641115,1
advanced_gate | CatBoost,payment_type,AE,current_address_months_count,0.4704526859486164,-0.4704526859486164,1
advanced_gate | CatBoost,payment_type,AE,keep_alive_session,0.32012701023536144,0.32012701023536144,1
advanced_gate | CatBoost,payment_type,AE,device_os,0.31514773054438716,-0.31514773054438716,1
advanced_gate | CatBoost,payment_type,AE,intended_balcon_amount,0.30442914278237715,-0.30442914278237715,1
advanced_gate | CatBoost,payment_type,AE,bank_branch_count_8w,0.27371962193272337,0.27371962193272337,1
advanced_gate | CatBoost,payment_type,AE,customer_age,0.24646008556780902,-0.24646008556780902,1
advanced_gate | CatBoost,payment_type,AE,phone_home_valid,0.23081124190301658,0.23081124190301658,1
advanced_gate | CatBoost,payment_type,AE,housing_status,0.18241804946420204,-0.18241804946420204,1
advanced_gate | CatBoost,payment_type,AE,email_free__source,0.18083383488914942,-0.18083383488914942,1
advanced_gate | CatBoost,payment_type,AE,name_email_similarity,0.17465577234563381,-0.17465577234563381,1
advanced_gate | CatBoost,payment_type,AE,phone_valid_combo,0.09491655183309877,0.09491655183309877,1
advanced_gate | CatBoost,payment_type,AE,email_is_free,0.08986275124483656,-0.08986275124483656,1
advanced_gate | CatBoost,payment_type,AE,employment_status,0.08451708624114575,0.08451708624114575,1
advanced_gate | CatBoost,payment_type,AE,velocity_4w,0.06614836228725847,0.06614836228725847,1
advanced_gate | CatBoost,payment_type,AE,credit_risk_score,0.04841328643774713,-0.04841328643774713,1
advanced_gate | CatBoost,payment_type,AE,income,0.045414645517627306,-0.045414645517627306,1
advanced_gate | CatBoost,payment_type,AE,date_of_birth_distinct_emails_4w,0.03585520975836684,-0.03585520975836684,1
advanced_gate | CatBoost,payment_type,AE,bank_months_count,0.0067445323161816504,0.0067445323161816504,1
advanced_gate | CatBoost,source,INTERNET,device_os,0.4117669025727973,-0.034279480440241865,1485
advanced_gate | CatBoost,source,INTERNET,has_other_cards,0.3303036209671824,0.014586061733349863,1485
advanced_gate | CatBoost,source,INTERNET,name_email_similarity,0.3082882358980856,0.06308503149240213,1485
advanced_gate | CatBoost,source,INTERNET,phone_home_valid,0.2943825774561236,-0.009828575213464795,1485
advanced_gate | CatBoost,source,INTERNET,keep_alive_session,0.28734995970942717,-0.013666097898394777,1485
advanced_gate | CatBoost,source,INTERNET,current_address_months_count,0.2836867109460316,0.02001992794485191,1485
advanced_gate | CatBoost,source,INTERNET,housing_status,0.2820816056441799,-0.003415226177915852,1485
advanced_gate | CatBoost,source,INTERNET,prev_address_months_count,0.27838557106524736,0.03808427218194876,1485
advanced_gate | CatBoost,source,INTERNET,income,0.24118747610622793,0.07799913780201943,1485
advanced_gate | CatBoost,source,INTERNET,intended_balcon_amount,0.1874961071143179,0.0012442825879237422,1485
advanced_gate | CatBoost,source,INTERNET,bank_branch_count_8w,0.170436442324931,0.001725458482245799,1485
advanced_gate | CatBoost,source,INTERNET,email_free__source,0.16438715760635783,-0.018515602355143396,1485
advanced_gate | CatBoost,source,INTERNET,customer_age,0.1489081863077536,0.005384084686122246,1485
advanced_gate | CatBoost,source,INTERNET,employment_status,0.11034743038639083,0.019111765611125577,1485
advanced_gate | CatBoost,source,INTERNET,velocity_4w,0.10157363081300931,0.01834375846435042,1485
advanced_gate | CatBoost,source,INTERNET,credit_risk_score,0.09273913889795565,0.020356032003365266,1485
advanced_gate | CatBoost,source,INTERNET,date_of_birth_distinct_emails_4w,0.08348568464677746,0.02465662281804745,1485
advanced_gate | CatBoost,source,INTERNET,phone_valid_combo,0.08149149334710509,-0.009454894020043396,1485
advanced_gate | CatBoost,source,INTERNET,email_is_free,0.07700133113930455,-0.010426564780085518,1485
advanced_gate | CatBoost,source,INTERNET,bank_months_count,0.07054177501461202,-0.003936330887727739,1485
advanced_gate | CatBoost,source,TELEAPP,has_other_cards,0.42439561970415085,-0.10546974894466515,15
advanced_gate | CatBoost,source,TELEAPP,device_os,0.36175630810441783,-0.20135839197558833,15
advanced_gate | CatBoost,source,TELEAPP,keep_alive_session,0.3418276857784774,0.3418276857784774,15
advanced_gate | CatBoost,source,TELEAPP,name_email_similarity,0.3092289048009373,-0.03058643624013204,15
advanced_gate | CatBoost,source,TELEAPP,phone_home_valid,0.30447322086992684,-0.11182954292982594,15
advanced_gate | CatBoost,source,TELEAPP,current_address_months_count,0.30170391585479156,0.09144735551748388,15
advanced_gate | CatBoost,source,TELEAPP,prev_address_months_count,0.29044654278434867,0.023209275030653412,15
advanced_gate | CatBoost,source,TELEAPP,housing_status,0.2732113394676671,0.010554658110644377,15
advanced_gate | CatBoost,source,TELEAPP,bank_branch_count_8w,0.22729640599874604,0.19891312506707876,15
advanced_gate | CatBoost,source,TELEAPP,customer_age,0.20434620819309504,0.12228659841180652,15
advanced_gate | CatBoost,source,TELEAPP,income,0.1971531781870971,-0.07267871821182904,15
advanced_gate | CatBoost,source,TELEAPP,email_free__source,0.18919918231830749,-0.18919918231830749,15
advanced_gate | CatBoost,source,TELEAPP,date_of_birth_distinct_emails_4w,0.15488522736874857,0.10914782712621826,15
advanced_gate | CatBoost,source,TELEAPP,intended_balcon_amount,0.1505207031168982,0.042791527427104195,15
advanced_gate | CatBoost,source,TELEAPP,employment_status,0.12290914103142248,-0.012392138407105855,15
advanced_gate | CatBoost,source,TELEAPP,credit_risk_score,0.10089357099741791,0.011034258664467837,15
advanced_gate | CatBoost,source,TELEAPP,phone_valid_combo,0.09518686725614474,-0.04958624003908232,15
advanced_gate | CatBoost,source,TELEAPP,email_is_free,0.08125568563415939,0.006866596038909518,15
advanced_gate | CatBoost,source,TELEAPP,velocity_4w,0.07824663380884285,-0.01103359338791826,15
advanced_gate | CatBoost,source,TELEAPP,bank_months_count,0.04327734560458745,0.033289703948980745,15
balance_gate | XGBoost | class_weight,housing_status,BA,housing_status_BA,0.8381070431825418,0.8381070431825418,278
balance_gate | XGBoost | class_weight,housing_status,BA,phone_home_valid,0.39886174258747953,-0.0373072500357391,278
balance_gate | XGBoost | class_weight,housing_status,BA,device_os_windows,0.3522743806988506,0.0947459855553757,278
balance_gate | XGBoost | class_weight,housing_status,BA,has_other_cards,0.3312004303124323,-0.09968283505822256,278
balance_gate | XGBoost | class_weight,housing_status,BA,name_email_similarity,0.32750250080603943,-0.027641380778917948,278
balance_gate | XGBoost | class_weight,housing_status,BA,keep_alive_session,0.2817030368724211,0.03271026438465924,278
balance_gate | XGBoost | class_weight,housing_status,BA,email_is_free,0.24117756880099583,-0.010286619505577424,278
balance_gate | XGBoost | class_weight,housing_status,BA,prev_address_months_count,0.22764997051953081,0.028058255129765338,278
balance_gate | XGBoost | class_weight,housing_status,BA,income,0.2257742783169324,0.07767713815924836,278
balance_gate | XGBoost | class_weight,housing_status,BA,intended_balcon_amount,0.21699932920371715,0.035813205709941384,278
balance_gate | XGBoost | class_weight,housing_status,BA,current_address_months_count,0.2085823963683824,0.05927416016610163,278
balance_gate | XGBoost | class_weight,housing_status,BA,bank_branch_count_8w,0.18349186141897547,0.008072811324970555,278
balance_gate | XGBoost | class_weight,housing_status,BA,credit_risk_score,0.16256832392026985,0.09706104178850962,278
balance_gate | XGBoost | class_weight,housing_status,BA,date_of_birth_distinct_emails_4w,0.11708394283997045,0.04878685730024536,278
balance_gate | XGBoost | class_weight,housing_status,BA,customer_age,0.11539849524243745,0.07604332874772049,278
balance_gate | XGBoost | class_weight,housing_status,BA,velocity_4w,0.09420878264387415,0.007236459907066837,278
balance_gate | XGBoost | class_weight,housing_status,BA,employment_status_CA,0.09101604997482958,0.021575244920298532,278
balance_gate | XGBoost | class_weight,housing_status,BA,housing_status_BE,0.07687483804663493,0.07687483804663493,278
balance_gate | XGBoost | class_weight,housing_status,BA,days_since_request,0.06711513626539646,0.0001585581151129125,278
balance_gate | XGBoost | class_weight,housing_status,BA,device_os_linux,0.0631834492613065,0.00540483392583162,278
balance_gate | XGBoost | class_weight,housing_status,BB,phone_home_valid,0.3882835465144472,-0.0729817974913888,460
balance_gate | XGBoost | class_weight,housing_status,BB,device_os_windows,0.2996761228245212,-0.03228155890027546,460
balance_gate | XGBoost | class_weight,housing_status,BB,prev_address_months_count,0.2989302540780191,-0.051569961694126774,460
balance_gate | XGBoost | class_weight,housing_status,BB,name_email_similarity,0.2915826113480213,-0.04242175269645636,460
balance_gate | XGBoost | class_weight,housing_status,BB,has_other_cards,0.2838170024585877,-0.0640358313069661,460
balance_gate | XGBoost | class_weight,housing_status,BB,current_address_months_count,0.280225158421646,0.014096891513331563,460
balance_gate | XGBoost | class_weight,housing_status,BB,keep_alive_session,0.2682625494141128,-0.03318872654967772,460
balance_gate | XGBoost | class_weight,housing_status,BB,email_is_free,0.23446824464655358,-0.013630128833495255,460
balance_gate | XGBoost | class_weight,housing_status,BB,income,0.22248551691094487,-0.013770764870098387,460
balance_gate | XGBoost | class_weight,housing_status,BB,intended_balcon_amount,0.18606568511737429,0.08987823189024652,460
balance_gate | XGBoost | class_weight,housing_status,BB,bank_branch_count_8w,0.16932938307161322,0.020758359364894438,460
balance_gate | XGBoost | class_weight,housing_status,BB,employment_status_CA,0.11729834820314895,-0.018489391343509298,460
balance_gate | XGBoost | class_weight,housing_status,BB,date_of_birth_distinct_emails_4w,0.11368497926549058,0.0264250307317498,460
balance_gate | XGBoost | class_weight,housing_status,BB,housing_status_BA,0.10989697668271939,-0.10989697668271939,460
balance_gate | XGBoost | class_weight,housing_status,BB,credit_risk_score,0.10001481272510264,-0.014845214146480431,460
balance_gate | XGBoost | class_weight,housing_status,BB,velocity_4w,0.09959036186887406,-0.00798791734404791,460
balance_gate | XGBoost | class_weight,housing_status,BB,customer_age,0.08978971881651428,0.03777535329333635,460
balance_gate | XGBoost | class_weight,housing_status,BB,device_os_linux,0.07829359719836225,-0.018745651637277382,460
balance_gate | XGBoost | class_weight,housing_status,BB,days_since_request,0.07098845099887632,-0.01854734350416908,460
balance_gate | XGBoost | class_weight,housing_status,BB,housing_status_BE,0.06319090567028363,0.06319090567028363,460
balance_gate | XGBoost | class_weight,housing_status,BC,prev_address_months_count,0.401320208765642,-0.20411632584011272,450
balance_gate | XGBoost | class_weight,housing_status,BC,phone_home_valid,0.36058158762502135,0.0035429896781783714,450
balance_gate | XGBoost | class_weight,housing_status,BC,current_address_months_count,0.3214245856825734,-0.15405000622044385,450
balance_gate | XGBoost | class_weight,housing_status,BC,device_os_windows,0.31085735743452225,-0.009851008922091892,450
balance_gate | XGBoost | class_weight,housing_status,BC,name_email_similarity,0.30116274874647564,-0.042740765326635705,450
balance_gate | XGBoost | class_weight,housing_status,BC,has_other_cards,0.2812761109012205,-0.05545194903833585,450
balance_gate | XGBoost | class_weight,housing_status,BC,keep_alive_session,0.26744037260796566,-0.03137509804921897,450
balance_gate | XGBoost | class_weight,housing_status,BC,intended_balcon_amount,0.2364282173666023,-0.018198893636933968,450
balance_gate | XGBoost | class_weight,housing_status,BC,email_is_free,0.227920509836503,0.028109963329056898,450
balance_gate | XGBoost | class_weight,housing_status,BC,income,0.22277096404296268,0.023471193077106076,450
balance_gate | XGBoost | class_weight,housing_status,BC,bank_branch_count_8w,0.1531269731677422,-0.019424143023615604,450
balance_gate | XGBoost | class_weight,housing_status,BC,housing_status_BA,0.110386028425574,-0.110386028425574,450
balance_gate | XGBoost | class_weight,housing_status,BC,employment_status_CA,0.10615818881373722,0.005216065786904394,450
balance_gate | XGBoost | class_weight,housing_status,BC,credit_risk_score,0.10042211973430369,-0.023811737145080565,450
balance_gate | XGBoost | class_weight,housing_status,BC,velocity_4w,0.09617017836779124,0.008995757869277926,450
balance_gate | XGBoost | class_weight,housing_status,BC,customer_age,0.08878767506854687,0.0035536304484354328,450
balance_gate | XGBoost | class_weight,housing_status,BC,date_of_birth_distinct_emails_4w,0.08529839653020026,-0.008178531827812549,450
balance_gate | XGBoost | class_weight,housing_status,BC,device_os_linux,0.0702416156206668,-0.0123654955678904,450
balance_gate | XGBoost | class_weight,housing_status,BC,days_since_request,0.06551739573669103,0.0020569447871685662,450
balance_gate | XGBoost | class_weight,housing_status,BC,housing_status_BE,0.06168759784391409,0.06168759784391409,450
balance_gate | XGBoost | class_weight,housing_status,BD,phone_home_valid,0.3730496902100399,0.013402962532436898,47
balance_gate | XGBoost | class_weight,housing_status,BD,device_os_windows,0.36022553946867464,0.0768218122692184,47
balance_gate | XGBoost | class_weight,housing_status,BD,prev_address_months_count,0.3141166928956939,-0.053436997700433087,47
balance_gate | XGBoost | class_weight,housing_status,BD,current_address_months_count,0.3012903531570485,0.03666169364344046,47
balance_gate | XGBoost | class_weight,housing_status,BD,has_other_cards,0.29455052540938503,-0.06998700856643561,47
balance_gate | XGBoost | class_weight,housing_status,BD,name_email_similarity,0.2938721842967975,0.048639818709244595,47
balance_gate | XGBoost | class_weight,housing_status,BD,keep_alive_session,0.2700131711725671,0.01134781206305327,47
balance_gate | XGBoost | class_weight,housing_status,BD,email_is_free,0.23368510237972512,0.05035011511407031,47
balance_gate | XGBoost | class_weight,housing_status,BD,intended_balcon_amount,0.22087355543093934,0.03589082528973255,47
balance_gate | XGBoost | class_weight,housing_status,BD,income,0.1959127884012637,-0.016679361778251987,47
balance_gate | XGBoost | class_weight,housing_status,BD,bank_branch_count_8w,0.15272549789640405,-0.030003938756875712,47
balance_gate | XGBoost | class_weight,housing_status,BD,housing_status_BA,0.10935773690748823,-0.10935773690748823,47
balance_gate | XGBoost | class_weight,housing_status,BD,date_of_birth_distinct_emails_4w,0.10780869676786639,0.046023489346825576,47
balance_gate | XGBoost | class_weight,housing_status,BD,velocity_4w,0.09919131879599398,0.007692059289349465,47
balance_gate | XGBoost | class_weight,housing_status,BD,employment_status_CA,0.09253389045576926,0.03097343267427702,47
balance_gate | XGBoost | class_weight,housing_status,BD,customer_age,0.0912372231792765,0.03628910828843103,47
balance_gate | XGBoost | class_weight,housing_status,BD,credit_risk_score,0.08520766187844392,-0.018316162497392218,47
balance_gate | XGBoost | class_weight,housing_status,BD,days_since_request,0.07948922570975635,-0.00016731295543920985,47
balance_gate | XGBoost | class_weight,housing_status,BD,housing_status_BE,0.07510744214944662,0.07510744214944662,47
balance_gate | XGBoost | class_weight,housing_status,BD,device_os_linux,0.06185384030900944,0.00584493855231174,47
balance_gate | XGBoost | class_weight,housing_status,BE,phone_home_valid,0.36111080354877273,0.03908733602499482,260
balance_gate | XGBoost | class_weight,housing_status,BE,name_email_similarity,0.323696847578298,-0.09819852507268212,260
balance_gate | XGBoost | class_weight,housing_status,BE,device_os_windows,0.29323877172046503,-0.01585832991574856,260
balance_gate | XGBoost | class_weight,housing_status,BE,housing_status_BE,0.27529977528578065,-0.27529977528578065,260
balance_gate | XGBoost | class_weight,housing_status,BE,keep_alive_session,0.2728680652839841,-0.0158615299086814,260
balance_gate | XGBoost | class_weight,housing_status,BE,email_is_free,0.22643966522502565,-0.019952536235420038,260
balance_gate | XGBoost | class_weight,housing_status,BE,has_other_cards,0.22037534647185553,0.008753118989886179,260
balance_gate | XGBoost | class_weight,housing_status,BE,income,0.21927482294833262,-0.08059623759752363,260
balance_gate | XGBoost | class_weight,housing_status,BE,prev_address_months_count,0.21702772770215906,0.050968991239791366,260
balance_gate | XGBoost | class_weight,housing_status,BE,intended_balcon_amount,0.2115198194297599,0.003334896645998992,260
balance_gate | XGBoost | class_weight,housing_status,BE,current_address_months_count,0.19041866682355446,0.03346986192246102,260
balance_gate | XGBoost | class_weight,housing_status,BE,bank_branch_count_8w,0.16650673885253714,-0.0115357294567892,260
balance_gate | XGBoost | class_weight,housing_status,BE,housing_status_BA,0.10882165568506864,-0.10882165568506864,260
balance_gate | XGBoost | class_weight,housing_status,BE,customer_age,0.09862339986691726,-0.07143466857748439,260
balance_gate | XGBoost | class_weight,housing_status,BE,velocity_4w,0.09494759332691545,-0.006357954193638691,260
balance_gate | XGBoost | class_weight,housing_status,BE,employment_status_CA,0.0935892170566882,0.02418276832821497,260
balance_gate | XGBoost | class_weight,housing_status,BE,credit_risk_score,0.09210764520501723,-0.037975568223351734,260
balance_gate | XGBoost | class_weight,housing_status,BE,date_of_birth_distinct_emails_4w,0.0690946689414906,-0.037632376599661746,260
balance_gate | XGBoost | class_weight,housing_status,BE,days_since_request,0.06901670873951382,0.0026200588728310186,260
balance_gate | XGBoost | class_weight,housing_status,BE,device_os_linux,0.05957040752528253,0.0032283997642270344,260
balance_gate | XGBoost | class_weight,housing_status,BF,phone_home_valid,0.4074599336378014,-0.21738343637662183,4
balance_gate | XGBoost | class_weight,housing_status,BF,name_email_similarity,0.3692706354318943,0.22297351077766506,4
balance_gate | XGBoost | class_weight,housing_status,BF,intended_balcon_amount,0.28922718690009785,-0.16546777274110352,4
balance_gate | XGBoost | class_weight,housing_status,BF,income,0.2796660898224218,0.10591254927101545,4
balance_gate | XGBoost | class_weight,housing_status,BF,keep_alive_session,0.24799157478308193,-0.08287765143802972,4
balance_gate | XGBoost | class_weight,housing_status,BF,email_is_free,0.219015907563371,-0.08816649397012952,4
balance_gate | XGBoost | class_weight,housing_status,BF,device_os_windows,0.20833551926276414,-0.20833551926276414,4
balance_gate | XGBoost | class_weight,housing_status,BF,current_address_months_count,0.17890219122011333,-0.05360655077398405,4
balance_gate | XGBoost | class_weight,housing_status,BF,prev_address_months_count,0.17278684652381343,0.17278684652381343,4
balance_gate | XGBoost | class_weight,housing_status,BF,has_other_cards,0.14797074722766412,0.14797074722766412,4
balance_gate | XGBoost | class_weight,housing_status,BF,date_of_birth_distinct_emails_4w,0.10969183706416516,0.037779144283849736,4
balance_gate | XGBoost | class_weight,housing_status,BF,housing_status_BA,0.10570376018644312,-0.10570376018644312,4
balance_gate | XGBoost | class_weight,housing_status,BF,days_since_request,0.10528688028716715,0.03979773547587683,4
balance_gate | XGBoost | class_weight,housing_status,BF,bank_branch_count_8w,0.10467351529281586,-0.04387929700489621,4
balance_gate | XGBoost | class_weight,housing_status,BF,employment_status_CA,0.10173581092356472,-0.014991510580002795,4
balance_gate | XGBoost | class_weight,housing_status,BF,velocity_4w,0.10158163117594086,0.013418572907103233,4
balance_gate | XGBoost | class_weight,housing_status,BF,credit_risk_score,0.07578901699918789,-0.07578901699918789,4
balance_gate | XGBoost | class_weight,housing_status,BF,housing_status_BE,0.0736505058320472,0.0736505058320472,4
balance_gate | XGBoost | class_weight,housing_status,BF,device_os_linux,0.07335128965351032,-0.009260690472146955,4
balance_gate | XGBoost | class_weight,housing_status,BF,customer_age,0.06731154667242664,0.04028903332393384,4
balance_gate | XGBoost | class_weight,housing_status,BG,has_other_cards,0.7607528932008427,-0.7607528932008427,1
balance_gate | XGBoost | class_weight,housing_status,BG,phone_home_valid,0.5228785903734388,-0.5228785903734388,1
balance_gate | XGBoost | class_weight,housing_status,BG,current_address_months_count,0.3428987652028445,0.3428987652028445,1
balance_gate | XGBoost | class_weight,housing_status,BG,name_email_similarity,0.28475666470476424,-0.28475666470476424,1
balance_gate | XGBoost | class_weight,housing_status,BG,bank_branch_count_8w,0.2841089077532524,0.2841089077532524,1
balance_gate | XGBoost | class_weight,housing_status,BG,keep_alive_session,0.2324771274125669,-0.2324771274125669,1
balance_gate | XGBoost | class_weight,housing_status,BG,income,0.23204529534094034,-0.23204529534094034,1
balance_gate | XGBoost | class_weight,housing_status,BG,intended_balcon_amount,0.2119441122619901,-0.2119441122619901,1
balance_gate | XGBoost | class_weight,housing_status,BG,device_os_windows,0.20035466369241475,-0.20035466369241475,1
balance_gate | XGBoost | class_weight,housing_status,BG,email_is_free,0.19941125672601628,-0.19941125672601628,1
balance_gate | XGBoost | class_weight,housing_status,BG,customer_age,0.16812098720605717,0.16812098720605717,1
balance_gate | XGBoost | class_weight,housing_status,BG,prev_address_months_count,0.14518600841867738,0.14518600841867738,1
balance_gate | XGBoost | class_weight,housing_status,BG,velocity_4w,0.11906529530650005,0.11906529530650005,1
balance_gate | XGBoost | class_weight,housing_status,BG,housing_status_BA,0.09783702350454405,-0.09783702350454405,1
balance_gate | XGBoost | class_weight,housing_status,BG,housing_status_BE,0.0729839325370267,0.0729839325370267,1
balance_gate | XGBoost | class_weight,housing_status,BG,employment_status_CA,0.05305197311099619,0.05305197311099619,1
balance_gate | XGBoost | class_weight,housing_status,BG,device_os_linux,0.0435493330983445,0.0435493330983445,1
balance_gate | XGBoost | class_weight,housing_status,BG,days_since_request,0.03285210008616559,-0.03285210008616559,1
balance_gate | XGBoost | class_weight,housing_status,BG,credit_risk_score,0.027395285069942474,-0.027395285069942474,1
balance_gate | XGBoost | class_weight,housing_status,BG,date_of_birth_distinct_emails_4w,0.02461504845006857,-0.02461504845006857,1
balance_gate | XGBoost | class_weight,device_os,linux,phone_home_valid,0.3879272315784667,-0.05200617144065363,434
balance_gate | XGBoost | class_weight,device_os,linux,prev_address_months_count,0.3270234640106801,-0.10182721743491265,434
balance_gate | XGBoost | class_weight,device_os,linux,name_email_similarity,0.312122427449942,-0.027770087701791027,434
balance_gate | XGBoost | class_weight,device_os,linux,has_other_cards,0.2919807707110429,-0.07447054868511702,434
balance_gate | XGBoost | class_weight,device_os,linux,current_address_months_count,0.2693795697894087,-0.05298793237575079,434
balance_gate | XGBoost | class_weight,device_os,linux,keep_alive_session,0.2611687766481023,-0.04087170804945378,434
balance_gate | XGBoost | class_weight,device_os,linux,email_is_free,0.22951695626870738,0.05714839580371011,434
balance_gate | XGBoost | class_weight,device_os,linux,intended_balcon_amount,0.22601057999433335,0.047915131498328954,434
balance_gate | XGBoost | class_weight,device_os,linux,income,0.22417732332772355,-0.012695945299332179,434
balance_gate | XGBoost | class_weight,device_os,linux,housing_status_BA,0.21680759840458202,0.02305396056767823,434
balance_gate | XGBoost | class_weight,device_os,linux,device_os_windows,0.2039589480257004,-0.2039589480257004,434
balance_gate | XGBoost | class_weight,device_os,linux,bank_branch_count_8w,0.15364523461357715,0.001983444992422549,434
balance_gate | XGBoost | class_weight,device_os,linux,device_os_linux,0.13304780862148485,-0.13304780862148485,434
balance_gate | XGBoost | class_weight,device_os,linux,employment_status_CA,0.10748882209436697,0.00014090256630393497,434
balance_gate | XGBoost | class_weight,device_os,linux,credit_risk_score,0.10286191824657176,-0.015128593103021858,434
balance_gate | XGBoost | class_weight,device_os,linux,velocity_4w,0.10074593426402194,-0.00992737637618707,434
balance_gate | XGBoost | class_weight,device_os,linux,date_of_birth_distinct_emails_4w,0.09551830419547995,0.014159505229632016,434
balance_gate | XGBoost | class_weight,device_os,linux,housing_status_BE,0.08710509833919736,0.01724145587287738,434
balance_gate | XGBoost | class_weight,device_os,linux,customer_age,0.07984759799766189,0.005307922339866747,434
balance_gate | XGBoost | class_weight,device_os,linux,days_since_request,0.06380677219726183,0.0006714162947297515,434
balance_gate | XGBoost | class_weight,device_os,macintosh,phone_home_valid,0.35833395951092983,0.05351371103417938,95
balance_gate | XGBoost | class_weight,device_os,macintosh,prev_address_months_count,0.33661032762340465,-0.11876333140722772,95
balance_gate | XGBoost | class_weight,device_os,macintosh,name_email_similarity,0.3080165708926139,-0.06022214316180907,95
balance_gate | XGBoost | class_weight,device_os,macintosh,housing_status_BA,0.2972590198723452,0.12760120127965255,95
balance_gate | XGBoost | class_weight,device_os,macintosh,keep_alive_session,0.29207661978407506,0.009500022629763023,95
balance_gate | XGBoost | class_weight,device_os,macintosh,current_address_months_count,0.2711228316776289,-0.11838634828857673,95
balance_gate | XGBoost | class_weight,device_os,macintosh,has_other_cards,0.2388146626532421,-0.0016544361397942645,95
balance_gate | XGBoost | class_weight,device_os,macintosh,email_is_free,0.2364831385266279,-0.0188717344733852,95
balance_gate | XGBoost | class_weight,device_os,macintosh,income,0.2213344176310286,-0.0039665963839322915,95
balance_gate | XGBoost | class_weight,device_os,macintosh,intended_balcon_amount,0.22062444541002874,-0.013397343236119736,95
balance_gate | XGBoost | class_weight,device_os,macintosh,device_os_windows,0.18271394734996402,-0.18271394734996402,95
balance_gate | XGBoost | class_weight,device_os,macintosh,bank_branch_count_8w,0.17517068905899863,-0.005652469294972863,95
balance_gate | XGBoost | class_weight,device_os,macintosh,employment_status_CA,0.12184220333252177,-0.017741933436065574,95
balance_gate | XGBoost | class_weight,device_os,macintosh,housing_status_BE,0.12043375551631968,-0.015009879650327525,95
balance_gate | XGBoost | class_weight,device_os,macintosh,velocity_4w,0.09947628495543215,-0.010050397304095036,95
balance_gate | XGBoost | class_weight,device_os,macintosh,customer_age,0.09495397987316277,-0.02861594889633738,95
balance_gate | XGBoost | class_weight,device_os,macintosh,date_of_birth_distinct_emails_4w,0.09078199617527302,0.0012586947885329719,95
balance_gate | XGBoost | class_weight,device_os,macintosh,credit_risk_score,0.08009592080534754,-0.022768655702159236,95
balance_gate | XGBoost | class_weight,device_os,macintosh,days_since_request,0.0536742885964555,0.007906794124589252,95
balance_gate | XGBoost | class_weight,device_os,macintosh,device_os_linux,0.04730083529978354,0.04730083529978354,95
balance_gate | XGBoost | class_weight,device_os,other,phone_home_valid,0.36450016485183245,-0.00914227089899898,611
balance_gate | XGBoost | class_weight,device_os,other,name_email_similarity,0.3016670401495316,-0.03463257367145805,611
balance_gate | XGBoost | class_weight,device_os,other,prev_address_months_count,0.2995345858686357,-0.04372215361875496,611
balance_gate | XGBoost | class_weight,device_os,other,has_other_cards,0.2792272086814718,-0.0581727466809777,611
balance_gate | XGBoost | class_weight,device_os,other,keep_alive_session,0.27604452636793064,-0.01143229716900081,611
balance_gate | XGBoost | class_weight,device_os,other,current_address_months_count,0.2582302471723059,-0.0009257341643890431,611
balance_gate | XGBoost | class_weight,device_os,other,housing_status_BA,0.23355096365714217,0.04830113710666384,611
balance_gate | XGBoost | class_weight,device_os,other,email_is_free,0.23280901650375266,-0.04023606408521462,611
balance_gate | XGBoost | class_weight,device_os,other,income,0.21930586126429405,-7.138964569073664e-05,611
balance_gate | XGBoost | class_weight,device_os,other,intended_balcon_amount,0.213574976201309,0.011713010044625553,611
balance_gate | XGBoost | class_weight,device_os,other,device_os_windows,0.20478450095389608,-0.20478450095389608,611
balance_gate | XGBoost | class_weight,device_os,other,bank_branch_count_8w,0.16231633376337948,0.004702777360728293,611
balance_gate | XGBoost | class_weight,device_os,other,housing_status_BE,0.10620771091245133,-0.0012349154233390245,611
balance_gate | XGBoost | class_weight,device_os,other,employment_status_CA,0.10330886281017683,0.005916320551229907,611
balance_gate | XGBoost | class_weight,device_os,other,date_of_birth_distinct_emails_4w,0.09909463342673504,0.004628055308799339,611
balance_gate | XGBoost | class_weight,device_os,other,customer_age,0.09627388888069609,0.01014816021014231,611
balance_gate | XGBoost | class_weight,device_os,other,credit_risk_score,0.09539854036791526,-0.01820313464347991,611
balance_gate | XGBoost | class_weight,device_os,other,velocity_4w,0.0949201359380583,0.010525868807952856,611
balance_gate | XGBoost | class_weight,device_os,other,days_since_request,0.0727691455185399,-0.013187513505176768,611
balance_gate | XGBoost | class_weight,device_os,other,device_os_linux,0.03905222918761383,0.03905222918761383,611
balance_gate | XGBoost | class_weight,device_os,windows,device_os_windows,0.6714493763493345,0.6714493763493345,354
balance_gate | XGBoost | class_weight,device_os,windows,phone_home_valid,0.3895315586284344,-0.02722697153128914,354
balance_gate | XGBoost | class_weight,device_os,windows,name_email_similarity,0.3091867596608087,-0.083860912809596,354
balance_gate | XGBoost | class_weight,device_os,windows,housing_status_BA,0.2866972114338893,0.13509444065483112,354
balance_gate | XGBoost | class_weight,device_os,windows,has_other_cards,0.2849011063778119,-0.0455119376245778,354
balance_gate | XGBoost | class_weight,device_os,windows,keep_alive_session,0.26972597672220655,-0.0025234435549646183,354
balance_gate | XGBoost | class_weight,device_os,windows,prev_address_months_count,0.2664047614613009,-0.03707855521812348,354
balance_gate | XGBoost | class_weight,device_os,windows,current_address_months_count,0.2654925791513833,-0.0013605743448962262,354
balance_gate | XGBoost | class_weight,device_os,windows,email_is_free,0.2335529421973373,0.004607271198095021,354
balance_gate | XGBoost | class_weight,device_os,windows,income,0.22413849964185414,0.02769276270643205,354
balance_gate | XGBoost | class_weight,device_os,windows,intended_balcon_amount,0.19203013552800688,0.052228207258418154,354
balance_gate | XGBoost | class_weight,device_os,windows,bank_branch_count_8w,0.18574183170303687,-0.010494289905969699,354
balance_gate | XGBoost | class_weight,device_os,windows,credit_risk_score,0.15173191942093042,0.05256267750616177,354
balance_gate | XGBoost | class_weight,device_os,windows,customer_age,0.11443896587513845,0.05011561080042731,354
balance_gate | XGBoost | class_weight,device_os,windows,housing_status_BE,0.10921128197760738,0.015769152827815765,354
balance_gate | XGBoost | class_weight,device_os,windows,date_of_birth_distinct_emails_4w,0.10122984975116822,0.016138006423892372,354
balance_gate | XGBoost | class_weight,device_os,windows,employment_status_CA,0.09688568259711382,0.0153982796303015,354
balance_gate | XGBoost | class_weight,device_os,windows,velocity_4w,0.09417082179928862,-0.0015444728881097664,354
balance_gate | XGBoost | class_weight,device_os,windows,days_since_request,0.07211409869652977,0.0007263470283564114,354
balance_gate | XGBoost | class_weight,device_os,windows,device_os_linux,0.049522048269166175,0.049522048269166175,354
balance_gate | XGBoost | class_weight,device_os,x11,phone_home_valid,0.3874426361956284,-0.03955190546490484,6
balance_gate | XGBoost | class_weight,device_os,x11,prev_address_months_count,0.3644412933557761,-0.14700476627020787,6
balance_gate | XGBoost | class_weight,device_os,x11,name_email_similarity,0.32309390324313425,-0.07491247404085395,6
balance_gate | XGBoost | class_weight,device_os,x11,current_address_months_count,0.3046822973779248,-0.08587454711281073,6
balance_gate | XGBoost | class_weight,device_os,x11,keep_alive_session,0.2804024641451057,0.04457642563817595,6
balance_gate | XGBoost | class_weight,device_os,x11,intended_balcon_amount,0.2554828395071672,-0.06286192266367531,6
balance_gate | XGBoost | class_weight,device_os,x11,email_is_free,0.23327765759202515,0.015055819460788678,6
balance_gate | XGBoost | class_weight,device_os,x11,income,0.2108245902752969,0.06693842789274639,6
balance_gate | XGBoost | class_weight,device_os,x11,device_os_windows,0.19717752838196853,-0.19717752838196853,6
balance_gate | XGBoost | class_weight,device_os,x11,housing_status_BE,0.1459155475676137,-0.06107754696529203,6
balance_gate | XGBoost | class_weight,device_os,x11,has_other_cards,0.13800461993591548,0.13800461993591548,6
balance_gate | XGBoost | class_weight,device_os,x11,bank_branch_count_8w,0.12181824156985387,-0.12181824156985387,6
balance_gate | XGBoost | class_weight,device_os,x11,customer_age,0.11614684962007837,0.008519621068456528,6
balance_gate | XGBoost | class_weight,device_os,x11,housing_status_BA,0.1082700016256422,-0.1082700016256422,6
balance_gate | XGBoost | class_weight,device_os,x11,velocity_4w,0.10754830869196062,0.10754830869196062,6
balance_gate | XGBoost | class_weight,device_os,x11,employment_status_CA,0.08812776894284373,0.022475637079284443,6
balance_gate | XGBoost | class_weight,device_os,x11,credit_risk_score,0.07021139385852924,-0.06373503426259657,6
balance_gate | XGBoost | class_weight,device_os,x11,device_os_linux,0.04885436031307714,0.04885436031307714,6
balance_gate | XGBoost | class_weight,device_os,x11,date_of_birth_distinct_emails_4w,0.043714764445612675,-0.043714764445612675,6
balance_gate | XGBoost | class_weight,device_os,x11,days_since_request,0.02472092066115389,-0.0007465786611040431,6
balance_gate | XGBoost | class_weight,employment_status,CA,phone_home_valid,0.37920426072672103,-0.006713117308173885,1170
balance_gate | XGBoost | class_weight,employment_status,CA,device_os_windows,0.3176523804031255,0.009672982421362414,1170
balance_gate | XGBoost | class_weight,employment_status,CA,prev_address_months_count,0.3115283585077251,-0.08113368789614232,1170
balance_gate | XGBoost | class_weight,employment_status,CA,name_email_similarity,0.3069713724834374,-0.056905462775635136,1170
balance_gate | XGBoost | class_weight,employment_status,CA,has_other_cards,0.2870999388979804,-0.060283618834713705,1170
balance_gate | XGBoost | class_weight,employment_status,CA,keep_alive_session,0.2708390106745915,-0.020555683371505467,1170
balance_gate | XGBoost | class_weight,employment_status,CA,current_address_months_count,0.26864150733640174,-0.02795267421540777,1170
balance_gate | XGBoost | class_weight,employment_status,CA,housing_status_BA,0.2528835807444735,0.07585386910660263,1170
balance_gate | XGBoost | class_weight,employment_status,CA,email_is_free,0.23332570726995489,-0.0019126559285403244,1170
balance_gate | XGBoost | class_weight,employment_status,CA,income,0.2189163381202285,0.007038742445663523,1170
balance_gate | XGBoost | class_weight,employment_status,CA,intended_balcon_amount,0.21529228967717975,0.03196171914726574,1170
balance_gate | XGBoost | class_weight,employment_status,CA,bank_branch_count_8w,0.16774345729532344,0.004175604516233845,1170
balance_gate | XGBoost | class_weight,employment_status,CA,credit_risk_score,0.11349479659366257,0.005541631605858223,1170
balance_gate | XGBoost | class_weight,employment_status,CA,housing_status_BE,0.1066883275567914,0.0007542409287063151,1170
balance_gate | XGBoost | class_weight,employment_status,CA,velocity_4w,0.09660206880948892,-0.00036730528967733524,1170
balance_gate | XGBoost | class_weight,employment_status,CA,customer_age,0.08929787014689497,0.004590979885389286,1170
balance_gate | XGBoost | class_weight,employment_status,CA,date_of_birth_distinct_emails_4w,0.08844670105399938,0.0010075190798292432,1170
balance_gate | XGBoost | class_weight,employment_status,CA,employment_status_CA,0.06997844283818454,0.06997844283818454,1170
balance_gate | XGBoost | class_weight,employment_status,CA,device_os_linux,0.06701601791991524,-0.006001013967426969,1170
balance_gate | XGBoost | class_weight,employment_status,CA,days_since_request,0.06663317799603598,-0.003679400345337434,1170
balance_gate | XGBoost | class_weight,employment_status,CB,phone_home_valid,0.3588468234672412,-0.04376230946632596,166
balance_gate | XGBoost | class_weight,employment_status,CB,name_email_similarity,0.31008469553262485,0.022173954558261405,166
balance_gate | XGBoost | class_weight,employment_status,CB,device_os_windows,0.2902925897665295,-0.026081420373888994,166
balance_gate | XGBoost | class_weight,employment_status,CB,keep_alive_session,0.2737258145141174,0.0063388956535336835,166
balance_gate | XGBoost | class_weight,employment_status,CB,has_other_cards,0.2642700531713358,-0.04069897931200891,166
balance_gate | XGBoost | class_weight,employment_status,CB,prev_address_months_count,0.2588553020702072,0.015617846104955299,166
balance_gate | XGBoost | class_weight,employment_status,CB,housing_status_BA,0.24888372087519456,0.07389567816331954,166
balance_gate | XGBoost | class_weight,employment_status,CB,current_address_months_count,0.240816122102609,-0.004324395790472075,166
balance_gate | XGBoost | class_weight,employment_status,CB,email_is_free,0.2353768311331314,0.008266712296107176,166
balance_gate | XGBoost | class_weight,employment_status,CB,employment_status_CA,0.23525001699086853,-0.23525001699086853,166
balance_gate | XGBoost | class_weight,employment_status,CB,income,0.2325932131955366,0.03916521815341864,166
balance_gate | XGBoost | class_weight,employment_status,CB,intended_balcon_amount,0.20932298319478426,0.0025619829006890034,166
balance_gate | XGBoost | class_weight,employment_status,CB,bank_branch_count_8w,0.15636540634113333,-0.0469028921973231,166
balance_gate | XGBoost | class_weight,employment_status,CB,date_of_birth_distinct_emails_4w,0.1078888038094913,0.00806874030693967,166
balance_gate | XGBoost | class_weight,employment_status,CB,credit_risk_score,0.10054076229169699,-0.014551998171581905,166
balance_gate | XGBoost | class_weight,employment_status,CB,velocity_4w,0.09538210636096325,0.01391630701963714,166
balance_gate | XGBoost | class_weight,employment_status,CB,housing_status_BE,0.09089850257951711,0.02774348680377399,166
balance_gate | XGBoost | class_weight,employment_status,CB,customer_age,0.08594741470519529,0.015716458653434354,166
balance_gate | XGBoost | class_weight,employment_status,CB,device_os_linux,0.0691555617810441,-0.003962679706303141,166
balance_gate | XGBoost | class_weight,employment_status,CB,days_since_request,0.06882131122150327,-0.0022893246236107877,166
balance_gate | XGBoost | class_weight,employment_status,CC,phone_home_valid,0.4135626856911888,-0.24176003872950488,51
balance_gate | XGBoost | class_weight,employment_status,CC,device_os_windows,0.3727623122187066,0.12068776948977829,51
balance_gate | XGBoost | class_weight,employment_status,CC,date_of_birth_distinct_emails_4w,0.316860879192599,0.2920272663220827,51
balance_gate | XGBoost | class_weight,employment_status,CC,has_other_cards,0.31024351265842975,-0.08618660894532998,51
balance_gate | XGBoost | class_weight,employment_status,CC,customer_age,0.30568955433124095,0.2970992276109652,51
balance_gate | XGBoost | class_weight,employment_status,CC,housing_status_BA,0.2709700806804832,0.10892471623248604,51
balance_gate | XGBoost | class_weight,employment_status,CC,name_email_similarity,0.2696253806268842,-0.032699307510560806,51
balance_gate | XGBoost | class_weight,employment_status,CC,keep_alive_session,0.2680345288165228,0.019884006746190907,51
balance_gate | XGBoost | class_weight,employment_status,CC,email_is_free,0.22277569041825948,-0.014091772931735214,51
balance_gate | XGBoost | class_weight,employment_status,CC,prev_address_months_count,0.21778674566209794,0.05926331597677084,51
balance_gate | XGBoost | class_weight,employment_status,CC,current_address_months_count,0.21242256781605057,0.05111557219108434,51
balance_gate | XGBoost | class_weight,employment_status,CC,income,0.21009501964882174,-0.01697281042519071,51
balance_gate | XGBoost | class_weight,employment_status,CC,intended_balcon_amount,0.20141648878599058,0.06300423967645175,51
balance_gate | XGBoost | class_weight,employment_status,CC,bank_branch_count_8w,0.16409250033040096,0.031129530351312242,51
balance_gate | XGBoost | class_weight,employment_status,CC,employment_status_CA,0.11953118452133484,-0.11953118452133484,51
balance_gate | XGBoost | class_weight,employment_status,CC,velocity_4w,0.10634527795877324,-0.010754310536933334,51
balance_gate | XGBoost | class_weight,employment_status,CC,device_os_linux,0.10601799153793585,-0.035485535372235796,51
balance_gate | XGBoost | class_weight,employment_status,CC,credit_risk_score,0.10033054571203298,-0.006032772246884028,51
balance_gate | XGBoost | class_weight,employment_status,CC,days_since_request,0.09131124206996687,-0.000265950958436245,51
balance_gate | XGBoost | class_weight,employment_status,CC,housing_status_BE,0.06913832818199057,0.06913832818199057,51
balance_gate | XGBoost | class_weight,employment_status,CD,phone_home_valid,0.34975667462643256,0.017368998418743217,27
balance_gate | XGBoost | class_weight,employment_status,CD,name_email_similarity,0.3177745541816801,-0.08930642889459028,27
balance_gate | XGBoost | class_weight,employment_status,CD,device_os_windows,0.2866723565560662,-0.047482865619542146,27
balance_gate | XGBoost | class_weight,employment_status,CD,prev_address_months_count,0.27740593834126936,-0.012547919679825471,27
balance_gate | XGBoost | class_weight,employment_status,CD,current_address_months_count,0.27699161116112475,-0.059971472914341434,27
balance_gate | XGBoost | class_weight,employment_status,CD,income,0.27214006917792616,-0.09722061005610695,27
balance_gate | XGBoost | class_weight,employment_status,CD,keep_alive_session,0.2692563820099113,-0.039084713570859825,27
balance_gate | XGBoost | class_weight,employment_status,CD,employment_status_CA,0.2609289353469083,-0.2609289353469083,27
balance_gate | XGBoost | class_weight,employment_status,CD,has_other_cards,0.2513339830842731,-0.02282377714377448,27
balance_gate | XGBoost | class_weight,employment_status,CD,email_is_free,0.23356960775627225,-0.015536661186368421,27
balance_gate | XGBoost | class_weight,employment_status,CD,intended_balcon_amount,0.19801552228069072,0.010884501181404896,27
balance_gate | XGBoost | class_weight,employment_status,CD,bank_branch_count_8w,0.1755574775101936,0.019672161392820135,27
balance_gate | XGBoost | class_weight,employment_status,CD,customer_age,0.12021906764840455,0.04740934473704935,27
balance_gate | XGBoost | class_weight,employment_status,CD,housing_status_BA,0.10969487114473143,-0.10969487114473143,27
balance_gate | XGBoost | class_weight,employment_status,CD,velocity_4w,0.10591666229274035,0.00396925237312206,27
balance_gate | XGBoost | class_weight,employment_status,CD,housing_status_BE,0.08204415815451219,0.02744827635577638,27
balance_gate | XGBoost | class_weight,employment_status,CD,device_os_linux,0.07992036306189322,-0.026797551073897113,27
balance_gate | XGBoost | class_weight,employment_status,CD,date_of_birth_distinct_emails_4w,0.07802171160404449,-0.012432412380951944,27
balance_gate | XGBoost | class_weight,employment_status,CD,credit_risk_score,0.06792156168535628,-0.06688596265166308,27
balance_gate | XGBoost | class_weight,employment_status,CD,days_since_request,0.06508996206901631,-0.0056782784607343284,27
balance_gate | XGBoost | class_weight,employment_status,CE,prev_address_months_count,0.39666973621542634,-0.19193221765068305,32
balance_gate | XGBoost | class_weight,employment_status,CE,phone_home_valid,0.329815987279635,0.003936667073048749,32
balance_gate | XGBoost | class_weight,employment_status,CE,name_email_similarity,0.31987513821572067,-0.04605698930168729,32
balance_gate | XGBoost | class_weight,employment_status,CE,current_address_months_count,0.29147499429655,-0.08220636197662315,32
balance_gate | XGBoost | class_weight,employment_status,CE,keep_alive_session,0.28532074307833677,0.018313798343897368,32
balance_gate | XGBoost | class_weight,employment_status,CE,device_os_windows,0.2731450086489531,-0.05758744581320571,32
balance_gate | XGBoost | class_weight,employment_status,CE,employment_status_CA,0.26318968486788435,-0.26318968486788435,32
balance_gate | XGBoost | class_weight,employment_status,CE,income,0.24790698467320907,-0.1538655039594596,32
balance_gate | XGBoost | class_weight,employment_status,CE,has_other_cards,0.2307386689514897,-0.005173168932778943,32
balance_gate | XGBoost | class_weight,employment_status,CE,intended_balcon_amount,0.2136697061445011,-0.03815205909100769,32
balance_gate | XGBoost | class_weight,employment_status,CE,email_is_free,0.2121246074611156,0.08131846227748268,32
balance_gate | XGBoost | class_weight,employment_status,CE,housing_status_BA,0.18171438948687865,-0.023534576076053783,32
balance_gate | XGBoost | class_weight,employment_status,CE,bank_branch_count_8w,0.1566348117959751,0.008399877303254475,32
balance_gate | XGBoost | class_weight,employment_status,CE,housing_status_BE,0.13155345991768627,-0.054165512340823625,32
balance_gate | XGBoost | class_weight,employment_status,CE,customer_age,0.09375788116079094,-0.046470568986742365,32
balance_gate | XGBoost | class_weight,employment_status,CE,velocity_4w,0.09110347925876339,0.0065904503981619195,32
balance_gate | XGBoost | class_weight,employment_status,CE,credit_risk_score,0.08735255696376043,-0.061433147703974095,32
balance_gate | XGBoost | class_weight,employment_status,CE,days_since_request,0.07340451546788244,0.002118488654996328,32
balance_gate | XGBoost | class_weight,employment_status,CE,date_of_birth_distinct_emails_4w,0.060506038201911,-0.060506038201911,32
balance_gate | XGBoost | class_weight,employment_status,CE,device_os_linux,0.059138334061335625,0.01177512245632897,32
balance_gate | XGBoost | class_weight,employment_status,CF,phone_home_valid,0.38625753940960056,-0.10495508670870035,53
balance_gate | XGBoost | class_weight,employment_status,CF,name_email_similarity,0.32088740237150015,-0.00738205683147996,53
balance_gate | XGBoost | class_weight,employment_status,CF,prev_address_months_count,0.2743178564033038,-0.010070974867860134,53
balance_gate | XGBoost | class_weight,employment_status,CF,device_os_windows,0.27044055152649304,-0.08111003457674018,53
balance_gate | XGBoost | class_weight,employment_status,CF,keep_alive_session,0.27012717606431147,-0.03353603640256586,53
balance_gate | XGBoost | class_weight,employment_status,CF,current_address_months_count,0.26916938902819554,-0.015237180864178124,53
balance_gate | XGBoost | class_weight,employment_status,CF,employment_status_CA,0.2560388181121023,-0.2560388181121023,53
balance_gate | XGBoost | class_weight,employment_status,CF,income,0.22183582616073766,-0.046757601111477136,53
balance_gate | XGBoost | class_weight,employment_status,CF,email_is_free,0.220665393142292,-0.005031607161726466,53
balance_gate | XGBoost | class_weight,employment_status,CF,has_other_cards,0.2123030844597884,-0.0030372551545711623,53
balance_gate | XGBoost | class_weight,employment_status,CF,intended_balcon_amount,0.18506172472690152,0.08554937113783725,53
balance_gate | XGBoost | class_weight,employment_status,CF,bank_branch_count_8w,0.15845921017778686,-0.01852659044233766,53
balance_gate | XGBoost | class_weight,employment_status,CF,housing_status_BA,0.1376057479132345,-0.07445611071261085,53
balance_gate | XGBoost | class_weight,employment_status,CF,credit_risk_score,0.1027949121537759,-0.030444589320269316,53
balance_gate | XGBoost | class_weight,employment_status,CF,velocity_4w,0.0938083688378936,-0.009565155256532997,53
balance_gate | XGBoost | class_weight,employment_status,CF,date_of_birth_distinct_emails_4w,0.08874014793094555,-0.019287509126863264,53
balance_gate | XGBoost | class_weight,employment_status,CF,days_since_request,0.0875991017517045,-0.034710675333077444,53
balance_gate | XGBoost | class_weight,employment_status,CF,device_os_linux,0.08236636291733584,-0.028657486935460247,53
balance_gate | XGBoost | class_weight,employment_status,CF,housing_status_BE,0.07088418015240437,0.046126194225332054,53
balance_gate | XGBoost | class_weight,employment_status,CF,customer_age,0.055817623813433435,0.009181135937287076,53
balance_gate | XGBoost | class_weight,employment_status,CG,has_other_cards,0.6779964136402122,-0.6779964136402122,1
balance_gate | XGBoost | class_weight,employment_status,CG,phone_home_valid,0.532126842055004,-0.532126842055004,1
balance_gate | XGBoost | class_weight,employment_status,CG,income,0.43004648944945073,0.43004648944945073,1
balance_gate | XGBoost | class_weight,employment_status,CG,date_of_birth_distinct_emails_4w,0.4256162993237376,0.4256162993237376,1
balance_gate | XGBoost | class_weight,employment_status,CG,bank_branch_count_8w,0.24612106994027272,0.24612106994027272,1
balance_gate | XGBoost | class_weight,employment_status,CG,name_email_similarity,0.2275362313154619,-0.2275362313154619,1
balance_gate | XGBoost | class_weight,employment_status,CG,keep_alive_session,0.21632900765980595,-0.21632900765980595,1
balance_gate | XGBoost | class_weight,employment_status,CG,device_os_linux,0.2099960603576619,-0.2099960603576619,1
balance_gate | XGBoost | class_weight,employment_status,CG,device_os_windows,0.20860689144814387,-0.20860689144814387,1
balance_gate | XGBoost | class_weight,employment_status,CG,email_is_free,0.18514937785628718,-0.18514937785628718,1
balance_gate | XGBoost | class_weight,employment_status,CG,customer_age,0.1656594729734934,0.1656594729734934,1
balance_gate | XGBoost | class_weight,employment_status,CG,intended_balcon_amount,0.14983333500218576,0.14983333500218576,1
balance_gate | XGBoost | class_weight,employment_status,CG,days_since_request,0.13870579726528376,-0.13870579726528376,1
balance_gate | XGBoost | class_weight,employment_status,CG,prev_address_months_count,0.12820787808741443,0.12820787808741443,1
balance_gate | XGBoost | class_weight,employment_status,CG,velocity_4w,0.12358226309297607,0.12358226309297607,1
balance_gate | XGBoost | class_weight,employment_status,CG,employment_status_CA,0.11359165376983583,-0.11359165376983583,1
balance_gate | XGBoost | class_weight,employment_status,CG,housing_status_BA,0.09648837241576985,-0.09648837241576985,1
balance_gate | XGBoost | class_weight,employment_status,CG,current_address_months_count,0.06700837553828023,0.06700837553828023,1
balance_gate | XGBoost | class_weight,employment_status,CG,housing_status_BE,0.05170398370595649,0.05170398370595649,1
balance_gate | XGBoost | class_weight,employment_status,CG,credit_risk_score,0.0012302796612493694,-0.0012302796612493694,1
balance_gate | XGBoost | class_weight,payment_type,AA,phone_home_valid,0.37027599152064594,-0.05493003972110841,415
balance_gate | XGBoost | class_weight,payment_type,AA,has_other_cards,0.3357807101944485,-0.1334805444977618,415
balance_gate | XGBoost | class_weight,payment_type,AA,intended_balcon_amount,0.3237749804096185,-0.3010179567015569,415
balance_gate | XGBoost | class_weight,payment_type,AA,name_email_similarity,0.305147153506606,-0.05087494551927673,415
balance_gate | XGBoost | class_weight,payment_type,AA,prev_address_months_count,0.297133143929914,-0.05809359773320317,415
balance_gate | XGBoost | class_weight,payment_type,AA,device_os_windows,0.29095201644390617,-0.030596278472105047,415
balance_gate | XGBoost | class_weight,payment_type,AA,current_address_months_count,0.25923339479976176,-0.019853653341101854,415
balance_gate | XGBoost | class_weight,payment_type,AA,keep_alive_session,0.2459823721874139,-0.021078753395154037,415
balance_gate | XGBoost | class_weight,payment_type,AA,housing_status_BA,0.2416048100403263,0.06953037127884419,415
balance_gate | XGBoost | class_weight,payment_type,AA,email_is_free,0.2199432205330319,0.011116299354759497,415
balance_gate | XGBoost | class_weight,payment_type,AA,income,0.19473252376138248,0.009840811401318076,415
balance_gate | XGBoost | class_weight,payment_type,AA,bank_branch_count_8w,0.1582095071151376,-0.06659847902799733,415
balance_gate | XGBoost | class_weight,payment_type,AA,housing_status_BE,0.11026625513211201,-0.00043439118880413737,415
balance_gate | XGBoost | class_weight,payment_type,AA,customer_age,0.10726942440084003,0.023051291563418407,415
balance_gate | XGBoost | class_weight,payment_type,AA,employment_status_CA,0.09616133518512704,-0.004983061593839078,415
balance_gate | XGBoost | class_weight,payment_type,AA,credit_risk_score,0.09484989080594428,-0.031825755426231686,415
balance_gate | XGBoost | class_weight,payment_type,AA,velocity_4w,0.09457452467079724,-0.006948152408441417,415
balance_gate | XGBoost | class_weight,payment_type,AA,date_of_birth_distinct_emails_4w,0.09231833329307426,0.013260151113802845,415
balance_gate | XGBoost | class_weight,payment_type,AA,device_os_linux,0.07916460464700373,-0.001653838699567132,415
balance_gate | XGBoost | class_weight,payment_type,AA,days_since_request,0.07202028081370013,0.012775690823389464,415
balance_gate | XGBoost | class_weight,payment_type,AB,phone_home_valid,0.3907832943347799,-0.05328775954978318,575
balance_gate | XGBoost | class_weight,payment_type,AB,device_os_windows,0.3267765997349581,0.038587319794271914,575
balance_gate | XGBoost | class_weight,payment_type,AB,name_email_similarity,0.31887654341371613,-0.018354127699926337,575
balance_gate | XGBoost | class_weight,payment_type,AB,prev_address_months_count,0.29848917905077005,-0.05664797464928377,575
balance_gate | XGBoost | class_weight,payment_type,AB,keep_alive_session,0.2766460367548528,-0.02085416286394516,575
balance_gate | XGBoost | class_weight,payment_type,AB,has_other_cards,0.26786402883953897,-0.032590810170559883,575
balance_gate | XGBoost | class_weight,payment_type,AB,current_address_months_count,0.2623557478666098,-0.019650127167147882,575
balance_gate | XGBoost | class_weight,payment_type,AB,housing_status_BA,0.24612892918775425,0.06828705275392807,575
balance_gate | XGBoost | class_weight,payment_type,AB,email_is_free,0.23551289471738612,-0.0043940030226647196,575
balance_gate | XGBoost | class_weight,payment_type,AB,income,0.2263733369139803,-0.004672341454700241,575
balance_gate | XGBoost | class_weight,payment_type,AB,intended_balcon_amount,0.17677676811059734,0.1637577664846939,575
balance_gate | XGBoost | class_weight,payment_type,AB,bank_branch_count_8w,0.1328047924032121,-0.08660716560466883,575
balance_gate | XGBoost | class_weight,payment_type,AB,credit_risk_score,0.11395974041091825,0.011169899080826334,575
balance_gate | XGBoost | class_weight,payment_type,AB,employment_status_CA,0.10601334282044984,0.007631349075994828,575
balance_gate | XGBoost | class_weight,payment_type,AB,date_of_birth_distinct_emails_4w,0.10278841491976914,0.010538735420819697,575
balance_gate | XGBoost | class_weight,payment_type,AB,housing_status_BE,0.10104409847910131,0.014068520755625492,575
balance_gate | XGBoost | class_weight,payment_type,AB,velocity_4w,0.0979149009072647,0.007320274658015241,575
balance_gate | XGBoost | class_weight,payment_type,AB,customer_age,0.093908980182986,0.021362951772257624,575
balance_gate | XGBoost | class_weight,payment_type,AB,days_since_request,0.06998987309376548,-0.023826488302765493,575
balance_gate | XGBoost | class_weight,payment_type,AB,device_os_linux,0.06405789619765963,-0.007941397837633975,575
balance_gate | XGBoost | class_weight,payment_type,AC,phone_home_valid,0.3677130367418574,0.034967704070016245,381
balance_gate | XGBoost | class_weight,payment_type,AC,device_os_windows,0.3209317849456592,-0.007017017997099263,381
balance_gate | XGBoost | class_weight,payment_type,AC,prev_address_months_count,0.3121501367148993,-0.08237248893081806,381
balance_gate | XGBoost | class_weight,payment_type,AC,keep_alive_session,0.2897492086510927,0.006810054324994019,381
balance_gate | XGBoost | class_weight,payment_type,AC,name_email_similarity,0.2894278581008918,-0.08019170747753943,381
balance_gate | XGBoost | class_weight,payment_type,AC,current_address_months_count,0.2762350786753424,-0.021392254512283455,381
balance_gate | XGBoost | class_weight,payment_type,AC,has_other_cards,0.25129817287507283,-0.018847985295597173,381
balance_gate | XGBoost | class_weight,payment_type,AC,income,0.24300102962651368,-0.009908793640612958,381
balance_gate | XGBoost | class_weight,payment_type,AC,email_is_free,0.24073296262947363,-0.012933774129364875,381
balance_gate | XGBoost | class_weight,payment_type,AC,housing_status_BA,0.23771071328464685,0.04724981846755647,381
balance_gate | XGBoost | class_weight,payment_type,AC,bank_branch_count_8w,0.23541759444339558,0.22333338469628666,381
balance_gate | XGBoost | class_weight,payment_type,AC,intended_balcon_amount,0.15816613979836538,0.14892239092900833,381
balance_gate | XGBoost | class_weight,payment_type,AC,credit_risk_score,0.11211011096393844,0.006020767215448841,381
balance_gate | XGBoost | class_weight,payment_type,AC,employment_status_CA,0.1072064816939629,0.013547689357569736,381
balance_gate | XGBoost | class_weight,payment_type,AC,date_of_birth_distinct_emails_4w,0.09938365298898458,0.015857315573249636,381
balance_gate | XGBoost | class_weight,payment_type,AC,velocity_4w,0.09687254608408494,-0.00043371482759749393,381
balance_gate | XGBoost | class_weight,payment_type,AC,housing_status_BE,0.09255305234692672,0.009094885124771775,381
balance_gate | XGBoost | class_weight,payment_type,AC,customer_age,0.08760450025659246,0.0038319357267392723,381
balance_gate | XGBoost | class_weight,payment_type,AC,device_os_linux,0.06856377963816046,-0.01224834932040318,381
balance_gate | XGBoost | class_weight,payment_type,AC,days_since_request,0.06635330026609526,0.010335850663887388,381
balance_gate | XGBoost | class_weight,payment_type,AD,phone_home_valid,0.3642858178931919,0.054116247667179776,128
balance_gate | XGBoost | class_weight,payment_type,AD,name_email_similarity,0.3120352607247969,-0.05172623942712562,128
balance_gate | XGBoost | class_weight,payment_type,AD,prev_address_months_count,0.30316647558522164,-0.05775444493310715,128
balance_gate | XGBoost | class_weight,payment_type,AD,device_os_windows,0.30287471126306625,-0.008712623291794439,128
balance_gate | XGBoost | class_weight,payment_type,AD,keep_alive_session,0.27424603143039117,-0.051356605935282004,128
balance_gate | XGBoost | class_weight,payment_type,AD,housing_status_BA,0.27124066005509123,0.09990983641350794,128
balance_gate | XGBoost | class_weight,payment_type,AD,current_address_months_count,0.2505552466239442,-0.05946829664932011,128
balance_gate | XGBoost | class_weight,payment_type,AD,has_other_cards,0.24981402751295262,-0.010801805859523492,128
balance_gate | XGBoost | class_weight,payment_type,AD,email_is_free,0.23292349829915737,0.02467089404517253,128
balance_gate | XGBoost | class_weight,payment_type,AD,income,0.22860615396753473,0.05276743845300644,128
balance_gate | XGBoost | class_weight,payment_type,AD,intended_balcon_amount,0.17533665715265212,0.14960255768946354,128
balance_gate | XGBoost | class_weight,payment_type,AD,credit_risk_score,0.13277167719363436,0.02297416802370435,128
balance_gate | XGBoost | class_weight,payment_type,AD,bank_branch_count_8w,0.13226478830610175,-0.07218389631947503,128
balance_gate | XGBoost | class_weight,payment_type,AD,housing_status_BE,0.1133483403057926,-0.007015691122223868,128
balance_gate | XGBoost | class_weight,payment_type,AD,employment_status_CA,0.11256886905158127,0.0003171824629384914,128
balance_gate | XGBoost | class_weight,payment_type,AD,velocity_4w,0.09833771590658671,-4.914404239570597e-06,128
balance_gate | XGBoost | class_weight,payment_type,AD,customer_age,0.09150306978690423,0.0028880210098759605,128
balance_gate | XGBoost | class_weight,payment_type,AD,date_of_birth_distinct_emails_4w,0.08905295695328733,-0.023569930870949066,128
balance_gate | XGBoost | class_weight,payment_type,AD,device_os_linux,0.06288070742932633,-0.013344516720012505,128
balance_gate | XGBoost | class_weight,payment_type,AD,days_since_request,0.05862589177188056,-0.01808257103326469,128
balance_gate | XGBoost | class_weight,payment_type,AE,prev_address_months_count,0.7396861396380701,-0.7396861396380701,1
balance_gate | XGBoost | class_weight,payment_type,AE,has_other_cards,0.6062806218990591,-0.6062806218990591,1
balance_gate | XGBoost | class_weight,payment_type,AE,current_address_months_count,0.5054997157421894,-0.5054997157421894,1
balance_gate | XGBoost | class_weight,payment_type,AE,bank_branch_count_8w,0.338347613872611,0.338347613872611,1
balance_gate | XGBoost | class_weight,payment_type,AE,intended_balcon_amount,0.33613959214882927,-0.33613959214882927,1
balance_gate | XGBoost | class_weight,payment_type,AE,keep_alive_session,0.2710479891274008,0.2710479891274008,1
balance_gate | XGBoost | class_weight,payment_type,AE,phone_home_valid,0.23839054215932265,0.23839054215932265,1
balance_gate | XGBoost | class_weight,payment_type,AE,name_email_similarity,0.229337141480064,-0.229337141480064,1
balance_gate | XGBoost | class_weight,payment_type,AE,device_os_windows,0.19087814439670184,-0.19087814439670184,1
balance_gate | XGBoost | class_weight,payment_type,AE,email_is_free,0.1701562200242188,-0.1701562200242188,1
balance_gate | XGBoost | class_weight,payment_type,AE,velocity_4w,0.1067829144676216,0.1067829144676216,1
balance_gate | XGBoost | class_weight,payment_type,AE,income,0.1019395644729957,-0.1019395644729957,1
balance_gate | XGBoost | class_weight,payment_type,AE,customer_age,0.1019244805094786,-0.1019244805094786,1
balance_gate | XGBoost | class_weight,payment_type,AE,housing_status_BA,0.09745954912970774,-0.09745954912970774,1
balance_gate | XGBoost | class_weight,payment_type,AE,credit_risk_score,0.07577861968631623,-0.07577861968631623,1
balance_gate | XGBoost | class_weight,payment_type,AE,device_os_linux,0.06303974274545908,0.06303974274545908,1
balance_gate | XGBoost | class_weight,payment_type,AE,employment_status_CA,0.05406054800958373,0.05406054800958373,1
balance_gate | XGBoost | class_weight,payment_type,AE,date_of_birth_distinct_emails_4w,0.044312905494589355,-0.044312905494589355,1
balance_gate | XGBoost | class_weight,payment_type,AE,housing_status_BE,0.04186491761822254,0.04186491761822254,1
balance_gate | XGBoost | class_weight,payment_type,AE,days_since_request,0.012545809857547283,0.012545809857547283,1
balance_gate | XGBoost | class_weight,source,INTERNET,phone_home_valid,0.37677272447545135,-0.020716110874348406,1485
balance_gate | XGBoost | class_weight,source,INTERNET,device_os_windows,0.3140089075907883,0.0051809308383330525,1485
balance_gate | XGBoost | class_weight,source,INTERNET,name_email_similarity,0.30701517262326233,-0.04543783889250632,1485
balance_gate | XGBoost | class_weight,source,INTERNET,prev_address_months_count,0.30202893286600696,-0.06381960084857904,1485
balance_gate | XGBoost | class_weight,source,INTERNET,has_other_cards,0.28030475542050565,-0.05443413676046431,1485
balance_gate | XGBoost | class_weight,source,INTERNET,keep_alive_session,0.2707317974028924,-0.019753008845339447,1485
balance_gate | XGBoost | class_weight,source,INTERNET,current_address_months_count,0.26425696557668166,-0.02444764665076713,1485
balance_gate | XGBoost | class_weight,source,INTERNET,housing_status_BA,0.24449271120580054,0.06565139876783006,1485
balance_gate | XGBoost | class_weight,source,INTERNET,email_is_free,0.23203185872799326,-0.0005429271357915951,1485
balance_gate | XGBoost | class_weight,source,INTERNET,income,0.2223662052448958,0.004187255366646564,1485
balance_gate | XGBoost | class_weight,source,INTERNET,intended_balcon_amount,0.21319964590419518,0.029475747354982634,1485
balance_gate | XGBoost | class_weight,source,INTERNET,bank_branch_count_8w,0.16550360580924067,-0.0025530394700799537,1485
balance_gate | XGBoost | class_weight,source,INTERNET,credit_risk_score,0.10976263510986226,-0.0009883010536318583,1485
balance_gate | XGBoost | class_weight,source,INTERNET,employment_status_CA,0.10405514576757129,0.005355057105860635,1485
balance_gate | XGBoost | class_weight,source,INTERNET,housing_status_BE,0.10288104494151296,0.006479776827973605,1485
balance_gate | XGBoost | class_weight,source,INTERNET,date_of_birth_distinct_emails_4w,0.09692415864753942,0.008522644068128768,1485
balance_gate | XGBoost | class_weight,source,INTERNET,velocity_4w,0.09672638900115338,0.0009177056005089747,1485
balance_gate | XGBoost | class_weight,source,INTERNET,customer_age,0.09540068550618336,0.014863748442645808,1485
balance_gate | XGBoost | class_weight,source,INTERNET,device_os_linux,0.06946793862898393,-0.008300073413742566,1485
balance_gate | XGBoost | class_weight,source,INTERNET,days_since_request,0.06826619480795801,-0.005106451901358902,1485
balance_gate | XGBoost | class_weight,source,TELEAPP,phone_home_valid,0.3882051405771248,-0.14566920551622753,15
balance_gate | XGBoost | class_weight,source,TELEAPP,has_other_cards,0.36302196819599086,-0.16462952632627761,15
balance_gate | XGBoost | class_weight,source,TELEAPP,prev_address_months_count,0.32685096546732045,-0.0950329730796705,15
balance_gate | XGBoost | class_weight,source,TELEAPP,keep_alive_session,0.3257616637870476,0.3257616637870476,15
balance_gate | XGBoost | class_weight,source,TELEAPP,name_email_similarity,0.30096095155183383,-0.10632475997868458,15
balance_gate | XGBoost | class_weight,source,TELEAPP,housing_status_BA,0.2735000071141403,0.08806750612931016,15
balance_gate | XGBoost | class_weight,source,TELEAPP,current_address_months_count,0.2557970828494678,0.03325169084578132,15
balance_gate | XGBoost | class_weight,source,TELEAPP,email_is_free,0.25551090245207164,0.06352730435422321,15
balance_gate | XGBoost | class_weight,source,TELEAPP,device_os_windows,0.23815034332444585,-0.14553378411886905,15
balance_gate | XGBoost | class_weight,source,TELEAPP,bank_branch_count_8w,0.2139460305262667,0.1695068698686858,15
balance_gate | XGBoost | class_weight,source,TELEAPP,date_of_birth_distinct_emails_4w,0.1860889658810338,0.12579882096402192,15
balance_gate | XGBoost | class_weight,source,TELEAPP,income,0.1807847238574177,-0.12957944292916607,15
balance_gate | XGBoost | class_weight,source,TELEAPP,intended_balcon_amount,0.163487689114719,0.06794650743055777,15
balance_gate | XGBoost | class_weight,source,TELEAPP,customer_age,0.1357392510585487,0.10033510341200355,15
balance_gate | XGBoost | class_weight,source,TELEAPP,credit_risk_score,0.11176985735543227,-0.010569484622256523,15
balance_gate | XGBoost | class_weight,source,TELEAPP,employment_status_CA,0.11008533805032492,-0.025058339763296914,15
balance_gate | XGBoost | class_weight,source,TELEAPP,days_since_request,0.1036374423215748,0.05471318744501333,15
balance_gate | XGBoost | class_weight,source,TELEAPP,velocity_4w,0.10088391345948913,-0.0064139744326627505,15
balance_gate | XGBoost | class_weight,source,TELEAPP,housing_status_BE,0.05971107920678333,0.05971107920678333,15
balance_gate | XGBoost | class_weight,source,TELEAPP,device_os_linux,0.050752180930537474,0.050752180930537474,15
